2024-12-06 16:51:35,943 [INFO] Parquet files will be saved to './data/output/gen/sf3000' (in table dir).
2024-12-06 16:51:36,607 [INFO] Connected to DuckDB database ':memory:'.
2024-12-06 16:51:36,622 [INFO] Initial tables in the database: set()
2024-12-06 16:51:36,622 [INFO] === Step 1000 ===
2024-12-06 16:51:36,622 [INFO] Generating data with dbgen (sf=3000, children=3000, step=1000)...
2024-12-06 16:51:43,249 [INFO] Data generation completed.
2024-12-06 16:51:43,253 [INFO] New tables generated at step 1000: {'part', 'partsupp', 'region', 'lineitem', 'supplier', 'customer', 'nation', 'orders'}
2024-12-06 16:51:43,253 [INFO] Exporting table 'part' to 's3://output/gen/sf3000_s3/part/part_0001000.parquet'...
2024-12-06 16:52:00,219 [INFO] Successfully exported 'part' to 's3://output/gen/sf3000_s3/part/part_0001000.parquet'.
2024-12-06 16:52:00,219 [INFO] Exporting table 'partsupp' to 's3://output/gen/sf3000_s3/partsupp/partsupp_0001000.parquet'...
2024-12-06 16:53:00,244 [INFO] Successfully exported 'partsupp' to 's3://output/gen/sf3000_s3/partsupp/partsupp_0001000.parquet'.
2024-12-06 16:53:00,244 [INFO] Exporting table 'region' to 's3://output/gen/sf3000_s3/region/region_0001000.parquet'...
2024-12-06 16:53:01,353 [INFO] Successfully exported 'region' to 's3://output/gen/sf3000_s3/region/region_0001000.parquet'.
2024-12-06 16:53:01,354 [INFO] Exporting table 'lineitem' to 's3://output/gen/sf3000_s3/lineitem/lineitem_0001000.parquet'...
2024-12-06 16:56:33,764 [INFO] Successfully exported 'lineitem' to 's3://output/gen/sf3000_s3/lineitem/lineitem_0001000.parquet'.
2024-12-06 16:56:33,764 [INFO] Exporting table 'supplier' to 's3://output/gen/sf3000_s3/supplier/supplier_0001000.parquet'...
2024-12-06 16:56:38,435 [INFO] Successfully exported 'supplier' to 's3://output/gen/sf3000_s3/supplier/supplier_0001000.parquet'.
2024-12-06 16:56:38,435 [INFO] Exporting table 'customer' to 's3://output/gen/sf3000_s3/customer/customer_0001000.parquet'...
2024-12-06 16:56:56,019 [INFO] Successfully exported 'customer' to 's3://output/gen/sf3000_s3/customer/customer_0001000.parquet'.
2024-12-06 16:56:56,019 [INFO] Exporting table 'nation' to 's3://output/gen/sf3000_s3/nation/nation_0001000.parquet'...
2024-12-06 16:56:58,708 [INFO] Successfully exported 'nation' to 's3://output/gen/sf3000_s3/nation/nation_0001000.parquet'.
2024-12-06 16:56:58,708 [INFO] Exporting table 'orders' to 's3://output/gen/sf3000_s3/orders/orders_0001000.parquet'...
2024-12-06 16:59:19,021 [INFO] Successfully exported 'orders' to 's3://output/gen/sf3000_s3/orders/orders_0001000.parquet'.
2024-12-06 16:59:19,026 [INFO] Dropped table 'part' after export.
2024-12-06 16:59:19,131 [INFO] Dropped table 'partsupp' after export.
2024-12-06 16:59:19,137 [INFO] Dropped table 'region' after export.
2024-12-06 16:59:19,251 [INFO] Dropped table 'lineitem' after export.
2024-12-06 16:59:19,252 [INFO] Dropped table 'supplier' after export.
2024-12-06 16:59:19,256 [INFO] Dropped table 'customer' after export.
2024-12-06 16:59:19,256 [INFO] Dropped table 'nation' after export.
2024-12-06 16:59:19,280 [INFO] Dropped table 'orders' after export.
2024-12-06 16:59:19,280 [INFO] === Step 1001 ===
2024-12-06 16:59:19,280 [INFO] Generating data with dbgen (sf=3000, children=3000, step=1001)...
2024-12-06 16:59:25,604 [INFO] Data generation completed.
2024-12-06 16:59:25,606 [INFO] New tables generated at step 1001: {'part', 'partsupp', 'region', 'lineitem', 'supplier', 'customer', 'nation', 'orders'}
2024-12-06 16:59:25,606 [INFO] Exporting table 'part' to 's3://output/gen/sf3000_s3/part/part_0001001.parquet'...
2024-12-06 16:59:36,708 [INFO] Successfully exported 'part' to 's3://output/gen/sf3000_s3/part/part_0001001.parquet'.
2024-12-06 16:59:36,709 [INFO] Exporting table 'partsupp' to 's3://output/gen/sf3000_s3/partsupp/partsupp_0001001.parquet'...
2024-12-06 17:00:32,706 [INFO] Successfully exported 'partsupp' to 's3://output/gen/sf3000_s3/partsupp/partsupp_0001001.parquet'.
2024-12-06 17:00:32,707 [INFO] Exporting table 'region' to 's3://output/gen/sf3000_s3/region/region_0001001.parquet'...
2024-12-06 17:00:37,287 [INFO] Successfully exported 'region' to 's3://output/gen/sf3000_s3/region/region_0001001.parquet'.
2024-12-06 17:00:37,287 [INFO] Exporting table 'lineitem' to 's3://output/gen/sf3000_s3/lineitem/lineitem_0001001.parquet'...
2024-12-06 17:04:19,163 [INFO] Successfully exported 'lineitem' to 's3://output/gen/sf3000_s3/lineitem/lineitem_0001001.parquet'.
2024-12-06 17:04:19,165 [INFO] Exporting table 'supplier' to 's3://output/gen/sf3000_s3/supplier/supplier_0001001.parquet'...
2024-12-06 17:04:28,945 [INFO] Successfully exported 'supplier' to 's3://output/gen/sf3000_s3/supplier/supplier_0001001.parquet'.
2024-12-06 17:04:28,946 [INFO] Exporting table 'customer' to 's3://output/gen/sf3000_s3/customer/customer_0001001.parquet'...
2024-12-06 17:05:00,283 [INFO] Successfully exported 'customer' to 's3://output/gen/sf3000_s3/customer/customer_0001001.parquet'.
2024-12-06 17:05:00,283 [INFO] Exporting table 'nation' to 's3://output/gen/sf3000_s3/nation/nation_0001001.parquet'...
2024-12-06 17:05:04,402 [ERROR] Failed to export table 'nation': Query interrupted
2024-12-06 17:05:04,402 [INFO] Exporting table 'orders' to 's3://output/gen/sf3000_s3/orders/orders_0001001.parquet'...
2024-12-24 15:36:05,437 [INFO] Parquet files will be saved to '/data/output/gen/sf3000' (in table dir).
2024-12-24 15:36:05,491 [INFO] Connected to DuckDB database ':memory:'.
2024-12-24 15:36:05,542 [INFO] Initial tables in the database: set()
2024-12-24 15:36:05,542 [INFO] === Step 0 ===
2024-12-24 15:36:05,542 [INFO] Generating data with dbgen (sf=3000, children=3000, step=0)...
2024-12-24 15:36:17,950 [INFO] Data generation completed.
2024-12-24 15:36:17,965 [INFO] New tables generated at step 0: {'nation', 'customer', 'partsupp', 'supplier', 'region', 'orders', 'part', 'lineitem'}
2024-12-24 15:36:17,965 [INFO] Exporting table 'nation' to '/data/output/gen/sf3000/nation/nation_0000000.parquet'...
2024-12-24 15:36:17,966 [INFO] Successfully exported 'nation' to '/data/output/gen/sf3000/nation/nation_0000000.parquet'.
2024-12-24 15:36:17,966 [INFO] Exporting table 'customer' to '/data/output/gen/sf3000/customer/customer_0000000.parquet'...
2024-12-24 15:36:18,192 [INFO] Successfully exported 'customer' to '/data/output/gen/sf3000/customer/customer_0000000.parquet'.
2024-12-24 15:36:18,192 [INFO] Exporting table 'partsupp' to '/data/output/gen/sf3000/partsupp/partsupp_0000000.parquet'...
2024-12-24 15:36:18,442 [INFO] Successfully exported 'partsupp' to '/data/output/gen/sf3000/partsupp/partsupp_0000000.parquet'.
2024-12-24 15:36:18,442 [INFO] Exporting table 'supplier' to '/data/output/gen/sf3000/supplier/supplier_0000000.parquet'...
2024-12-24 15:36:18,467 [INFO] Successfully exported 'supplier' to '/data/output/gen/sf3000/supplier/supplier_0000000.parquet'.
2024-12-24 15:36:18,467 [INFO] Exporting table 'region' to '/data/output/gen/sf3000/region/region_0000000.parquet'...
2024-12-24 15:36:18,468 [INFO] Successfully exported 'region' to '/data/output/gen/sf3000/region/region_0000000.parquet'.
2024-12-24 15:36:18,469 [INFO] Exporting table 'orders' to '/data/output/gen/sf3000/orders/orders_0000000.parquet'...
2024-12-24 15:36:18,867 [INFO] Successfully exported 'orders' to '/data/output/gen/sf3000/orders/orders_0000000.parquet'.
2024-12-24 15:36:18,867 [INFO] Exporting table 'part' to '/data/output/gen/sf3000/part/part_0000000.parquet'...
2024-12-24 15:36:19,118 [INFO] Successfully exported 'part' to '/data/output/gen/sf3000/part/part_0000000.parquet'.
2024-12-24 15:36:19,119 [INFO] Exporting table 'lineitem' to '/data/output/gen/sf3000/lineitem/lineitem_0000000.parquet'...
2024-12-24 15:36:19,970 [INFO] Successfully exported 'lineitem' to '/data/output/gen/sf3000/lineitem/lineitem_0000000.parquet'.
2024-12-24 15:36:19,971 [INFO] Dropped table 'nation' after export.
2024-12-24 15:36:19,972 [INFO] Dropped table 'customer' after export.
2024-12-24 15:36:19,973 [INFO] Dropped table 'partsupp' after export.
2024-12-24 15:36:19,975 [INFO] Dropped table 'supplier' after export.
2024-12-24 15:36:19,976 [INFO] Dropped table 'region' after export.
2024-12-24 15:36:19,979 [INFO] Dropped table 'orders' after export.
2024-12-24 15:36:19,980 [INFO] Dropped table 'part' after export.
2024-12-24 15:36:19,989 [INFO] Dropped table 'lineitem' after export.
2024-12-24 15:36:19,990 [INFO] === Step 1 ===
2024-12-24 15:36:19,990 [INFO] Generating data with dbgen (sf=3000, children=3000, step=1)...
2024-12-24 15:36:32,684 [INFO] Data generation completed.
2024-12-24 15:36:32,697 [INFO] New tables generated at step 1: {'nation', 'customer', 'partsupp', 'supplier', 'region', 'orders', 'part', 'lineitem'}
2024-12-24 15:36:32,697 [INFO] Exporting table 'nation' to '/data/output/gen/sf3000/nation/nation_0000001.parquet'...
2024-12-24 15:36:32,698 [INFO] Successfully exported 'nation' to '/data/output/gen/sf3000/nation/nation_0000001.parquet'.
2024-12-24 15:36:32,699 [INFO] Exporting table 'customer' to '/data/output/gen/sf3000/customer/customer_0000001.parquet'...
2024-12-24 15:36:32,908 [INFO] Successfully exported 'customer' to '/data/output/gen/sf3000/customer/customer_0000001.parquet'.
2024-12-24 15:36:32,909 [INFO] Exporting table 'partsupp' to '/data/output/gen/sf3000/partsupp/partsupp_0000001.parquet'...
2024-12-24 15:36:33,142 [INFO] Successfully exported 'partsupp' to '/data/output/gen/sf3000/partsupp/partsupp_0000001.parquet'.
2024-12-24 15:36:33,143 [INFO] Exporting table 'supplier' to '/data/output/gen/sf3000/supplier/supplier_0000001.parquet'...
2024-12-24 15:36:33,164 [INFO] Successfully exported 'supplier' to '/data/output/gen/sf3000/supplier/supplier_0000001.parquet'.
2024-12-24 15:36:33,164 [INFO] Exporting table 'region' to '/data/output/gen/sf3000/region/region_0000001.parquet'...
2024-12-24 15:36:33,165 [INFO] Successfully exported 'region' to '/data/output/gen/sf3000/region/region_0000001.parquet'.
2024-12-24 15:36:33,165 [INFO] Exporting table 'orders' to '/data/output/gen/sf3000/orders/orders_0000001.parquet'...
2024-12-24 15:36:33,459 [INFO] Successfully exported 'orders' to '/data/output/gen/sf3000/orders/orders_0000001.parquet'.
2024-12-24 15:36:33,459 [INFO] Exporting table 'part' to '/data/output/gen/sf3000/part/part_0000001.parquet'...
2024-12-24 15:36:33,666 [INFO] Successfully exported 'part' to '/data/output/gen/sf3000/part/part_0000001.parquet'.
2024-12-24 15:36:33,666 [INFO] Exporting table 'lineitem' to '/data/output/gen/sf3000/lineitem/lineitem_0000001.parquet'...
2024-12-24 15:36:34,398 [INFO] Successfully exported 'lineitem' to '/data/output/gen/sf3000/lineitem/lineitem_0000001.parquet'.
2024-12-24 15:36:34,399 [INFO] Dropped table 'nation' after export.
2024-12-24 15:36:34,400 [INFO] Dropped table 'customer' after export.
2024-12-24 15:36:34,401 [INFO] Dropped table 'partsupp' after export.
2024-12-24 15:36:34,401 [INFO] Dropped table 'supplier' after export.
2024-12-24 15:36:34,402 [INFO] Dropped table 'region' after export.
2024-12-24 15:36:34,403 [INFO] Dropped table 'orders' after export.
2024-12-24 15:36:34,404 [INFO] Dropped table 'part' after export.
2024-12-24 15:36:34,414 [INFO] Dropped table 'lineitem' after export.
2024-12-24 15:36:34,414 [INFO] === Step 2 ===
2024-12-24 15:36:34,414 [INFO] Generating data with dbgen (sf=3000, children=3000, step=2)...
2024-12-24 15:36:46,828 [ERROR] dbgen failed at step 2: Query interrupted
2024-12-24 15:36:46,828 [INFO] === Step 3 ===
2024-12-24 15:36:46,828 [INFO] Generating data with dbgen (sf=3000, children=3000, step=3)...
2024-12-24 15:36:58,800 [ERROR] dbgen failed at step 3: Query interrupted
2024-12-24 15:36:58,800 [INFO] === Step 4 ===
2024-12-24 15:36:58,800 [INFO] Generating data with dbgen (sf=3000, children=3000, step=4)...
2024-12-24 15:37:11,055 [ERROR] dbgen failed at step 4: Query interrupted
2024-12-24 15:37:11,055 [INFO] === Step 5 ===
2024-12-24 15:37:11,055 [INFO] Generating data with dbgen (sf=3000, children=3000, step=5)...
2024-12-24 15:38:19,534 [INFO] Parquet files will be saved to '/home/jeroen/data/gen/sf3000' (in table dir).
2024-12-24 15:38:19,589 [INFO] Connected to DuckDB database ':memory:'.
2024-12-24 15:38:19,643 [INFO] Initial tables in the database: set()
2024-12-24 15:38:19,643 [INFO] === Step 0 ===
2024-12-24 15:38:19,644 [INFO] Generating data with dbgen (sf=3000, children=3000, step=0)...
2024-12-24 15:38:32,247 [INFO] Data generation completed.
2024-12-24 15:38:32,262 [INFO] New tables generated at step 0: {'nation', 'customer', 'partsupp', 'region', 'orders', 'part', 'supplier', 'lineitem'}
2024-12-24 15:38:32,262 [INFO] Exporting table 'nation' to '/home/jeroen/data/gen/sf3000/nation/nation_0000000.parquet'...
2024-12-24 15:38:32,263 [INFO] Successfully exported 'nation' to '/home/jeroen/data/gen/sf3000/nation/nation_0000000.parquet'.
2024-12-24 15:38:32,263 [INFO] Exporting table 'customer' to '/home/jeroen/data/gen/sf3000/customer/customer_0000000.parquet'...
2024-12-24 15:38:32,485 [INFO] Successfully exported 'customer' to '/home/jeroen/data/gen/sf3000/customer/customer_0000000.parquet'.
2024-12-24 15:38:32,485 [INFO] Exporting table 'partsupp' to '/home/jeroen/data/gen/sf3000/partsupp/partsupp_0000000.parquet'...
2024-12-24 15:38:32,735 [INFO] Successfully exported 'partsupp' to '/home/jeroen/data/gen/sf3000/partsupp/partsupp_0000000.parquet'.
2024-12-24 15:38:32,735 [INFO] Exporting table 'region' to '/home/jeroen/data/gen/sf3000/region/region_0000000.parquet'...
2024-12-24 15:38:32,737 [INFO] Successfully exported 'region' to '/home/jeroen/data/gen/sf3000/region/region_0000000.parquet'.
2024-12-24 15:38:32,737 [INFO] Exporting table 'orders' to '/home/jeroen/data/gen/sf3000/orders/orders_0000000.parquet'...
2024-12-24 15:38:33,104 [INFO] Successfully exported 'orders' to '/home/jeroen/data/gen/sf3000/orders/orders_0000000.parquet'.
2024-12-24 15:38:33,104 [INFO] Exporting table 'part' to '/home/jeroen/data/gen/sf3000/part/part_0000000.parquet'...
2024-12-24 15:38:33,339 [INFO] Successfully exported 'part' to '/home/jeroen/data/gen/sf3000/part/part_0000000.parquet'.
2024-12-24 15:38:33,339 [INFO] Exporting table 'supplier' to '/home/jeroen/data/gen/sf3000/supplier/supplier_0000000.parquet'...
2024-12-24 15:38:33,358 [INFO] Successfully exported 'supplier' to '/home/jeroen/data/gen/sf3000/supplier/supplier_0000000.parquet'.
2024-12-24 15:38:33,358 [INFO] Exporting table 'lineitem' to '/home/jeroen/data/gen/sf3000/lineitem/lineitem_0000000.parquet'...
2024-12-24 15:38:34,368 [INFO] Successfully exported 'lineitem' to '/home/jeroen/data/gen/sf3000/lineitem/lineitem_0000000.parquet'.
2024-12-24 15:38:34,369 [INFO] Dropped table 'nation' after export.
2024-12-24 15:38:34,372 [INFO] Dropped table 'customer' after export.
2024-12-24 15:38:34,373 [INFO] Dropped table 'partsupp' after export.
2024-12-24 15:38:34,374 [INFO] Dropped table 'region' after export.
2024-12-24 15:38:34,375 [INFO] Dropped table 'orders' after export.
2024-12-24 15:38:34,376 [INFO] Dropped table 'part' after export.
2024-12-24 15:38:34,377 [INFO] Dropped table 'supplier' after export.
2024-12-24 15:38:34,382 [INFO] Dropped table 'lineitem' after export.
2024-12-24 15:38:34,382 [INFO] === Step 1 ===
2024-12-24 15:38:34,382 [INFO] Generating data with dbgen (sf=3000, children=3000, step=1)...
2024-12-24 15:38:47,029 [INFO] Data generation completed.
2024-12-24 15:38:47,047 [INFO] New tables generated at step 1: {'nation', 'customer', 'partsupp', 'region', 'orders', 'part', 'supplier', 'lineitem'}
2024-12-24 15:38:47,047 [INFO] Exporting table 'nation' to '/home/jeroen/data/gen/sf3000/nation/nation_0000001.parquet'...
2024-12-24 15:38:47,048 [INFO] Successfully exported 'nation' to '/home/jeroen/data/gen/sf3000/nation/nation_0000001.parquet'.
2024-12-24 15:38:47,048 [INFO] Exporting table 'customer' to '/home/jeroen/data/gen/sf3000/customer/customer_0000001.parquet'...
2024-12-24 15:38:47,236 [INFO] Successfully exported 'customer' to '/home/jeroen/data/gen/sf3000/customer/customer_0000001.parquet'.
2024-12-24 15:38:47,236 [INFO] Exporting table 'partsupp' to '/home/jeroen/data/gen/sf3000/partsupp/partsupp_0000001.parquet'...
2024-12-24 15:38:47,457 [INFO] Successfully exported 'partsupp' to '/home/jeroen/data/gen/sf3000/partsupp/partsupp_0000001.parquet'.
2024-12-24 15:38:47,458 [INFO] Exporting table 'region' to '/home/jeroen/data/gen/sf3000/region/region_0000001.parquet'...
2024-12-24 15:38:47,459 [INFO] Successfully exported 'region' to '/home/jeroen/data/gen/sf3000/region/region_0000001.parquet'.
2024-12-24 15:38:47,459 [INFO] Exporting table 'orders' to '/home/jeroen/data/gen/sf3000/orders/orders_0000001.parquet'...
2024-12-24 15:38:47,810 [INFO] Successfully exported 'orders' to '/home/jeroen/data/gen/sf3000/orders/orders_0000001.parquet'.
2024-12-24 15:38:47,811 [INFO] Exporting table 'part' to '/home/jeroen/data/gen/sf3000/part/part_0000001.parquet'...
2024-12-24 15:38:48,029 [INFO] Successfully exported 'part' to '/home/jeroen/data/gen/sf3000/part/part_0000001.parquet'.
2024-12-24 15:38:48,029 [INFO] Exporting table 'supplier' to '/home/jeroen/data/gen/sf3000/supplier/supplier_0000001.parquet'...
2024-12-24 15:38:48,050 [INFO] Successfully exported 'supplier' to '/home/jeroen/data/gen/sf3000/supplier/supplier_0000001.parquet'.
2024-12-24 15:38:48,050 [INFO] Exporting table 'lineitem' to '/home/jeroen/data/gen/sf3000/lineitem/lineitem_0000001.parquet'...
2024-12-24 15:38:48,732 [INFO] Successfully exported 'lineitem' to '/home/jeroen/data/gen/sf3000/lineitem/lineitem_0000001.parquet'.
2024-12-24 15:38:48,732 [INFO] Dropped table 'nation' after export.
2024-12-24 15:38:48,733 [INFO] Dropped table 'customer' after export.
2024-12-24 15:38:48,735 [INFO] Dropped table 'partsupp' after export.
2024-12-24 15:38:48,736 [INFO] Dropped table 'region' after export.
2024-12-24 15:38:48,738 [INFO] Dropped table 'orders' after export.
2024-12-24 15:38:48,739 [INFO] Dropped table 'part' after export.
2024-12-24 15:38:48,739 [INFO] Dropped table 'supplier' after export.
2024-12-24 15:38:48,746 [INFO] Dropped table 'lineitem' after export.
2024-12-24 15:38:48,746 [INFO] === Step 2 ===
2024-12-24 15:38:48,746 [INFO] Generating data with dbgen (sf=3000, children=3000, step=2)...
2024-12-24 15:39:01,320 [INFO] Data generation completed.
2024-12-24 15:39:01,334 [INFO] New tables generated at step 2: {'nation', 'customer', 'partsupp', 'region', 'orders', 'part', 'supplier', 'lineitem'}
2024-12-24 15:39:01,335 [INFO] Exporting table 'nation' to '/home/jeroen/data/gen/sf3000/nation/nation_0000002.parquet'...
2024-12-24 15:39:01,336 [INFO] Successfully exported 'nation' to '/home/jeroen/data/gen/sf3000/nation/nation_0000002.parquet'.
2024-12-24 15:39:01,336 [INFO] Exporting table 'customer' to '/home/jeroen/data/gen/sf3000/customer/customer_0000002.parquet'...
2024-12-24 15:39:01,539 [INFO] Successfully exported 'customer' to '/home/jeroen/data/gen/sf3000/customer/customer_0000002.parquet'.
2024-12-24 15:39:01,539 [INFO] Exporting table 'partsupp' to '/home/jeroen/data/gen/sf3000/partsupp/partsupp_0000002.parquet'...
2024-12-24 15:39:01,786 [INFO] Successfully exported 'partsupp' to '/home/jeroen/data/gen/sf3000/partsupp/partsupp_0000002.parquet'.
2024-12-24 15:39:01,786 [INFO] Exporting table 'region' to '/home/jeroen/data/gen/sf3000/region/region_0000002.parquet'...
2024-12-24 15:39:01,787 [INFO] Successfully exported 'region' to '/home/jeroen/data/gen/sf3000/region/region_0000002.parquet'.
2024-12-24 15:39:01,788 [INFO] Exporting table 'orders' to '/home/jeroen/data/gen/sf3000/orders/orders_0000002.parquet'...
2024-12-24 15:39:02,103 [INFO] Successfully exported 'orders' to '/home/jeroen/data/gen/sf3000/orders/orders_0000002.parquet'.
2024-12-24 15:39:02,103 [INFO] Exporting table 'part' to '/home/jeroen/data/gen/sf3000/part/part_0000002.parquet'...
2024-12-24 15:39:02,335 [INFO] Successfully exported 'part' to '/home/jeroen/data/gen/sf3000/part/part_0000002.parquet'.
2024-12-24 15:39:02,335 [INFO] Exporting table 'supplier' to '/home/jeroen/data/gen/sf3000/supplier/supplier_0000002.parquet'...
2024-12-24 15:39:02,358 [INFO] Successfully exported 'supplier' to '/home/jeroen/data/gen/sf3000/supplier/supplier_0000002.parquet'.
2024-12-24 15:39:02,359 [INFO] Exporting table 'lineitem' to '/home/jeroen/data/gen/sf3000/lineitem/lineitem_0000002.parquet'...
2024-12-24 15:39:03,045 [INFO] Successfully exported 'lineitem' to '/home/jeroen/data/gen/sf3000/lineitem/lineitem_0000002.parquet'.
2024-12-24 15:39:03,046 [INFO] Dropped table 'nation' after export.
2024-12-24 15:39:03,046 [INFO] Dropped table 'customer' after export.
2024-12-24 15:39:03,048 [INFO] Dropped table 'partsupp' after export.
2024-12-24 15:39:03,048 [INFO] Dropped table 'region' after export.
2024-12-24 15:39:03,051 [INFO] Dropped table 'orders' after export.
2024-12-24 15:39:03,052 [INFO] Dropped table 'part' after export.
2024-12-24 15:39:03,052 [INFO] Dropped table 'supplier' after export.
2024-12-24 15:39:03,059 [INFO] Dropped table 'lineitem' after export.
2024-12-24 15:39:03,059 [INFO] === Step 3 ===
2024-12-24 15:39:03,059 [INFO] Generating data with dbgen (sf=3000, children=3000, step=3)...
2024-12-24 15:39:15,184 [INFO] Data generation completed.
2024-12-24 15:39:15,191 [INFO] New tables generated at step 3: {'nation', 'customer', 'partsupp', 'region', 'orders', 'part', 'supplier', 'lineitem'}
2024-12-24 15:39:15,191 [INFO] Exporting table 'nation' to '/home/jeroen/data/gen/sf3000/nation/nation_0000003.parquet'...
2024-12-24 15:39:15,192 [INFO] Successfully exported 'nation' to '/home/jeroen/data/gen/sf3000/nation/nation_0000003.parquet'.
2024-12-24 15:39:15,192 [INFO] Exporting table 'customer' to '/home/jeroen/data/gen/sf3000/customer/customer_0000003.parquet'...
2024-12-24 15:39:15,402 [INFO] Successfully exported 'customer' to '/home/jeroen/data/gen/sf3000/customer/customer_0000003.parquet'.
2024-12-24 15:39:15,402 [INFO] Exporting table 'partsupp' to '/home/jeroen/data/gen/sf3000/partsupp/partsupp_0000003.parquet'...
2024-12-24 15:39:15,618 [INFO] Successfully exported 'partsupp' to '/home/jeroen/data/gen/sf3000/partsupp/partsupp_0000003.parquet'.
2024-12-24 15:39:15,618 [INFO] Exporting table 'region' to '/home/jeroen/data/gen/sf3000/region/region_0000003.parquet'...
2024-12-24 15:39:15,619 [INFO] Successfully exported 'region' to '/home/jeroen/data/gen/sf3000/region/region_0000003.parquet'.
2024-12-24 15:39:15,620 [INFO] Exporting table 'orders' to '/home/jeroen/data/gen/sf3000/orders/orders_0000003.parquet'...
2024-12-24 15:39:15,948 [INFO] Successfully exported 'orders' to '/home/jeroen/data/gen/sf3000/orders/orders_0000003.parquet'.
2024-12-24 15:39:15,948 [INFO] Exporting table 'part' to '/home/jeroen/data/gen/sf3000/part/part_0000003.parquet'...
2024-12-24 15:39:16,183 [INFO] Successfully exported 'part' to '/home/jeroen/data/gen/sf3000/part/part_0000003.parquet'.
2024-12-24 15:39:16,183 [INFO] Exporting table 'supplier' to '/home/jeroen/data/gen/sf3000/supplier/supplier_0000003.parquet'...
2024-12-24 15:39:16,205 [INFO] Successfully exported 'supplier' to '/home/jeroen/data/gen/sf3000/supplier/supplier_0000003.parquet'.
2024-12-24 15:39:16,205 [INFO] Exporting table 'lineitem' to '/home/jeroen/data/gen/sf3000/lineitem/lineitem_0000003.parquet'...
2024-12-24 15:39:16,901 [INFO] Successfully exported 'lineitem' to '/home/jeroen/data/gen/sf3000/lineitem/lineitem_0000003.parquet'.
2024-12-24 15:39:16,902 [INFO] Dropped table 'nation' after export.
2024-12-24 15:39:16,902 [INFO] Dropped table 'customer' after export.
2024-12-24 15:39:16,903 [INFO] Dropped table 'partsupp' after export.
2024-12-24 15:39:16,904 [INFO] Dropped table 'region' after export.
2024-12-24 15:39:16,907 [INFO] Dropped table 'orders' after export.
2024-12-24 15:39:16,908 [INFO] Dropped table 'part' after export.
2024-12-24 15:39:16,908 [INFO] Dropped table 'supplier' after export.
2024-12-24 15:39:16,914 [INFO] Dropped table 'lineitem' after export.
2024-12-24 15:39:16,915 [INFO] === Step 4 ===
2024-12-24 15:39:16,915 [INFO] Generating data with dbgen (sf=3000, children=3000, step=4)...
2024-12-24 15:39:29,103 [INFO] Data generation completed.
2024-12-24 15:39:29,111 [INFO] New tables generated at step 4: {'nation', 'customer', 'partsupp', 'region', 'orders', 'part', 'supplier', 'lineitem'}
2024-12-24 15:39:29,111 [INFO] Exporting table 'nation' to '/home/jeroen/data/gen/sf3000/nation/nation_0000004.parquet'...
2024-12-24 15:39:29,112 [INFO] Successfully exported 'nation' to '/home/jeroen/data/gen/sf3000/nation/nation_0000004.parquet'.
2024-12-24 15:39:29,112 [INFO] Exporting table 'customer' to '/home/jeroen/data/gen/sf3000/customer/customer_0000004.parquet'...
2024-12-24 15:39:29,334 [INFO] Successfully exported 'customer' to '/home/jeroen/data/gen/sf3000/customer/customer_0000004.parquet'.
2024-12-24 15:39:29,334 [INFO] Exporting table 'partsupp' to '/home/jeroen/data/gen/sf3000/partsupp/partsupp_0000004.parquet'...
2024-12-24 15:39:29,549 [INFO] Successfully exported 'partsupp' to '/home/jeroen/data/gen/sf3000/partsupp/partsupp_0000004.parquet'.
2024-12-24 15:39:29,549 [INFO] Exporting table 'region' to '/home/jeroen/data/gen/sf3000/region/region_0000004.parquet'...
2024-12-24 15:39:29,550 [INFO] Successfully exported 'region' to '/home/jeroen/data/gen/sf3000/region/region_0000004.parquet'.
2024-12-24 15:39:29,551 [INFO] Exporting table 'orders' to '/home/jeroen/data/gen/sf3000/orders/orders_0000004.parquet'...
2024-12-24 15:39:29,909 [INFO] Successfully exported 'orders' to '/home/jeroen/data/gen/sf3000/orders/orders_0000004.parquet'.
2024-12-24 15:39:29,909 [INFO] Exporting table 'part' to '/home/jeroen/data/gen/sf3000/part/part_0000004.parquet'...
2024-12-24 15:39:30,148 [INFO] Successfully exported 'part' to '/home/jeroen/data/gen/sf3000/part/part_0000004.parquet'.
2024-12-24 15:39:30,148 [INFO] Exporting table 'supplier' to '/home/jeroen/data/gen/sf3000/supplier/supplier_0000004.parquet'...
2024-12-24 15:39:30,170 [INFO] Successfully exported 'supplier' to '/home/jeroen/data/gen/sf3000/supplier/supplier_0000004.parquet'.
2024-12-24 15:39:30,170 [INFO] Exporting table 'lineitem' to '/home/jeroen/data/gen/sf3000/lineitem/lineitem_0000004.parquet'...
2024-12-24 15:39:30,902 [INFO] Successfully exported 'lineitem' to '/home/jeroen/data/gen/sf3000/lineitem/lineitem_0000004.parquet'.
2024-12-24 15:39:30,903 [INFO] Dropped table 'nation' after export.
2024-12-24 15:39:30,904 [INFO] Dropped table 'customer' after export.
2024-12-24 15:39:30,905 [INFO] Dropped table 'partsupp' after export.
2024-12-24 15:39:30,905 [INFO] Dropped table 'region' after export.
2024-12-24 15:39:30,908 [INFO] Dropped table 'orders' after export.
2024-12-24 15:39:30,909 [INFO] Dropped table 'part' after export.
2024-12-24 15:39:30,909 [INFO] Dropped table 'supplier' after export.
2024-12-24 15:39:30,916 [INFO] Dropped table 'lineitem' after export.
2024-12-24 15:39:30,916 [INFO] === Step 5 ===
2024-12-24 15:39:30,916 [INFO] Generating data with dbgen (sf=3000, children=3000, step=5)...
2024-12-24 15:39:43,055 [INFO] Data generation completed.
2024-12-24 15:39:43,063 [INFO] New tables generated at step 5: {'nation', 'customer', 'partsupp', 'region', 'orders', 'part', 'supplier', 'lineitem'}
2024-12-24 15:39:43,063 [INFO] Exporting table 'nation' to '/home/jeroen/data/gen/sf3000/nation/nation_0000005.parquet'...
2024-12-24 15:39:43,064 [INFO] Successfully exported 'nation' to '/home/jeroen/data/gen/sf3000/nation/nation_0000005.parquet'.
2024-12-24 15:39:43,064 [INFO] Exporting table 'customer' to '/home/jeroen/data/gen/sf3000/customer/customer_0000005.parquet'...
2024-12-24 15:39:43,265 [INFO] Successfully exported 'customer' to '/home/jeroen/data/gen/sf3000/customer/customer_0000005.parquet'.
2024-12-24 15:39:43,266 [INFO] Exporting table 'partsupp' to '/home/jeroen/data/gen/sf3000/partsupp/partsupp_0000005.parquet'...
2024-12-24 15:39:43,460 [INFO] Successfully exported 'partsupp' to '/home/jeroen/data/gen/sf3000/partsupp/partsupp_0000005.parquet'.
2024-12-24 15:39:43,460 [INFO] Exporting table 'region' to '/home/jeroen/data/gen/sf3000/region/region_0000005.parquet'...
2024-12-24 15:39:43,461 [INFO] Successfully exported 'region' to '/home/jeroen/data/gen/sf3000/region/region_0000005.parquet'.
2024-12-24 15:39:43,461 [INFO] Exporting table 'orders' to '/home/jeroen/data/gen/sf3000/orders/orders_0000005.parquet'...
2024-12-24 15:39:43,777 [INFO] Successfully exported 'orders' to '/home/jeroen/data/gen/sf3000/orders/orders_0000005.parquet'.
2024-12-24 15:39:43,778 [INFO] Exporting table 'part' to '/home/jeroen/data/gen/sf3000/part/part_0000005.parquet'...
2024-12-24 15:39:44,011 [INFO] Successfully exported 'part' to '/home/jeroen/data/gen/sf3000/part/part_0000005.parquet'.
2024-12-24 15:39:44,011 [INFO] Exporting table 'supplier' to '/home/jeroen/data/gen/sf3000/supplier/supplier_0000005.parquet'...
2024-12-24 15:39:44,031 [INFO] Successfully exported 'supplier' to '/home/jeroen/data/gen/sf3000/supplier/supplier_0000005.parquet'.
2024-12-24 15:39:44,031 [INFO] Exporting table 'lineitem' to '/home/jeroen/data/gen/sf3000/lineitem/lineitem_0000005.parquet'...
2024-12-24 15:39:44,699 [INFO] Successfully exported 'lineitem' to '/home/jeroen/data/gen/sf3000/lineitem/lineitem_0000005.parquet'.
2024-12-24 15:39:44,699 [INFO] Dropped table 'nation' after export.
2024-12-24 15:39:44,700 [INFO] Dropped table 'customer' after export.
2024-12-24 15:39:44,702 [INFO] Dropped table 'partsupp' after export.
2024-12-24 15:39:44,703 [INFO] Dropped table 'region' after export.
2024-12-24 15:39:44,705 [INFO] Dropped table 'orders' after export.
2024-12-24 15:39:44,705 [INFO] Dropped table 'part' after export.
2024-12-24 15:39:44,706 [INFO] Dropped table 'supplier' after export.
2024-12-24 15:39:44,712 [INFO] Dropped table 'lineitem' after export.
2024-12-24 15:39:44,713 [INFO] === Step 6 ===
2024-12-24 15:39:44,713 [INFO] Generating data with dbgen (sf=3000, children=3000, step=6)...
2024-12-24 15:39:56,853 [INFO] Data generation completed.
2024-12-24 15:39:56,863 [INFO] New tables generated at step 6: {'nation', 'customer', 'partsupp', 'region', 'orders', 'part', 'supplier', 'lineitem'}
2024-12-24 15:39:56,863 [INFO] Exporting table 'nation' to '/home/jeroen/data/gen/sf3000/nation/nation_0000006.parquet'...
2024-12-24 15:39:56,864 [INFO] Successfully exported 'nation' to '/home/jeroen/data/gen/sf3000/nation/nation_0000006.parquet'.
2024-12-24 15:39:56,864 [INFO] Exporting table 'customer' to '/home/jeroen/data/gen/sf3000/customer/customer_0000006.parquet'...
2024-12-24 15:39:57,079 [INFO] Successfully exported 'customer' to '/home/jeroen/data/gen/sf3000/customer/customer_0000006.parquet'.
2024-12-24 15:39:57,079 [INFO] Exporting table 'partsupp' to '/home/jeroen/data/gen/sf3000/partsupp/partsupp_0000006.parquet'...
2024-12-24 15:39:57,310 [INFO] Successfully exported 'partsupp' to '/home/jeroen/data/gen/sf3000/partsupp/partsupp_0000006.parquet'.
2024-12-24 15:39:57,310 [INFO] Exporting table 'region' to '/home/jeroen/data/gen/sf3000/region/region_0000006.parquet'...
2024-12-24 15:39:57,311 [INFO] Successfully exported 'region' to '/home/jeroen/data/gen/sf3000/region/region_0000006.parquet'.
2024-12-24 15:39:57,311 [INFO] Exporting table 'orders' to '/home/jeroen/data/gen/sf3000/orders/orders_0000006.parquet'...
2024-12-24 15:39:57,658 [INFO] Successfully exported 'orders' to '/home/jeroen/data/gen/sf3000/orders/orders_0000006.parquet'.
2024-12-24 15:39:57,658 [INFO] Exporting table 'part' to '/home/jeroen/data/gen/sf3000/part/part_0000006.parquet'...
2024-12-24 15:39:57,878 [INFO] Successfully exported 'part' to '/home/jeroen/data/gen/sf3000/part/part_0000006.parquet'.
2024-12-24 15:39:57,879 [INFO] Exporting table 'supplier' to '/home/jeroen/data/gen/sf3000/supplier/supplier_0000006.parquet'...
2024-12-24 15:39:57,897 [INFO] Successfully exported 'supplier' to '/home/jeroen/data/gen/sf3000/supplier/supplier_0000006.parquet'.
2024-12-24 15:39:57,897 [INFO] Exporting table 'lineitem' to '/home/jeroen/data/gen/sf3000/lineitem/lineitem_0000006.parquet'...
2024-12-24 15:39:58,560 [INFO] Successfully exported 'lineitem' to '/home/jeroen/data/gen/sf3000/lineitem/lineitem_0000006.parquet'.
2024-12-24 15:39:58,561 [INFO] Dropped table 'nation' after export.
2024-12-24 15:39:58,561 [INFO] Dropped table 'customer' after export.
2024-12-24 15:39:58,562 [INFO] Dropped table 'partsupp' after export.
2024-12-24 15:39:58,563 [INFO] Dropped table 'region' after export.
2024-12-24 15:39:58,564 [INFO] Dropped table 'orders' after export.
2024-12-24 15:39:58,565 [INFO] Dropped table 'part' after export.
2024-12-24 15:39:58,565 [INFO] Dropped table 'supplier' after export.
2024-12-24 15:39:58,573 [INFO] Dropped table 'lineitem' after export.
2024-12-24 15:39:58,573 [INFO] === Step 7 ===
2024-12-24 15:39:58,573 [INFO] Generating data with dbgen (sf=3000, children=3000, step=7)...
2024-12-24 15:40:10,707 [INFO] Data generation completed.
2024-12-24 15:40:10,717 [INFO] New tables generated at step 7: {'nation', 'customer', 'partsupp', 'region', 'orders', 'part', 'supplier', 'lineitem'}
2024-12-24 15:40:10,717 [INFO] Exporting table 'nation' to '/home/jeroen/data/gen/sf3000/nation/nation_0000007.parquet'...
2024-12-24 15:40:10,718 [INFO] Successfully exported 'nation' to '/home/jeroen/data/gen/sf3000/nation/nation_0000007.parquet'.
2024-12-24 15:40:10,719 [INFO] Exporting table 'customer' to '/home/jeroen/data/gen/sf3000/customer/customer_0000007.parquet'...
2024-12-24 15:40:10,935 [INFO] Successfully exported 'customer' to '/home/jeroen/data/gen/sf3000/customer/customer_0000007.parquet'.
2024-12-24 15:40:10,936 [INFO] Exporting table 'partsupp' to '/home/jeroen/data/gen/sf3000/partsupp/partsupp_0000007.parquet'...
2024-12-24 15:40:11,150 [INFO] Successfully exported 'partsupp' to '/home/jeroen/data/gen/sf3000/partsupp/partsupp_0000007.parquet'.
2024-12-24 15:40:11,150 [INFO] Exporting table 'region' to '/home/jeroen/data/gen/sf3000/region/region_0000007.parquet'...
2024-12-24 15:40:11,151 [INFO] Successfully exported 'region' to '/home/jeroen/data/gen/sf3000/region/region_0000007.parquet'.
2024-12-24 15:40:11,151 [INFO] Exporting table 'orders' to '/home/jeroen/data/gen/sf3000/orders/orders_0000007.parquet'...
2024-12-24 15:40:11,431 [INFO] Successfully exported 'orders' to '/home/jeroen/data/gen/sf3000/orders/orders_0000007.parquet'.
2024-12-24 15:40:11,432 [INFO] Exporting table 'part' to '/home/jeroen/data/gen/sf3000/part/part_0000007.parquet'...
2024-12-24 15:40:11,683 [INFO] Successfully exported 'part' to '/home/jeroen/data/gen/sf3000/part/part_0000007.parquet'.
2024-12-24 15:40:11,683 [INFO] Exporting table 'supplier' to '/home/jeroen/data/gen/sf3000/supplier/supplier_0000007.parquet'...
2024-12-24 15:40:11,703 [INFO] Successfully exported 'supplier' to '/home/jeroen/data/gen/sf3000/supplier/supplier_0000007.parquet'.
2024-12-24 15:40:11,703 [INFO] Exporting table 'lineitem' to '/home/jeroen/data/gen/sf3000/lineitem/lineitem_0000007.parquet'...
2024-12-24 15:40:12,426 [INFO] Successfully exported 'lineitem' to '/home/jeroen/data/gen/sf3000/lineitem/lineitem_0000007.parquet'.
2024-12-24 15:40:12,427 [INFO] Dropped table 'nation' after export.
2024-12-24 15:40:12,430 [INFO] Dropped table 'customer' after export.
2024-12-24 15:40:12,431 [INFO] Dropped table 'partsupp' after export.
2024-12-24 15:40:12,431 [INFO] Dropped table 'region' after export.
2024-12-24 15:40:12,433 [INFO] Dropped table 'orders' after export.
2024-12-24 15:40:12,434 [INFO] Dropped table 'part' after export.
2024-12-24 15:40:12,434 [INFO] Dropped table 'supplier' after export.
2024-12-24 15:40:12,441 [INFO] Dropped table 'lineitem' after export.
2024-12-24 15:40:12,441 [INFO] === Step 8 ===
2024-12-24 15:40:12,441 [INFO] Generating data with dbgen (sf=3000, children=3000, step=8)...
2024-12-24 15:40:24,617 [INFO] Data generation completed.
2024-12-24 15:40:24,626 [INFO] New tables generated at step 8: {'nation', 'customer', 'partsupp', 'region', 'orders', 'part', 'supplier', 'lineitem'}
2024-12-24 15:40:24,626 [INFO] Exporting table 'nation' to '/home/jeroen/data/gen/sf3000/nation/nation_0000008.parquet'...
2024-12-24 15:40:24,627 [INFO] Successfully exported 'nation' to '/home/jeroen/data/gen/sf3000/nation/nation_0000008.parquet'.
2024-12-24 15:40:24,627 [INFO] Exporting table 'customer' to '/home/jeroen/data/gen/sf3000/customer/customer_0000008.parquet'...
2024-12-24 15:40:24,838 [INFO] Successfully exported 'customer' to '/home/jeroen/data/gen/sf3000/customer/customer_0000008.parquet'.
2024-12-24 15:40:24,839 [INFO] Exporting table 'partsupp' to '/home/jeroen/data/gen/sf3000/partsupp/partsupp_0000008.parquet'...
2024-12-24 15:40:25,039 [INFO] Successfully exported 'partsupp' to '/home/jeroen/data/gen/sf3000/partsupp/partsupp_0000008.parquet'.
2024-12-24 15:40:25,040 [INFO] Exporting table 'region' to '/home/jeroen/data/gen/sf3000/region/region_0000008.parquet'...
2024-12-24 15:40:25,041 [INFO] Successfully exported 'region' to '/home/jeroen/data/gen/sf3000/region/region_0000008.parquet'.
2024-12-24 15:40:25,041 [INFO] Exporting table 'orders' to '/home/jeroen/data/gen/sf3000/orders/orders_0000008.parquet'...
2024-12-24 15:40:25,369 [INFO] Successfully exported 'orders' to '/home/jeroen/data/gen/sf3000/orders/orders_0000008.parquet'.
2024-12-24 15:40:25,370 [INFO] Exporting table 'part' to '/home/jeroen/data/gen/sf3000/part/part_0000008.parquet'...
2024-12-24 15:40:25,578 [INFO] Successfully exported 'part' to '/home/jeroen/data/gen/sf3000/part/part_0000008.parquet'.
2024-12-24 15:40:25,578 [INFO] Exporting table 'supplier' to '/home/jeroen/data/gen/sf3000/supplier/supplier_0000008.parquet'...
2024-12-24 15:40:25,598 [INFO] Successfully exported 'supplier' to '/home/jeroen/data/gen/sf3000/supplier/supplier_0000008.parquet'.
2024-12-24 15:40:25,598 [INFO] Exporting table 'lineitem' to '/home/jeroen/data/gen/sf3000/lineitem/lineitem_0000008.parquet'...
2024-12-24 15:40:26,301 [INFO] Successfully exported 'lineitem' to '/home/jeroen/data/gen/sf3000/lineitem/lineitem_0000008.parquet'.
2024-12-24 15:40:26,302 [INFO] Dropped table 'nation' after export.
2024-12-24 15:40:26,303 [INFO] Dropped table 'customer' after export.
2024-12-24 15:40:26,304 [INFO] Dropped table 'partsupp' after export.
2024-12-24 15:40:26,305 [INFO] Dropped table 'region' after export.
2024-12-24 15:40:26,306 [INFO] Dropped table 'orders' after export.
2024-12-24 15:40:26,307 [INFO] Dropped table 'part' after export.
2024-12-24 15:40:26,307 [INFO] Dropped table 'supplier' after export.
2024-12-24 15:40:26,314 [INFO] Dropped table 'lineitem' after export.
2024-12-24 15:40:26,314 [INFO] === Step 9 ===
2024-12-24 15:40:26,314 [INFO] Generating data with dbgen (sf=3000, children=3000, step=9)...
2024-12-24 15:40:38,509 [INFO] Data generation completed.
2024-12-24 15:40:38,518 [INFO] New tables generated at step 9: {'nation', 'customer', 'partsupp', 'region', 'orders', 'part', 'supplier', 'lineitem'}
2024-12-24 15:40:38,518 [INFO] Exporting table 'nation' to '/home/jeroen/data/gen/sf3000/nation/nation_0000009.parquet'...
2024-12-24 15:40:38,519 [INFO] Successfully exported 'nation' to '/home/jeroen/data/gen/sf3000/nation/nation_0000009.parquet'.
2024-12-24 15:40:38,519 [INFO] Exporting table 'customer' to '/home/jeroen/data/gen/sf3000/customer/customer_0000009.parquet'...
2024-12-24 15:40:38,684 [INFO] Successfully exported 'customer' to '/home/jeroen/data/gen/sf3000/customer/customer_0000009.parquet'.
2024-12-24 15:40:38,685 [INFO] Exporting table 'partsupp' to '/home/jeroen/data/gen/sf3000/partsupp/partsupp_0000009.parquet'...
2024-12-24 15:40:38,915 [INFO] Successfully exported 'partsupp' to '/home/jeroen/data/gen/sf3000/partsupp/partsupp_0000009.parquet'.
2024-12-24 15:40:38,915 [INFO] Exporting table 'region' to '/home/jeroen/data/gen/sf3000/region/region_0000009.parquet'...
2024-12-24 15:40:38,916 [INFO] Successfully exported 'region' to '/home/jeroen/data/gen/sf3000/region/region_0000009.parquet'.
2024-12-24 15:40:38,916 [INFO] Exporting table 'orders' to '/home/jeroen/data/gen/sf3000/orders/orders_0000009.parquet'...
2024-12-24 15:40:39,239 [INFO] Successfully exported 'orders' to '/home/jeroen/data/gen/sf3000/orders/orders_0000009.parquet'.
2024-12-24 15:40:39,239 [INFO] Exporting table 'part' to '/home/jeroen/data/gen/sf3000/part/part_0000009.parquet'...
2024-12-24 15:40:39,437 [INFO] Successfully exported 'part' to '/home/jeroen/data/gen/sf3000/part/part_0000009.parquet'.
2024-12-24 15:40:39,438 [INFO] Exporting table 'supplier' to '/home/jeroen/data/gen/sf3000/supplier/supplier_0000009.parquet'...
2024-12-24 15:40:39,458 [INFO] Successfully exported 'supplier' to '/home/jeroen/data/gen/sf3000/supplier/supplier_0000009.parquet'.
2024-12-24 15:40:39,458 [INFO] Exporting table 'lineitem' to '/home/jeroen/data/gen/sf3000/lineitem/lineitem_0000009.parquet'...
2024-12-24 15:40:40,122 [INFO] Successfully exported 'lineitem' to '/home/jeroen/data/gen/sf3000/lineitem/lineitem_0000009.parquet'.
2024-12-24 15:40:40,123 [INFO] Dropped table 'nation' after export.
2024-12-24 15:40:40,124 [INFO] Dropped table 'customer' after export.
2024-12-24 15:40:40,125 [INFO] Dropped table 'partsupp' after export.
2024-12-24 15:40:40,125 [INFO] Dropped table 'region' after export.
2024-12-24 15:40:40,127 [INFO] Dropped table 'orders' after export.
2024-12-24 15:40:40,128 [INFO] Dropped table 'part' after export.
2024-12-24 15:40:40,128 [INFO] Dropped table 'supplier' after export.
2024-12-24 15:40:40,134 [INFO] Dropped table 'lineitem' after export.
2024-12-24 15:40:40,135 [INFO] === Step 10 ===
2024-12-24 15:40:40,135 [INFO] Generating data with dbgen (sf=3000, children=3000, step=10)...
2024-12-24 15:40:52,286 [INFO] Data generation completed.
2024-12-24 15:40:52,294 [INFO] New tables generated at step 10: {'nation', 'customer', 'partsupp', 'region', 'orders', 'part', 'supplier', 'lineitem'}
2024-12-24 15:40:52,294 [INFO] Exporting table 'nation' to '/home/jeroen/data/gen/sf3000/nation/nation_0000010.parquet'...
2024-12-24 15:40:52,295 [INFO] Successfully exported 'nation' to '/home/jeroen/data/gen/sf3000/nation/nation_0000010.parquet'.
2024-12-24 15:40:52,295 [INFO] Exporting table 'customer' to '/home/jeroen/data/gen/sf3000/customer/customer_0000010.parquet'...
2024-12-24 15:40:52,493 [INFO] Successfully exported 'customer' to '/home/jeroen/data/gen/sf3000/customer/customer_0000010.parquet'.
2024-12-24 15:40:52,493 [INFO] Exporting table 'partsupp' to '/home/jeroen/data/gen/sf3000/partsupp/partsupp_0000010.parquet'...
2024-12-24 15:40:52,708 [INFO] Successfully exported 'partsupp' to '/home/jeroen/data/gen/sf3000/partsupp/partsupp_0000010.parquet'.
2024-12-24 15:40:52,709 [INFO] Exporting table 'region' to '/home/jeroen/data/gen/sf3000/region/region_0000010.parquet'...
2024-12-24 15:40:52,710 [INFO] Successfully exported 'region' to '/home/jeroen/data/gen/sf3000/region/region_0000010.parquet'.
2024-12-24 15:40:52,710 [INFO] Exporting table 'orders' to '/home/jeroen/data/gen/sf3000/orders/orders_0000010.parquet'...
2024-12-24 15:40:53,018 [INFO] Successfully exported 'orders' to '/home/jeroen/data/gen/sf3000/orders/orders_0000010.parquet'.
2024-12-24 15:40:53,018 [INFO] Exporting table 'part' to '/home/jeroen/data/gen/sf3000/part/part_0000010.parquet'...
2024-12-24 15:40:53,215 [INFO] Successfully exported 'part' to '/home/jeroen/data/gen/sf3000/part/part_0000010.parquet'.
2024-12-24 15:40:53,215 [INFO] Exporting table 'supplier' to '/home/jeroen/data/gen/sf3000/supplier/supplier_0000010.parquet'...
2024-12-24 15:40:53,235 [INFO] Successfully exported 'supplier' to '/home/jeroen/data/gen/sf3000/supplier/supplier_0000010.parquet'.
2024-12-24 15:40:53,235 [INFO] Exporting table 'lineitem' to '/home/jeroen/data/gen/sf3000/lineitem/lineitem_0000010.parquet'...
2024-12-24 15:40:53,938 [INFO] Successfully exported 'lineitem' to '/home/jeroen/data/gen/sf3000/lineitem/lineitem_0000010.parquet'.
2024-12-24 15:40:53,939 [INFO] Dropped table 'nation' after export.
2024-12-24 15:40:53,939 [INFO] Dropped table 'customer' after export.
2024-12-24 15:40:53,940 [INFO] Dropped table 'partsupp' after export.
2024-12-24 15:40:53,941 [INFO] Dropped table 'region' after export.
2024-12-24 15:40:53,945 [INFO] Dropped table 'orders' after export.
2024-12-24 15:40:53,945 [INFO] Dropped table 'part' after export.
2024-12-24 15:40:53,946 [INFO] Dropped table 'supplier' after export.
2024-12-24 15:40:53,952 [INFO] Dropped table 'lineitem' after export.
2024-12-24 15:40:53,952 [INFO] === Step 11 ===
2024-12-24 15:40:53,952 [INFO] Generating data with dbgen (sf=3000, children=3000, step=11)...
2024-12-24 15:41:06,141 [INFO] Data generation completed.
2024-12-24 15:41:06,151 [INFO] New tables generated at step 11: {'nation', 'customer', 'partsupp', 'region', 'orders', 'part', 'supplier', 'lineitem'}
2024-12-24 15:41:06,151 [INFO] Exporting table 'nation' to '/home/jeroen/data/gen/sf3000/nation/nation_0000011.parquet'...
2024-12-24 15:41:06,152 [INFO] Successfully exported 'nation' to '/home/jeroen/data/gen/sf3000/nation/nation_0000011.parquet'.
2024-12-24 15:41:06,152 [INFO] Exporting table 'customer' to '/home/jeroen/data/gen/sf3000/customer/customer_0000011.parquet'...
2024-12-24 15:41:06,358 [INFO] Successfully exported 'customer' to '/home/jeroen/data/gen/sf3000/customer/customer_0000011.parquet'.
2024-12-24 15:41:06,358 [INFO] Exporting table 'partsupp' to '/home/jeroen/data/gen/sf3000/partsupp/partsupp_0000011.parquet'...
2024-12-24 15:41:06,599 [INFO] Successfully exported 'partsupp' to '/home/jeroen/data/gen/sf3000/partsupp/partsupp_0000011.parquet'.
2024-12-24 15:41:06,599 [INFO] Exporting table 'region' to '/home/jeroen/data/gen/sf3000/region/region_0000011.parquet'...
2024-12-24 15:41:06,600 [INFO] Successfully exported 'region' to '/home/jeroen/data/gen/sf3000/region/region_0000011.parquet'.
2024-12-24 15:41:06,600 [INFO] Exporting table 'orders' to '/home/jeroen/data/gen/sf3000/orders/orders_0000011.parquet'...
2024-12-24 15:41:06,941 [INFO] Successfully exported 'orders' to '/home/jeroen/data/gen/sf3000/orders/orders_0000011.parquet'.
2024-12-24 15:41:06,941 [INFO] Exporting table 'part' to '/home/jeroen/data/gen/sf3000/part/part_0000011.parquet'...
2024-12-24 15:41:07,160 [INFO] Successfully exported 'part' to '/home/jeroen/data/gen/sf3000/part/part_0000011.parquet'.
2024-12-24 15:41:07,160 [INFO] Exporting table 'supplier' to '/home/jeroen/data/gen/sf3000/supplier/supplier_0000011.parquet'...
2024-12-24 15:41:07,181 [INFO] Successfully exported 'supplier' to '/home/jeroen/data/gen/sf3000/supplier/supplier_0000011.parquet'.
2024-12-24 15:41:07,181 [INFO] Exporting table 'lineitem' to '/home/jeroen/data/gen/sf3000/lineitem/lineitem_0000011.parquet'...
2024-12-24 15:41:07,872 [INFO] Successfully exported 'lineitem' to '/home/jeroen/data/gen/sf3000/lineitem/lineitem_0000011.parquet'.
2024-12-24 15:41:07,873 [INFO] Dropped table 'nation' after export.
2024-12-24 15:41:07,873 [INFO] Dropped table 'customer' after export.
2024-12-24 15:41:07,875 [INFO] Dropped table 'partsupp' after export.
2024-12-24 15:41:07,875 [INFO] Dropped table 'region' after export.
2024-12-24 15:41:07,879 [INFO] Dropped table 'orders' after export.
2024-12-24 15:41:07,879 [INFO] Dropped table 'part' after export.
2024-12-24 15:41:07,880 [INFO] Dropped table 'supplier' after export.
2024-12-24 15:41:07,887 [INFO] Dropped table 'lineitem' after export.
2024-12-24 15:41:07,887 [INFO] === Step 12 ===
2024-12-24 15:41:07,887 [INFO] Generating data with dbgen (sf=3000, children=3000, step=12)...
2024-12-24 15:41:20,762 [INFO] Data generation completed.
2024-12-24 15:41:20,773 [INFO] New tables generated at step 12: {'nation', 'customer', 'partsupp', 'region', 'orders', 'part', 'supplier', 'lineitem'}
2024-12-24 15:41:20,773 [INFO] Exporting table 'nation' to '/home/jeroen/data/gen/sf3000/nation/nation_0000012.parquet'...
2024-12-24 15:41:20,774 [INFO] Successfully exported 'nation' to '/home/jeroen/data/gen/sf3000/nation/nation_0000012.parquet'.
2024-12-24 15:41:20,774 [INFO] Exporting table 'customer' to '/home/jeroen/data/gen/sf3000/customer/customer_0000012.parquet'...
2024-12-24 15:41:20,972 [INFO] Successfully exported 'customer' to '/home/jeroen/data/gen/sf3000/customer/customer_0000012.parquet'.
2024-12-24 15:41:20,973 [INFO] Exporting table 'partsupp' to '/home/jeroen/data/gen/sf3000/partsupp/partsupp_0000012.parquet'...
2024-12-24 15:41:21,197 [INFO] Successfully exported 'partsupp' to '/home/jeroen/data/gen/sf3000/partsupp/partsupp_0000012.parquet'.
2024-12-24 15:41:21,197 [INFO] Exporting table 'region' to '/home/jeroen/data/gen/sf3000/region/region_0000012.parquet'...
2024-12-24 15:41:21,199 [INFO] Successfully exported 'region' to '/home/jeroen/data/gen/sf3000/region/region_0000012.parquet'.
2024-12-24 15:41:21,199 [INFO] Exporting table 'orders' to '/home/jeroen/data/gen/sf3000/orders/orders_0000012.parquet'...
2024-12-24 15:41:21,530 [INFO] Successfully exported 'orders' to '/home/jeroen/data/gen/sf3000/orders/orders_0000012.parquet'.
2024-12-24 15:41:21,530 [INFO] Exporting table 'part' to '/home/jeroen/data/gen/sf3000/part/part_0000012.parquet'...
2024-12-24 15:41:21,751 [INFO] Successfully exported 'part' to '/home/jeroen/data/gen/sf3000/part/part_0000012.parquet'.
2024-12-24 15:41:21,751 [INFO] Exporting table 'supplier' to '/home/jeroen/data/gen/sf3000/supplier/supplier_0000012.parquet'...
2024-12-24 15:41:21,775 [INFO] Successfully exported 'supplier' to '/home/jeroen/data/gen/sf3000/supplier/supplier_0000012.parquet'.
2024-12-24 15:41:21,776 [INFO] Exporting table 'lineitem' to '/home/jeroen/data/gen/sf3000/lineitem/lineitem_0000012.parquet'...
2024-12-24 15:41:22,494 [INFO] Successfully exported 'lineitem' to '/home/jeroen/data/gen/sf3000/lineitem/lineitem_0000012.parquet'.
2024-12-24 15:41:22,495 [INFO] Dropped table 'nation' after export.
2024-12-24 15:41:22,496 [INFO] Dropped table 'customer' after export.
2024-12-24 15:41:22,497 [INFO] Dropped table 'partsupp' after export.
2024-12-24 15:41:22,498 [INFO] Dropped table 'region' after export.
2024-12-24 15:41:22,499 [INFO] Dropped table 'orders' after export.
2024-12-24 15:41:22,500 [INFO] Dropped table 'part' after export.
2024-12-24 15:41:22,501 [INFO] Dropped table 'supplier' after export.
2024-12-24 15:41:22,507 [INFO] Dropped table 'lineitem' after export.
2024-12-24 15:41:22,508 [INFO] === Step 13 ===
2024-12-24 15:41:22,508 [INFO] Generating data with dbgen (sf=3000, children=3000, step=13)...
2024-12-24 15:41:35,661 [INFO] Data generation completed.
2024-12-24 15:41:35,672 [INFO] New tables generated at step 13: {'nation', 'customer', 'partsupp', 'region', 'orders', 'part', 'supplier', 'lineitem'}
2024-12-24 15:41:35,673 [INFO] Exporting table 'nation' to '/home/jeroen/data/gen/sf3000/nation/nation_0000013.parquet'...
2024-12-24 15:41:35,674 [INFO] Successfully exported 'nation' to '/home/jeroen/data/gen/sf3000/nation/nation_0000013.parquet'.
2024-12-24 15:41:35,674 [INFO] Exporting table 'customer' to '/home/jeroen/data/gen/sf3000/customer/customer_0000013.parquet'...
2024-12-24 15:41:35,853 [INFO] Successfully exported 'customer' to '/home/jeroen/data/gen/sf3000/customer/customer_0000013.parquet'.
2024-12-24 15:41:35,853 [INFO] Exporting table 'partsupp' to '/home/jeroen/data/gen/sf3000/partsupp/partsupp_0000013.parquet'...
2024-12-24 15:41:36,092 [INFO] Successfully exported 'partsupp' to '/home/jeroen/data/gen/sf3000/partsupp/partsupp_0000013.parquet'.
2024-12-24 15:41:36,092 [INFO] Exporting table 'region' to '/home/jeroen/data/gen/sf3000/region/region_0000013.parquet'...
2024-12-24 15:41:36,094 [INFO] Successfully exported 'region' to '/home/jeroen/data/gen/sf3000/region/region_0000013.parquet'.
2024-12-24 15:41:36,094 [INFO] Exporting table 'orders' to '/home/jeroen/data/gen/sf3000/orders/orders_0000013.parquet'...
2024-12-24 15:41:36,415 [INFO] Successfully exported 'orders' to '/home/jeroen/data/gen/sf3000/orders/orders_0000013.parquet'.
2024-12-24 15:41:36,415 [INFO] Exporting table 'part' to '/home/jeroen/data/gen/sf3000/part/part_0000013.parquet'...
2024-12-24 15:41:36,711 [INFO] Successfully exported 'part' to '/home/jeroen/data/gen/sf3000/part/part_0000013.parquet'.
2024-12-24 15:41:36,711 [INFO] Exporting table 'supplier' to '/home/jeroen/data/gen/sf3000/supplier/supplier_0000013.parquet'...
2024-12-24 15:41:36,738 [INFO] Successfully exported 'supplier' to '/home/jeroen/data/gen/sf3000/supplier/supplier_0000013.parquet'.
2024-12-24 15:41:36,738 [INFO] Exporting table 'lineitem' to '/home/jeroen/data/gen/sf3000/lineitem/lineitem_0000013.parquet'...
2024-12-24 15:41:37,426 [INFO] Successfully exported 'lineitem' to '/home/jeroen/data/gen/sf3000/lineitem/lineitem_0000013.parquet'.
2024-12-24 15:41:37,427 [INFO] Dropped table 'nation' after export.
2024-12-24 15:41:37,428 [INFO] Dropped table 'customer' after export.
2024-12-24 15:41:37,429 [INFO] Dropped table 'partsupp' after export.
2024-12-24 15:41:37,429 [INFO] Dropped table 'region' after export.
2024-12-24 15:41:37,431 [INFO] Dropped table 'orders' after export.
2024-12-24 15:41:37,432 [INFO] Dropped table 'part' after export.
2024-12-24 15:41:37,432 [INFO] Dropped table 'supplier' after export.
2024-12-24 15:41:37,439 [INFO] Dropped table 'lineitem' after export.
2024-12-24 15:41:37,439 [INFO] === Step 14 ===
2024-12-24 15:41:37,439 [INFO] Generating data with dbgen (sf=3000, children=3000, step=14)...
2024-12-24 15:41:50,242 [INFO] Data generation completed.
2024-12-24 15:41:50,252 [INFO] New tables generated at step 14: {'nation', 'customer', 'partsupp', 'region', 'orders', 'part', 'supplier', 'lineitem'}
2024-12-24 15:41:50,252 [INFO] Exporting table 'nation' to '/home/jeroen/data/gen/sf3000/nation/nation_0000014.parquet'...
2024-12-24 15:41:50,253 [INFO] Successfully exported 'nation' to '/home/jeroen/data/gen/sf3000/nation/nation_0000014.parquet'.
2024-12-24 15:41:50,254 [INFO] Exporting table 'customer' to '/home/jeroen/data/gen/sf3000/customer/customer_0000014.parquet'...
2024-12-24 15:41:50,493 [INFO] Successfully exported 'customer' to '/home/jeroen/data/gen/sf3000/customer/customer_0000014.parquet'.
2024-12-24 15:41:50,493 [INFO] Exporting table 'partsupp' to '/home/jeroen/data/gen/sf3000/partsupp/partsupp_0000014.parquet'...
2024-12-24 15:41:50,715 [INFO] Successfully exported 'partsupp' to '/home/jeroen/data/gen/sf3000/partsupp/partsupp_0000014.parquet'.
2024-12-24 15:41:50,715 [INFO] Exporting table 'region' to '/home/jeroen/data/gen/sf3000/region/region_0000014.parquet'...
2024-12-24 15:41:50,716 [INFO] Successfully exported 'region' to '/home/jeroen/data/gen/sf3000/region/region_0000014.parquet'.
2024-12-24 15:41:50,716 [INFO] Exporting table 'orders' to '/home/jeroen/data/gen/sf3000/orders/orders_0000014.parquet'...
2024-12-24 15:41:51,067 [INFO] Successfully exported 'orders' to '/home/jeroen/data/gen/sf3000/orders/orders_0000014.parquet'.
2024-12-24 15:41:51,067 [INFO] Exporting table 'part' to '/home/jeroen/data/gen/sf3000/part/part_0000014.parquet'...
2024-12-24 15:41:51,301 [INFO] Successfully exported 'part' to '/home/jeroen/data/gen/sf3000/part/part_0000014.parquet'.
2024-12-24 15:41:51,301 [INFO] Exporting table 'supplier' to '/home/jeroen/data/gen/sf3000/supplier/supplier_0000014.parquet'...
2024-12-24 15:41:51,321 [INFO] Successfully exported 'supplier' to '/home/jeroen/data/gen/sf3000/supplier/supplier_0000014.parquet'.
2024-12-24 15:41:51,322 [INFO] Exporting table 'lineitem' to '/home/jeroen/data/gen/sf3000/lineitem/lineitem_0000014.parquet'...
2024-12-24 15:41:52,029 [INFO] Successfully exported 'lineitem' to '/home/jeroen/data/gen/sf3000/lineitem/lineitem_0000014.parquet'.
2024-12-24 15:41:52,029 [INFO] Dropped table 'nation' after export.
2024-12-24 15:41:52,030 [INFO] Dropped table 'customer' after export.
2024-12-24 15:41:52,031 [INFO] Dropped table 'partsupp' after export.
2024-12-24 15:41:52,031 [INFO] Dropped table 'region' after export.
2024-12-24 15:41:52,033 [INFO] Dropped table 'orders' after export.
2024-12-24 15:41:52,034 [INFO] Dropped table 'part' after export.
2024-12-24 15:41:52,034 [INFO] Dropped table 'supplier' after export.
2024-12-24 15:41:52,041 [INFO] Dropped table 'lineitem' after export.
2024-12-24 15:41:52,041 [INFO] === Step 15 ===
2024-12-24 15:41:52,041 [INFO] Generating data with dbgen (sf=3000, children=3000, step=15)...
2024-12-24 15:42:04,384 [INFO] Data generation completed.
2024-12-24 15:42:04,395 [INFO] New tables generated at step 15: {'nation', 'customer', 'partsupp', 'region', 'orders', 'part', 'supplier', 'lineitem'}
2024-12-24 15:42:04,395 [INFO] Exporting table 'nation' to '/home/jeroen/data/gen/sf3000/nation/nation_0000015.parquet'...
2024-12-24 15:42:04,396 [INFO] Successfully exported 'nation' to '/home/jeroen/data/gen/sf3000/nation/nation_0000015.parquet'.
2024-12-24 15:42:04,396 [INFO] Exporting table 'customer' to '/home/jeroen/data/gen/sf3000/customer/customer_0000015.parquet'...
2024-12-24 15:42:04,609 [INFO] Successfully exported 'customer' to '/home/jeroen/data/gen/sf3000/customer/customer_0000015.parquet'.
2024-12-24 15:42:04,609 [INFO] Exporting table 'partsupp' to '/home/jeroen/data/gen/sf3000/partsupp/partsupp_0000015.parquet'...
2024-12-24 15:42:04,848 [INFO] Successfully exported 'partsupp' to '/home/jeroen/data/gen/sf3000/partsupp/partsupp_0000015.parquet'.
2024-12-24 15:42:04,848 [INFO] Exporting table 'region' to '/home/jeroen/data/gen/sf3000/region/region_0000015.parquet'...
2024-12-24 15:42:04,849 [INFO] Successfully exported 'region' to '/home/jeroen/data/gen/sf3000/region/region_0000015.parquet'.
2024-12-24 15:42:04,849 [INFO] Exporting table 'orders' to '/home/jeroen/data/gen/sf3000/orders/orders_0000015.parquet'...
2024-12-24 15:42:05,184 [INFO] Successfully exported 'orders' to '/home/jeroen/data/gen/sf3000/orders/orders_0000015.parquet'.
2024-12-24 15:42:05,185 [INFO] Exporting table 'part' to '/home/jeroen/data/gen/sf3000/part/part_0000015.parquet'...
2024-12-24 15:42:05,390 [INFO] Successfully exported 'part' to '/home/jeroen/data/gen/sf3000/part/part_0000015.parquet'.
2024-12-24 15:42:05,390 [INFO] Exporting table 'supplier' to '/home/jeroen/data/gen/sf3000/supplier/supplier_0000015.parquet'...
2024-12-24 15:42:05,410 [INFO] Successfully exported 'supplier' to '/home/jeroen/data/gen/sf3000/supplier/supplier_0000015.parquet'.
2024-12-24 15:42:05,410 [INFO] Exporting table 'lineitem' to '/home/jeroen/data/gen/sf3000/lineitem/lineitem_0000015.parquet'...
2024-12-24 15:42:06,086 [INFO] Successfully exported 'lineitem' to '/home/jeroen/data/gen/sf3000/lineitem/lineitem_0000015.parquet'.
2024-12-24 15:42:06,087 [INFO] Dropped table 'nation' after export.
2024-12-24 15:42:06,087 [INFO] Dropped table 'customer' after export.
2024-12-24 15:42:06,088 [INFO] Dropped table 'partsupp' after export.
2024-12-24 15:42:06,089 [INFO] Dropped table 'region' after export.
2024-12-24 15:42:06,091 [INFO] Dropped table 'orders' after export.
2024-12-24 15:42:06,091 [INFO] Dropped table 'part' after export.
2024-12-24 15:42:06,092 [INFO] Dropped table 'supplier' after export.
2024-12-24 15:42:06,098 [INFO] Dropped table 'lineitem' after export.
2024-12-24 15:42:06,098 [INFO] === Step 16 ===
2024-12-24 15:42:06,098 [INFO] Generating data with dbgen (sf=3000, children=3000, step=16)...
2024-12-24 15:42:18,583 [INFO] Data generation completed.
2024-12-24 15:42:18,594 [INFO] New tables generated at step 16: {'nation', 'customer', 'partsupp', 'region', 'orders', 'part', 'supplier', 'lineitem'}
2024-12-24 15:42:18,594 [INFO] Exporting table 'nation' to '/home/jeroen/data/gen/sf3000/nation/nation_0000016.parquet'...
2024-12-24 15:42:18,595 [INFO] Successfully exported 'nation' to '/home/jeroen/data/gen/sf3000/nation/nation_0000016.parquet'.
2024-12-24 15:42:18,595 [INFO] Exporting table 'customer' to '/home/jeroen/data/gen/sf3000/customer/customer_0000016.parquet'...
2024-12-24 15:42:18,752 [INFO] Successfully exported 'customer' to '/home/jeroen/data/gen/sf3000/customer/customer_0000016.parquet'.
2024-12-24 15:42:18,752 [INFO] Exporting table 'partsupp' to '/home/jeroen/data/gen/sf3000/partsupp/partsupp_0000016.parquet'...
2024-12-24 15:42:18,948 [INFO] Successfully exported 'partsupp' to '/home/jeroen/data/gen/sf3000/partsupp/partsupp_0000016.parquet'.
2024-12-24 15:42:18,948 [INFO] Exporting table 'region' to '/home/jeroen/data/gen/sf3000/region/region_0000016.parquet'...
2024-12-24 15:42:18,949 [INFO] Successfully exported 'region' to '/home/jeroen/data/gen/sf3000/region/region_0000016.parquet'.
2024-12-24 15:42:18,949 [INFO] Exporting table 'orders' to '/home/jeroen/data/gen/sf3000/orders/orders_0000016.parquet'...
2024-12-24 15:42:19,261 [INFO] Successfully exported 'orders' to '/home/jeroen/data/gen/sf3000/orders/orders_0000016.parquet'.
2024-12-24 15:42:19,261 [INFO] Exporting table 'part' to '/home/jeroen/data/gen/sf3000/part/part_0000016.parquet'...
2024-12-24 15:42:19,525 [INFO] Successfully exported 'part' to '/home/jeroen/data/gen/sf3000/part/part_0000016.parquet'.
2024-12-24 15:42:19,526 [INFO] Exporting table 'supplier' to '/home/jeroen/data/gen/sf3000/supplier/supplier_0000016.parquet'...
2024-12-24 15:42:19,548 [INFO] Successfully exported 'supplier' to '/home/jeroen/data/gen/sf3000/supplier/supplier_0000016.parquet'.
2024-12-24 15:42:19,548 [INFO] Exporting table 'lineitem' to '/home/jeroen/data/gen/sf3000/lineitem/lineitem_0000016.parquet'...
2024-12-24 15:42:20,223 [INFO] Successfully exported 'lineitem' to '/home/jeroen/data/gen/sf3000/lineitem/lineitem_0000016.parquet'.
2024-12-24 15:42:20,224 [INFO] Dropped table 'nation' after export.
2024-12-24 15:42:20,225 [INFO] Dropped table 'customer' after export.
2024-12-24 15:42:20,227 [INFO] Dropped table 'partsupp' after export.
2024-12-24 15:42:20,228 [INFO] Dropped table 'region' after export.
2024-12-24 15:42:20,230 [INFO] Dropped table 'orders' after export.
2024-12-24 15:42:20,230 [INFO] Dropped table 'part' after export.
2024-12-24 15:42:20,231 [INFO] Dropped table 'supplier' after export.
2024-12-24 15:42:20,238 [INFO] Dropped table 'lineitem' after export.
2024-12-24 15:42:20,238 [INFO] === Step 17 ===
2024-12-24 15:42:20,238 [INFO] Generating data with dbgen (sf=3000, children=3000, step=17)...
2024-12-24 15:42:33,017 [INFO] Data generation completed.
2024-12-24 15:42:33,026 [INFO] New tables generated at step 17: {'nation', 'customer', 'partsupp', 'region', 'orders', 'part', 'supplier', 'lineitem'}
2024-12-24 15:42:33,026 [INFO] Exporting table 'nation' to '/home/jeroen/data/gen/sf3000/nation/nation_0000017.parquet'...
2024-12-24 15:42:33,027 [INFO] Successfully exported 'nation' to '/home/jeroen/data/gen/sf3000/nation/nation_0000017.parquet'.
2024-12-24 15:42:33,027 [INFO] Exporting table 'customer' to '/home/jeroen/data/gen/sf3000/customer/customer_0000017.parquet'...
2024-12-24 15:42:33,230 [INFO] Successfully exported 'customer' to '/home/jeroen/data/gen/sf3000/customer/customer_0000017.parquet'.
2024-12-24 15:42:33,230 [INFO] Exporting table 'partsupp' to '/home/jeroen/data/gen/sf3000/partsupp/partsupp_0000017.parquet'...
2024-12-24 15:42:33,436 [INFO] Successfully exported 'partsupp' to '/home/jeroen/data/gen/sf3000/partsupp/partsupp_0000017.parquet'.
2024-12-24 15:42:33,436 [INFO] Exporting table 'region' to '/home/jeroen/data/gen/sf3000/region/region_0000017.parquet'...
2024-12-24 15:42:33,438 [INFO] Successfully exported 'region' to '/home/jeroen/data/gen/sf3000/region/region_0000017.parquet'.
2024-12-24 15:42:33,438 [INFO] Exporting table 'orders' to '/home/jeroen/data/gen/sf3000/orders/orders_0000017.parquet'...
2024-12-24 15:42:33,776 [INFO] Successfully exported 'orders' to '/home/jeroen/data/gen/sf3000/orders/orders_0000017.parquet'.
2024-12-24 15:42:33,777 [INFO] Exporting table 'part' to '/home/jeroen/data/gen/sf3000/part/part_0000017.parquet'...
2024-12-24 15:42:34,058 [INFO] Successfully exported 'part' to '/home/jeroen/data/gen/sf3000/part/part_0000017.parquet'.
2024-12-24 15:42:34,058 [INFO] Exporting table 'supplier' to '/home/jeroen/data/gen/sf3000/supplier/supplier_0000017.parquet'...
2024-12-24 15:42:34,079 [INFO] Successfully exported 'supplier' to '/home/jeroen/data/gen/sf3000/supplier/supplier_0000017.parquet'.
2024-12-24 15:42:34,079 [INFO] Exporting table 'lineitem' to '/home/jeroen/data/gen/sf3000/lineitem/lineitem_0000017.parquet'...
2024-12-24 15:42:34,754 [INFO] Successfully exported 'lineitem' to '/home/jeroen/data/gen/sf3000/lineitem/lineitem_0000017.parquet'.
2024-12-24 15:42:34,755 [INFO] Dropped table 'nation' after export.
2024-12-24 15:42:34,756 [INFO] Dropped table 'customer' after export.
2024-12-24 15:42:34,757 [INFO] Dropped table 'partsupp' after export.
2024-12-24 15:42:34,757 [INFO] Dropped table 'region' after export.
2024-12-24 15:42:34,761 [INFO] Dropped table 'orders' after export.
2024-12-24 15:42:34,761 [INFO] Dropped table 'part' after export.
2024-12-24 15:42:34,762 [INFO] Dropped table 'supplier' after export.
2024-12-24 15:42:34,769 [INFO] Dropped table 'lineitem' after export.
2024-12-24 15:42:34,769 [INFO] === Step 18 ===
2024-12-24 15:42:34,769 [INFO] Generating data with dbgen (sf=3000, children=3000, step=18)...
2024-12-24 15:42:47,514 [ERROR] dbgen failed at step 18: Query interrupted
2024-12-24 15:42:47,514 [INFO] === Step 19 ===
2024-12-24 15:42:47,515 [INFO] Generating data with dbgen (sf=3000, children=3000, step=19)...
2024-12-24 15:43:00,224 [INFO] Data generation completed.
2024-12-24 15:43:00,235 [INFO] New tables generated at step 19: {'nation', 'customer', 'partsupp', 'region', 'orders', 'part', 'supplier', 'lineitem'}
2024-12-24 15:43:00,235 [INFO] Exporting table 'nation' to '/home/jeroen/data/gen/sf3000/nation/nation_0000019.parquet'...
2024-12-24 15:43:00,236 [INFO] Successfully exported 'nation' to '/home/jeroen/data/gen/sf3000/nation/nation_0000019.parquet'.
2024-12-24 15:43:00,236 [INFO] Exporting table 'customer' to '/home/jeroen/data/gen/sf3000/customer/customer_0000019.parquet'...
2024-12-24 15:43:00,456 [INFO] Successfully exported 'customer' to '/home/jeroen/data/gen/sf3000/customer/customer_0000019.parquet'.
2024-12-24 15:43:00,457 [INFO] Exporting table 'partsupp' to '/home/jeroen/data/gen/sf3000/partsupp/partsupp_0000019.parquet'...
2024-12-24 15:43:00,686 [INFO] Successfully exported 'partsupp' to '/home/jeroen/data/gen/sf3000/partsupp/partsupp_0000019.parquet'.
2024-12-24 15:43:00,686 [INFO] Exporting table 'region' to '/home/jeroen/data/gen/sf3000/region/region_0000019.parquet'...
2024-12-24 15:43:00,687 [INFO] Successfully exported 'region' to '/home/jeroen/data/gen/sf3000/region/region_0000019.parquet'.
2024-12-24 15:43:00,687 [INFO] Exporting table 'orders' to '/home/jeroen/data/gen/sf3000/orders/orders_0000019.parquet'...
2024-12-24 15:43:00,991 [INFO] Successfully exported 'orders' to '/home/jeroen/data/gen/sf3000/orders/orders_0000019.parquet'.
2024-12-24 15:43:00,991 [INFO] Exporting table 'part' to '/home/jeroen/data/gen/sf3000/part/part_0000019.parquet'...
2024-12-24 15:43:01,198 [INFO] Successfully exported 'part' to '/home/jeroen/data/gen/sf3000/part/part_0000019.parquet'.
2024-12-24 15:43:01,199 [INFO] Exporting table 'supplier' to '/home/jeroen/data/gen/sf3000/supplier/supplier_0000019.parquet'...
2024-12-24 15:43:01,218 [INFO] Successfully exported 'supplier' to '/home/jeroen/data/gen/sf3000/supplier/supplier_0000019.parquet'.
2024-12-24 15:43:01,218 [INFO] Exporting table 'lineitem' to '/home/jeroen/data/gen/sf3000/lineitem/lineitem_0000019.parquet'...
2024-12-24 15:43:01,902 [INFO] Successfully exported 'lineitem' to '/home/jeroen/data/gen/sf3000/lineitem/lineitem_0000019.parquet'.
2024-12-24 15:43:01,903 [INFO] Dropped table 'nation' after export.
2024-12-24 15:43:01,904 [INFO] Dropped table 'customer' after export.
2024-12-24 15:43:01,906 [INFO] Dropped table 'partsupp' after export.
2024-12-24 15:43:01,907 [INFO] Dropped table 'region' after export.
2024-12-24 15:43:01,909 [INFO] Dropped table 'orders' after export.
2024-12-24 15:43:01,910 [INFO] Dropped table 'part' after export.
2024-12-24 15:43:01,910 [INFO] Dropped table 'supplier' after export.
2024-12-24 15:43:01,917 [INFO] Dropped table 'lineitem' after export.
2024-12-24 15:43:01,917 [INFO] === Step 20 ===
2024-12-24 15:43:01,917 [INFO] Generating data with dbgen (sf=3000, children=3000, step=20)...
2024-12-24 15:43:14,670 [INFO] Data generation completed.
2024-12-24 15:43:14,683 [INFO] New tables generated at step 20: {'nation', 'customer', 'partsupp', 'region', 'orders', 'part', 'supplier', 'lineitem'}
2024-12-24 15:43:14,683 [INFO] Exporting table 'nation' to '/home/jeroen/data/gen/sf3000/nation/nation_0000020.parquet'...
2024-12-24 15:43:14,684 [INFO] Successfully exported 'nation' to '/home/jeroen/data/gen/sf3000/nation/nation_0000020.parquet'.
2024-12-24 15:43:14,685 [INFO] Exporting table 'customer' to '/home/jeroen/data/gen/sf3000/customer/customer_0000020.parquet'...
2024-12-24 15:43:14,886 [ERROR] Failed to export table 'customer': Query interrupted
2024-12-24 15:43:14,886 [INFO] Exporting table 'partsupp' to '/home/jeroen/data/gen/sf3000/partsupp/partsupp_0000020.parquet'...
2024-12-24 15:43:15,071 [ERROR] Failed to export table 'partsupp': Query interrupted
2024-12-24 15:43:15,071 [INFO] Exporting table 'region' to '/home/jeroen/data/gen/sf3000/region/region_0000020.parquet'...
2024-12-24 15:43:15,104 [INFO] Successfully exported 'region' to '/home/jeroen/data/gen/sf3000/region/region_0000020.parquet'.
2024-12-24 15:43:15,104 [INFO] Exporting table 'orders' to '/home/jeroen/data/gen/sf3000/orders/orders_0000020.parquet'...
2024-12-24 15:43:15,144 [ERROR] Failed to export table 'orders': Query interrupted
2024-12-24 15:43:15,144 [INFO] Exporting table 'part' to '/home/jeroen/data/gen/sf3000/part/part_0000020.parquet'...
2024-12-24 15:43:15,337 [ERROR] Failed to export table 'part': Query interrupted
2024-12-24 15:43:15,338 [INFO] Exporting table 'supplier' to '/home/jeroen/data/gen/sf3000/supplier/supplier_0000020.parquet'...
2024-12-24 15:43:15,427 [INFO] Successfully exported 'supplier' to '/home/jeroen/data/gen/sf3000/supplier/supplier_0000020.parquet'.
2024-12-24 15:43:15,427 [INFO] Exporting table 'lineitem' to '/home/jeroen/data/gen/sf3000/lineitem/lineitem_0000020.parquet'...
2024-12-24 15:43:15,525 [ERROR] Failed to export table 'lineitem': Query interrupted
2024-12-24 15:43:15,589 [INFO] Dropped table 'nation' after export.
2024-12-24 15:43:15,590 [INFO] Dropped table 'customer' after export.
2024-12-24 15:43:15,590 [INFO] Dropped table 'partsupp' after export.
2024-12-24 15:43:15,591 [INFO] Dropped table 'region' after export.
2024-12-24 15:43:15,592 [INFO] Dropped table 'orders' after export.
2024-12-24 15:43:15,594 [INFO] Dropped table 'part' after export.
2024-12-24 15:43:15,595 [INFO] Dropped table 'supplier' after export.
2024-12-24 15:43:15,599 [INFO] Dropped table 'lineitem' after export.
2024-12-24 15:43:15,600 [INFO] === Step 21 ===
2024-12-24 15:43:15,600 [INFO] Generating data with dbgen (sf=3000, children=3000, step=21)...
2024-12-24 15:43:28,596 [ERROR] dbgen failed at step 21: Query interrupted
2024-12-24 15:43:28,596 [INFO] === Step 22 ===
2024-12-24 15:43:28,597 [INFO] Generating data with dbgen (sf=3000, children=3000, step=22)...
2024-12-24 15:43:42,287 [ERROR] dbgen failed at step 22: Query interrupted
2024-12-24 15:43:42,288 [INFO] === Step 23 ===
2024-12-24 15:43:42,288 [INFO] Generating data with dbgen (sf=3000, children=3000, step=23)...
2024-12-24 15:44:10,817 [INFO] Parquet files will be saved to '/home/jeroen/data/gen/sf3000' (in table dir).
2024-12-24 15:44:10,871 [INFO] Connected to DuckDB database ':memory:'.
2024-12-24 15:44:10,918 [INFO] Initial tables in the database: set()
2024-12-24 15:44:10,919 [INFO] === Step 0 ===
2024-12-24 15:44:10,919 [INFO] Generating data with dbgen (sf=3000, children=500, step=0)...
2024-12-24 15:45:24,499 [INFO] Data generation completed.
2024-12-24 15:45:24,513 [INFO] New tables generated at step 0: {'part', 'partsupp', 'nation', 'orders', 'customer', 'lineitem', 'supplier', 'region'}
2024-12-24 15:45:24,514 [INFO] Exporting table 'part' to '/home/jeroen/data/gen/sf3000/part/part_0000000.parquet'...
2024-12-24 15:45:24,926 [INFO] Successfully exported 'part' to '/home/jeroen/data/gen/sf3000/part/part_0000000.parquet'.
2024-12-24 15:45:24,927 [INFO] Exporting table 'partsupp' to '/home/jeroen/data/gen/sf3000/partsupp/partsupp_0000000.parquet'...
2024-12-24 15:45:25,511 [INFO] Successfully exported 'partsupp' to '/home/jeroen/data/gen/sf3000/partsupp/partsupp_0000000.parquet'.
2024-12-24 15:45:25,512 [INFO] Exporting table 'nation' to '/home/jeroen/data/gen/sf3000/nation/nation_0000000.parquet'...
2024-12-24 15:45:25,513 [INFO] Successfully exported 'nation' to '/home/jeroen/data/gen/sf3000/nation/nation_0000000.parquet'.
2024-12-24 15:45:25,513 [INFO] Exporting table 'orders' to '/home/jeroen/data/gen/sf3000/orders/orders_0000000.parquet'...
2024-12-24 15:45:26,404 [INFO] Successfully exported 'orders' to '/home/jeroen/data/gen/sf3000/orders/orders_0000000.parquet'.
2024-12-24 15:45:26,405 [INFO] Exporting table 'customer' to '/home/jeroen/data/gen/sf3000/customer/customer_0000000.parquet'...
2024-12-24 15:45:26,689 [INFO] Successfully exported 'customer' to '/home/jeroen/data/gen/sf3000/customer/customer_0000000.parquet'.
2024-12-24 15:45:26,689 [INFO] Exporting table 'lineitem' to '/home/jeroen/data/gen/sf3000/lineitem/lineitem_0000000.parquet'...
2024-12-24 15:45:30,209 [INFO] Successfully exported 'lineitem' to '/home/jeroen/data/gen/sf3000/lineitem/lineitem_0000000.parquet'.
2024-12-24 15:45:30,209 [INFO] Exporting table 'supplier' to '/home/jeroen/data/gen/sf3000/supplier/supplier_0000000.parquet'...
2024-12-24 15:45:30,272 [INFO] Successfully exported 'supplier' to '/home/jeroen/data/gen/sf3000/supplier/supplier_0000000.parquet'.
2024-12-24 15:45:30,273 [INFO] Exporting table 'region' to '/home/jeroen/data/gen/sf3000/region/region_0000000.parquet'...
2024-12-24 15:45:30,274 [INFO] Successfully exported 'region' to '/home/jeroen/data/gen/sf3000/region/region_0000000.parquet'.
2024-12-24 15:45:30,275 [INFO] Dropped table 'part' after export.
2024-12-24 15:45:30,281 [INFO] Dropped table 'partsupp' after export.
2024-12-24 15:45:30,282 [INFO] Dropped table 'nation' after export.
2024-12-24 15:45:30,288 [INFO] Dropped table 'orders' after export.
2024-12-24 15:45:30,290 [INFO] Dropped table 'customer' after export.
2024-12-24 15:45:30,337 [INFO] Dropped table 'lineitem' after export.
2024-12-24 15:45:30,341 [INFO] Dropped table 'supplier' after export.
2024-12-24 15:45:30,341 [INFO] Dropped table 'region' after export.
2024-12-24 15:45:30,342 [INFO] === Step 1 ===
2024-12-24 15:45:30,342 [INFO] Generating data with dbgen (sf=3000, children=500, step=1)...
2024-12-24 15:48:42,536 [INFO] Parquet files will be saved to '/home/jeroen/data/gen/sf3000' (in table dir).
2024-12-24 15:48:42,587 [INFO] Connected to DuckDB database ':memory:'.
2024-12-24 15:48:42,623 [INFO] Initial tables in the database: set()
2024-12-24 15:48:42,623 [INFO] === Step 0 ===
2024-12-24 15:48:42,623 [INFO] Generating data with dbgen (sf=3000, children=500, step=0)...
2024-12-24 15:48:42,624 [ERROR] dbgen failed at step 0: Binder Error: Invalid named parameter "threads" for function dbgen
Candidates:
    step UINTEGER
    suffix VARCHAR
    schema VARCHAR
    catalog VARCHAR
    overwrite BOOLEAN
    children UINTEGER
    sf DOUBLE

2024-12-24 15:48:42,624 [INFO] === Step 1 ===
2024-12-24 15:48:42,624 [INFO] Generating data with dbgen (sf=3000, children=500, step=1)...
2024-12-24 15:48:42,624 [ERROR] dbgen failed at step 1: Binder Error: Invalid named parameter "threads" for function dbgen
Candidates:
    step UINTEGER
    suffix VARCHAR
    schema VARCHAR
    catalog VARCHAR
    overwrite BOOLEAN
    children UINTEGER
    sf DOUBLE

2024-12-24 15:48:42,624 [INFO] === Step 2 ===
2024-12-24 15:48:42,624 [INFO] Generating data with dbgen (sf=3000, children=500, step=2)...
2024-12-24 15:48:42,625 [ERROR] dbgen failed at step 2: Binder Error: Invalid named parameter "threads" for function dbgen
Candidates:
    step UINTEGER
    suffix VARCHAR
    schema VARCHAR
    catalog VARCHAR
    overwrite BOOLEAN
    children UINTEGER
    sf DOUBLE

2024-12-24 15:48:42,625 [INFO] === Step 3 ===
2024-12-24 15:48:42,625 [INFO] Generating data with dbgen (sf=3000, children=500, step=3)...
2024-12-24 15:48:42,625 [ERROR] dbgen failed at step 3: Binder Error: Invalid named parameter "threads" for function dbgen
Candidates:
    step UINTEGER
    suffix VARCHAR
    schema VARCHAR
    catalog VARCHAR
    overwrite BOOLEAN
    children UINTEGER
    sf DOUBLE

2024-12-24 15:48:42,625 [INFO] === Step 4 ===
2024-12-24 15:48:42,625 [INFO] Generating data with dbgen (sf=3000, children=500, step=4)...
2024-12-24 15:48:42,625 [ERROR] dbgen failed at step 4: Binder Error: Invalid named parameter "threads" for function dbgen
Candidates:
    step UINTEGER
    suffix VARCHAR
    schema VARCHAR
    catalog VARCHAR
    overwrite BOOLEAN
    children UINTEGER
    sf DOUBLE

2024-12-24 15:48:42,625 [INFO] === Step 5 ===
2024-12-24 15:48:42,625 [INFO] Generating data with dbgen (sf=3000, children=500, step=5)...
2024-12-24 15:48:42,626 [ERROR] dbgen failed at step 5: Binder Error: Invalid named parameter "threads" for function dbgen
Candidates:
    step UINTEGER
    suffix VARCHAR
    schema VARCHAR
    catalog VARCHAR
    overwrite BOOLEAN
    children UINTEGER
    sf DOUBLE

2024-12-24 15:48:42,626 [INFO] === Step 6 ===
2024-12-24 15:48:42,626 [INFO] Generating data with dbgen (sf=3000, children=500, step=6)...
2024-12-24 15:48:42,626 [ERROR] dbgen failed at step 6: Binder Error: Invalid named parameter "threads" for function dbgen
Candidates:
    step UINTEGER
    suffix VARCHAR
    schema VARCHAR
    catalog VARCHAR
    overwrite BOOLEAN
    children UINTEGER
    sf DOUBLE

2024-12-24 15:48:42,626 [INFO] === Step 7 ===
2024-12-24 15:48:42,626 [INFO] Generating data with dbgen (sf=3000, children=500, step=7)...
2024-12-24 15:48:42,626 [ERROR] dbgen failed at step 7: Binder Error: Invalid named parameter "threads" for function dbgen
Candidates:
    step UINTEGER
    suffix VARCHAR
    schema VARCHAR
    catalog VARCHAR
    overwrite BOOLEAN
    children UINTEGER
    sf DOUBLE

2024-12-24 15:48:42,627 [INFO] === Step 8 ===
2024-12-24 15:48:42,627 [INFO] Generating data with dbgen (sf=3000, children=500, step=8)...
2024-12-24 15:48:42,627 [ERROR] dbgen failed at step 8: Binder Error: Invalid named parameter "threads" for function dbgen
Candidates:
    step UINTEGER
    suffix VARCHAR
    schema VARCHAR
    catalog VARCHAR
    overwrite BOOLEAN
    children UINTEGER
    sf DOUBLE

2024-12-24 15:48:42,627 [INFO] === Step 9 ===
2024-12-24 15:48:42,627 [INFO] Generating data with dbgen (sf=3000, children=500, step=9)...
2024-12-24 15:48:42,627 [ERROR] dbgen failed at step 9: Binder Error: Invalid named parameter "threads" for function dbgen
Candidates:
    step UINTEGER
    suffix VARCHAR
    schema VARCHAR
    catalog VARCHAR
    overwrite BOOLEAN
    children UINTEGER
    sf DOUBLE

2024-12-24 15:48:42,627 [INFO] === Step 10 ===
2024-12-24 15:48:42,627 [INFO] Generating data with dbgen (sf=3000, children=500, step=10)...
2024-12-24 15:48:42,628 [ERROR] dbgen failed at step 10: Binder Error: Invalid named parameter "threads" for function dbgen
Candidates:
    step UINTEGER
    suffix VARCHAR
    schema VARCHAR
    catalog VARCHAR
    overwrite BOOLEAN
    children UINTEGER
    sf DOUBLE

2024-12-24 15:48:42,628 [INFO] === Step 11 ===
2024-12-24 15:48:42,628 [INFO] Generating data with dbgen (sf=3000, children=500, step=11)...
2024-12-24 15:48:42,628 [ERROR] dbgen failed at step 11: Binder Error: Invalid named parameter "threads" for function dbgen
Candidates:
    step UINTEGER
    suffix VARCHAR
    schema VARCHAR
    catalog VARCHAR
    overwrite BOOLEAN
    children UINTEGER
    sf DOUBLE

2024-12-24 15:48:42,628 [INFO] === Step 12 ===
2024-12-24 15:48:42,628 [INFO] Generating data with dbgen (sf=3000, children=500, step=12)...
2024-12-24 15:48:42,628 [ERROR] dbgen failed at step 12: Binder Error: Invalid named parameter "threads" for function dbgen
Candidates:
    step UINTEGER
    suffix VARCHAR
    schema VARCHAR
    catalog VARCHAR
    overwrite BOOLEAN
    children UINTEGER
    sf DOUBLE

2024-12-24 15:48:42,628 [INFO] === Step 13 ===
2024-12-24 15:48:42,628 [INFO] Generating data with dbgen (sf=3000, children=500, step=13)...
2024-12-24 15:48:42,629 [ERROR] dbgen failed at step 13: Binder Error: Invalid named parameter "threads" for function dbgen
Candidates:
    step UINTEGER
    suffix VARCHAR
    schema VARCHAR
    catalog VARCHAR
    overwrite BOOLEAN
    children UINTEGER
    sf DOUBLE

2024-12-24 15:48:42,629 [INFO] === Step 14 ===
2024-12-24 15:48:42,629 [INFO] Generating data with dbgen (sf=3000, children=500, step=14)...
2024-12-24 15:48:42,629 [ERROR] dbgen failed at step 14: Binder Error: Invalid named parameter "threads" for function dbgen
Candidates:
    step UINTEGER
    suffix VARCHAR
    schema VARCHAR
    catalog VARCHAR
    overwrite BOOLEAN
    children UINTEGER
    sf DOUBLE

2024-12-24 15:48:42,629 [INFO] === Step 15 ===
2024-12-24 15:48:42,629 [INFO] Generating data with dbgen (sf=3000, children=500, step=15)...
2024-12-24 15:48:42,629 [ERROR] dbgen failed at step 15: Binder Error: Invalid named parameter "threads" for function dbgen
Candidates:
    step UINTEGER
    suffix VARCHAR
    schema VARCHAR
    catalog VARCHAR
    overwrite BOOLEAN
    children UINTEGER
    sf DOUBLE

2024-12-24 15:48:42,629 [INFO] === Step 16 ===
2024-12-24 15:48:42,629 [INFO] Generating data with dbgen (sf=3000, children=500, step=16)...
2024-12-24 15:48:42,630 [ERROR] dbgen failed at step 16: Binder Error: Invalid named parameter "threads" for function dbgen
Candidates:
    step UINTEGER
    suffix VARCHAR
    schema VARCHAR
    catalog VARCHAR
    overwrite BOOLEAN
    children UINTEGER
    sf DOUBLE

2024-12-24 15:48:42,630 [INFO] === Step 17 ===
2024-12-24 15:48:42,630 [INFO] Generating data with dbgen (sf=3000, children=500, step=17)...
2024-12-24 15:48:42,630 [ERROR] dbgen failed at step 17: Binder Error: Invalid named parameter "threads" for function dbgen
Candidates:
    step UINTEGER
    suffix VARCHAR
    schema VARCHAR
    catalog VARCHAR
    overwrite BOOLEAN
    children UINTEGER
    sf DOUBLE

2024-12-24 15:48:42,630 [INFO] === Step 18 ===
2024-12-24 15:48:42,630 [INFO] Generating data with dbgen (sf=3000, children=500, step=18)...
2024-12-24 15:48:42,630 [ERROR] dbgen failed at step 18: Binder Error: Invalid named parameter "threads" for function dbgen
Candidates:
    step UINTEGER
    suffix VARCHAR
    schema VARCHAR
    catalog VARCHAR
    overwrite BOOLEAN
    children UINTEGER
    sf DOUBLE

2024-12-24 15:48:42,630 [INFO] === Step 19 ===
2024-12-24 15:48:42,630 [INFO] Generating data with dbgen (sf=3000, children=500, step=19)...
2024-12-24 15:48:42,631 [ERROR] dbgen failed at step 19: Binder Error: Invalid named parameter "threads" for function dbgen
Candidates:
    step UINTEGER
    suffix VARCHAR
    schema VARCHAR
    catalog VARCHAR
    overwrite BOOLEAN
    children UINTEGER
    sf DOUBLE

2024-12-24 15:48:42,631 [INFO] === Step 20 ===
2024-12-24 15:48:42,631 [INFO] Generating data with dbgen (sf=3000, children=500, step=20)...
2024-12-24 15:48:42,631 [ERROR] dbgen failed at step 20: Binder Error: Invalid named parameter "threads" for function dbgen
Candidates:
    step UINTEGER
    suffix VARCHAR
    schema VARCHAR
    catalog VARCHAR
    overwrite BOOLEAN
    children UINTEGER
    sf DOUBLE

2024-12-24 15:48:42,631 [INFO] === Step 21 ===
2024-12-24 15:48:42,631 [INFO] Generating data with dbgen (sf=3000, children=500, step=21)...
2024-12-24 15:48:42,631 [ERROR] dbgen failed at step 21: Binder Error: Invalid named parameter "threads" for function dbgen
Candidates:
    step UINTEGER
    suffix VARCHAR
    schema VARCHAR
    catalog VARCHAR
    overwrite BOOLEAN
    children UINTEGER
    sf DOUBLE

2024-12-24 15:48:42,631 [INFO] === Step 22 ===
2024-12-24 15:48:42,632 [INFO] Generating data with dbgen (sf=3000, children=500, step=22)...
2024-12-24 15:48:42,632 [ERROR] dbgen failed at step 22: Binder Error: Invalid named parameter "threads" for function dbgen
Candidates:
    step UINTEGER
    suffix VARCHAR
    schema VARCHAR
    catalog VARCHAR
    overwrite BOOLEAN
    children UINTEGER
    sf DOUBLE

2024-12-24 15:48:42,632 [INFO] === Step 23 ===
2024-12-24 15:48:42,632 [INFO] Generating data with dbgen (sf=3000, children=500, step=23)...
2024-12-24 15:48:42,632 [ERROR] dbgen failed at step 23: Binder Error: Invalid named parameter "threads" for function dbgen
Candidates:
    step UINTEGER
    suffix VARCHAR
    schema VARCHAR
    catalog VARCHAR
    overwrite BOOLEAN
    children UINTEGER
    sf DOUBLE

2024-12-24 15:48:42,632 [INFO] === Step 24 ===
2024-12-24 15:48:42,632 [INFO] Generating data with dbgen (sf=3000, children=500, step=24)...
2024-12-24 15:48:42,632 [ERROR] dbgen failed at step 24: Binder Error: Invalid named parameter "threads" for function dbgen
Candidates:
    step UINTEGER
    suffix VARCHAR
    schema VARCHAR
    catalog VARCHAR
    overwrite BOOLEAN
    children UINTEGER
    sf DOUBLE

2024-12-24 15:48:42,633 [INFO] === Step 25 ===
2024-12-24 15:48:42,633 [INFO] Generating data with dbgen (sf=3000, children=500, step=25)...
2024-12-24 15:48:42,633 [ERROR] dbgen failed at step 25: Binder Error: Invalid named parameter "threads" for function dbgen
Candidates:
    step UINTEGER
    suffix VARCHAR
    schema VARCHAR
    catalog VARCHAR
    overwrite BOOLEAN
    children UINTEGER
    sf DOUBLE

2024-12-24 15:48:42,633 [INFO] === Step 26 ===
2024-12-24 15:48:42,633 [INFO] Generating data with dbgen (sf=3000, children=500, step=26)...
2024-12-24 15:48:42,633 [ERROR] dbgen failed at step 26: Binder Error: Invalid named parameter "threads" for function dbgen
Candidates:
    step UINTEGER
    suffix VARCHAR
    schema VARCHAR
    catalog VARCHAR
    overwrite BOOLEAN
    children UINTEGER
    sf DOUBLE

2024-12-24 15:48:42,633 [INFO] === Step 27 ===
2024-12-24 15:48:42,633 [INFO] Generating data with dbgen (sf=3000, children=500, step=27)...
2024-12-24 15:48:42,633 [ERROR] dbgen failed at step 27: Binder Error: Invalid named parameter "threads" for function dbgen
Candidates:
    step UINTEGER
    suffix VARCHAR
    schema VARCHAR
    catalog VARCHAR
    overwrite BOOLEAN
    children UINTEGER
    sf DOUBLE

2024-12-24 15:48:42,634 [INFO] === Step 28 ===
2024-12-24 15:48:42,634 [INFO] Generating data with dbgen (sf=3000, children=500, step=28)...
2024-12-24 15:48:42,634 [ERROR] dbgen failed at step 28: Binder Error: Invalid named parameter "threads" for function dbgen
Candidates:
    step UINTEGER
    suffix VARCHAR
    schema VARCHAR
    catalog VARCHAR
    overwrite BOOLEAN
    children UINTEGER
    sf DOUBLE

2024-12-24 15:48:42,634 [INFO] === Step 29 ===
2024-12-24 15:48:42,634 [INFO] Generating data with dbgen (sf=3000, children=500, step=29)...
2024-12-24 15:48:42,634 [ERROR] dbgen failed at step 29: Binder Error: Invalid named parameter "threads" for function dbgen
Candidates:
    step UINTEGER
    suffix VARCHAR
    schema VARCHAR
    catalog VARCHAR
    overwrite BOOLEAN
    children UINTEGER
    sf DOUBLE

2024-12-24 15:48:42,634 [INFO] === Step 30 ===
2024-12-24 15:48:42,634 [INFO] Generating data with dbgen (sf=3000, children=500, step=30)...
2024-12-24 15:48:42,635 [ERROR] dbgen failed at step 30: Binder Error: Invalid named parameter "threads" for function dbgen
Candidates:
    step UINTEGER
    suffix VARCHAR
    schema VARCHAR
    catalog VARCHAR
    overwrite BOOLEAN
    children UINTEGER
    sf DOUBLE

2024-12-24 15:48:42,635 [INFO] === Step 31 ===
2024-12-24 15:48:42,635 [INFO] Generating data with dbgen (sf=3000, children=500, step=31)...
2024-12-24 15:48:42,635 [ERROR] dbgen failed at step 31: Binder Error: Invalid named parameter "threads" for function dbgen
Candidates:
    step UINTEGER
    suffix VARCHAR
    schema VARCHAR
    catalog VARCHAR
    overwrite BOOLEAN
    children UINTEGER
    sf DOUBLE

2024-12-24 15:48:42,635 [INFO] === Step 32 ===
2024-12-24 15:48:42,635 [INFO] Generating data with dbgen (sf=3000, children=500, step=32)...
2024-12-24 15:48:42,635 [ERROR] dbgen failed at step 32: Binder Error: Invalid named parameter "threads" for function dbgen
Candidates:
    step UINTEGER
    suffix VARCHAR
    schema VARCHAR
    catalog VARCHAR
    overwrite BOOLEAN
    children UINTEGER
    sf DOUBLE

2024-12-24 15:48:42,635 [INFO] === Step 33 ===
2024-12-24 15:48:42,635 [INFO] Generating data with dbgen (sf=3000, children=500, step=33)...
2024-12-24 15:48:42,636 [ERROR] dbgen failed at step 33: Binder Error: Invalid named parameter "threads" for function dbgen
Candidates:
    step UINTEGER
    suffix VARCHAR
    schema VARCHAR
    catalog VARCHAR
    overwrite BOOLEAN
    children UINTEGER
    sf DOUBLE

2024-12-24 15:48:42,636 [INFO] === Step 34 ===
2024-12-24 15:48:42,636 [INFO] Generating data with dbgen (sf=3000, children=500, step=34)...
2024-12-24 15:48:42,636 [ERROR] dbgen failed at step 34: Binder Error: Invalid named parameter "threads" for function dbgen
Candidates:
    step UINTEGER
    suffix VARCHAR
    schema VARCHAR
    catalog VARCHAR
    overwrite BOOLEAN
    children UINTEGER
    sf DOUBLE

2024-12-24 15:48:42,636 [INFO] === Step 35 ===
2024-12-24 15:48:42,636 [INFO] Generating data with dbgen (sf=3000, children=500, step=35)...
2024-12-24 15:48:42,636 [ERROR] dbgen failed at step 35: Binder Error: Invalid named parameter "threads" for function dbgen
Candidates:
    step UINTEGER
    suffix VARCHAR
    schema VARCHAR
    catalog VARCHAR
    overwrite BOOLEAN
    children UINTEGER
    sf DOUBLE

2024-12-24 15:48:42,636 [INFO] === Step 36 ===
2024-12-24 15:48:42,637 [INFO] Generating data with dbgen (sf=3000, children=500, step=36)...
2024-12-24 15:48:42,637 [ERROR] dbgen failed at step 36: Binder Error: Invalid named parameter "threads" for function dbgen
Candidates:
    step UINTEGER
    suffix VARCHAR
    schema VARCHAR
    catalog VARCHAR
    overwrite BOOLEAN
    children UINTEGER
    sf DOUBLE

2024-12-24 15:48:42,637 [INFO] === Step 37 ===
2024-12-24 15:48:42,637 [INFO] Generating data with dbgen (sf=3000, children=500, step=37)...
2024-12-24 15:48:42,637 [ERROR] dbgen failed at step 37: Binder Error: Invalid named parameter "threads" for function dbgen
Candidates:
    step UINTEGER
    suffix VARCHAR
    schema VARCHAR
    catalog VARCHAR
    overwrite BOOLEAN
    children UINTEGER
    sf DOUBLE

2024-12-24 15:48:42,637 [INFO] === Step 38 ===
2024-12-24 15:48:42,637 [INFO] Generating data with dbgen (sf=3000, children=500, step=38)...
2024-12-24 15:48:42,638 [ERROR] dbgen failed at step 38: Binder Error: Invalid named parameter "threads" for function dbgen
Candidates:
    step UINTEGER
    suffix VARCHAR
    schema VARCHAR
    catalog VARCHAR
    overwrite BOOLEAN
    children UINTEGER
    sf DOUBLE

2024-12-24 15:48:42,638 [INFO] === Step 39 ===
2024-12-24 15:48:42,638 [INFO] Generating data with dbgen (sf=3000, children=500, step=39)...
2024-12-24 15:48:42,638 [ERROR] dbgen failed at step 39: Binder Error: Invalid named parameter "threads" for function dbgen
Candidates:
    step UINTEGER
    suffix VARCHAR
    schema VARCHAR
    catalog VARCHAR
    overwrite BOOLEAN
    children UINTEGER
    sf DOUBLE

2024-12-24 15:48:42,638 [INFO] === Step 40 ===
2024-12-24 15:48:42,638 [INFO] Generating data with dbgen (sf=3000, children=500, step=40)...
2024-12-24 15:48:42,638 [ERROR] dbgen failed at step 40: Binder Error: Invalid named parameter "threads" for function dbgen
Candidates:
    step UINTEGER
    suffix VARCHAR
    schema VARCHAR
    catalog VARCHAR
    overwrite BOOLEAN
    children UINTEGER
    sf DOUBLE

2024-12-24 15:48:42,638 [INFO] === Step 41 ===
2024-12-24 15:48:42,639 [INFO] Generating data with dbgen (sf=3000, children=500, step=41)...
2024-12-24 15:48:42,639 [ERROR] dbgen failed at step 41: Binder Error: Invalid named parameter "threads" for function dbgen
Candidates:
    step UINTEGER
    suffix VARCHAR
    schema VARCHAR
    catalog VARCHAR
    overwrite BOOLEAN
    children UINTEGER
    sf DOUBLE

2024-12-24 15:48:42,639 [INFO] === Step 42 ===
2024-12-24 15:48:42,639 [INFO] Generating data with dbgen (sf=3000, children=500, step=42)...
2024-12-24 15:48:42,639 [ERROR] dbgen failed at step 42: Binder Error: Invalid named parameter "threads" for function dbgen
Candidates:
    step UINTEGER
    suffix VARCHAR
    schema VARCHAR
    catalog VARCHAR
    overwrite BOOLEAN
    children UINTEGER
    sf DOUBLE

2024-12-24 15:48:42,639 [INFO] === Step 43 ===
2024-12-24 15:48:42,639 [INFO] Generating data with dbgen (sf=3000, children=500, step=43)...
2024-12-24 15:48:42,640 [ERROR] dbgen failed at step 43: Binder Error: Invalid named parameter "threads" for function dbgen
Candidates:
    step UINTEGER
    suffix VARCHAR
    schema VARCHAR
    catalog VARCHAR
    overwrite BOOLEAN
    children UINTEGER
    sf DOUBLE

2024-12-24 15:48:42,640 [INFO] === Step 44 ===
2024-12-24 15:48:42,640 [INFO] Generating data with dbgen (sf=3000, children=500, step=44)...
2024-12-24 15:48:42,640 [ERROR] dbgen failed at step 44: Binder Error: Invalid named parameter "threads" for function dbgen
Candidates:
    step UINTEGER
    suffix VARCHAR
    schema VARCHAR
    catalog VARCHAR
    overwrite BOOLEAN
    children UINTEGER
    sf DOUBLE

2024-12-24 15:48:42,640 [INFO] === Step 45 ===
2024-12-24 15:48:42,640 [INFO] Generating data with dbgen (sf=3000, children=500, step=45)...
2024-12-24 15:48:42,640 [ERROR] dbgen failed at step 45: Binder Error: Invalid named parameter "threads" for function dbgen
Candidates:
    step UINTEGER
    suffix VARCHAR
    schema VARCHAR
    catalog VARCHAR
    overwrite BOOLEAN
    children UINTEGER
    sf DOUBLE

2024-12-24 15:48:42,640 [INFO] === Step 46 ===
2024-12-24 15:48:42,640 [INFO] Generating data with dbgen (sf=3000, children=500, step=46)...
2024-12-24 15:48:42,641 [ERROR] dbgen failed at step 46: Binder Error: Invalid named parameter "threads" for function dbgen
Candidates:
    step UINTEGER
    suffix VARCHAR
    schema VARCHAR
    catalog VARCHAR
    overwrite BOOLEAN
    children UINTEGER
    sf DOUBLE

2024-12-24 15:48:42,641 [INFO] === Step 47 ===
2024-12-24 15:48:42,641 [INFO] Generating data with dbgen (sf=3000, children=500, step=47)...
2024-12-24 15:48:42,641 [ERROR] dbgen failed at step 47: Binder Error: Invalid named parameter "threads" for function dbgen
Candidates:
    step UINTEGER
    suffix VARCHAR
    schema VARCHAR
    catalog VARCHAR
    overwrite BOOLEAN
    children UINTEGER
    sf DOUBLE

2024-12-24 15:48:42,641 [INFO] === Step 48 ===
2024-12-24 15:48:42,641 [INFO] Generating data with dbgen (sf=3000, children=500, step=48)...
2024-12-24 15:48:42,642 [ERROR] dbgen failed at step 48: Binder Error: Invalid named parameter "threads" for function dbgen
Candidates:
    step UINTEGER
    suffix VARCHAR
    schema VARCHAR
    catalog VARCHAR
    overwrite BOOLEAN
    children UINTEGER
    sf DOUBLE

2024-12-24 15:48:42,642 [INFO] === Step 49 ===
2024-12-24 15:48:42,642 [INFO] Generating data with dbgen (sf=3000, children=500, step=49)...
2024-12-24 15:48:42,642 [ERROR] dbgen failed at step 49: Binder Error: Invalid named parameter "threads" for function dbgen
Candidates:
    step UINTEGER
    suffix VARCHAR
    schema VARCHAR
    catalog VARCHAR
    overwrite BOOLEAN
    children UINTEGER
    sf DOUBLE

2024-12-24 15:48:42,642 [INFO] === Step 50 ===
2024-12-24 15:48:42,642 [INFO] Generating data with dbgen (sf=3000, children=500, step=50)...
2024-12-24 15:48:42,642 [ERROR] dbgen failed at step 50: Binder Error: Invalid named parameter "threads" for function dbgen
Candidates:
    step UINTEGER
    suffix VARCHAR
    schema VARCHAR
    catalog VARCHAR
    overwrite BOOLEAN
    children UINTEGER
    sf DOUBLE

2024-12-24 15:48:42,642 [INFO] === Step 51 ===
2024-12-24 15:48:42,642 [INFO] Generating data with dbgen (sf=3000, children=500, step=51)...
2024-12-24 15:48:42,643 [ERROR] dbgen failed at step 51: Binder Error: Invalid named parameter "threads" for function dbgen
Candidates:
    step UINTEGER
    suffix VARCHAR
    schema VARCHAR
    catalog VARCHAR
    overwrite BOOLEAN
    children UINTEGER
    sf DOUBLE

2024-12-24 15:48:42,643 [INFO] === Step 52 ===
2024-12-24 15:48:42,643 [INFO] Generating data with dbgen (sf=3000, children=500, step=52)...
2024-12-24 15:48:42,643 [ERROR] dbgen failed at step 52: Binder Error: Invalid named parameter "threads" for function dbgen
Candidates:
    step UINTEGER
    suffix VARCHAR
    schema VARCHAR
    catalog VARCHAR
    overwrite BOOLEAN
    children UINTEGER
    sf DOUBLE

2024-12-24 15:48:42,643 [INFO] === Step 53 ===
2024-12-24 15:48:42,643 [INFO] Generating data with dbgen (sf=3000, children=500, step=53)...
2024-12-24 15:48:42,643 [ERROR] dbgen failed at step 53: Binder Error: Invalid named parameter "threads" for function dbgen
Candidates:
    step UINTEGER
    suffix VARCHAR
    schema VARCHAR
    catalog VARCHAR
    overwrite BOOLEAN
    children UINTEGER
    sf DOUBLE

2024-12-24 15:48:42,644 [INFO] === Step 54 ===
2024-12-24 15:48:42,644 [INFO] Generating data with dbgen (sf=3000, children=500, step=54)...
2024-12-24 15:48:42,644 [ERROR] dbgen failed at step 54: Binder Error: Invalid named parameter "threads" for function dbgen
Candidates:
    step UINTEGER
    suffix VARCHAR
    schema VARCHAR
    catalog VARCHAR
    overwrite BOOLEAN
    children UINTEGER
    sf DOUBLE

2024-12-24 15:48:42,644 [INFO] === Step 55 ===
2024-12-24 15:48:42,644 [INFO] Generating data with dbgen (sf=3000, children=500, step=55)...
2024-12-24 15:48:42,644 [ERROR] dbgen failed at step 55: Binder Error: Invalid named parameter "threads" for function dbgen
Candidates:
    step UINTEGER
    suffix VARCHAR
    schema VARCHAR
    catalog VARCHAR
    overwrite BOOLEAN
    children UINTEGER
    sf DOUBLE

2024-12-24 15:48:42,644 [INFO] === Step 56 ===
2024-12-24 15:48:42,644 [INFO] Generating data with dbgen (sf=3000, children=500, step=56)...
2024-12-24 15:48:42,645 [ERROR] dbgen failed at step 56: Binder Error: Invalid named parameter "threads" for function dbgen
Candidates:
    step UINTEGER
    suffix VARCHAR
    schema VARCHAR
    catalog VARCHAR
    overwrite BOOLEAN
    children UINTEGER
    sf DOUBLE

2024-12-24 15:48:42,645 [INFO] === Step 57 ===
2024-12-24 15:48:42,645 [INFO] Generating data with dbgen (sf=3000, children=500, step=57)...
2024-12-24 15:48:42,645 [ERROR] dbgen failed at step 57: Binder Error: Invalid named parameter "threads" for function dbgen
Candidates:
    step UINTEGER
    suffix VARCHAR
    schema VARCHAR
    catalog VARCHAR
    overwrite BOOLEAN
    children UINTEGER
    sf DOUBLE

2024-12-24 15:48:42,645 [INFO] === Step 58 ===
2024-12-24 15:48:42,645 [INFO] Generating data with dbgen (sf=3000, children=500, step=58)...
2024-12-24 15:48:42,645 [ERROR] dbgen failed at step 58: Binder Error: Invalid named parameter "threads" for function dbgen
Candidates:
    step UINTEGER
    suffix VARCHAR
    schema VARCHAR
    catalog VARCHAR
    overwrite BOOLEAN
    children UINTEGER
    sf DOUBLE

2024-12-24 15:48:42,645 [INFO] === Step 59 ===
2024-12-24 15:48:42,645 [INFO] Generating data with dbgen (sf=3000, children=500, step=59)...
2024-12-24 15:48:42,646 [ERROR] dbgen failed at step 59: Binder Error: Invalid named parameter "threads" for function dbgen
Candidates:
    step UINTEGER
    suffix VARCHAR
    schema VARCHAR
    catalog VARCHAR
    overwrite BOOLEAN
    children UINTEGER
    sf DOUBLE

2024-12-24 15:48:42,646 [INFO] === Step 60 ===
2024-12-24 15:48:42,646 [INFO] Generating data with dbgen (sf=3000, children=500, step=60)...
2024-12-24 15:48:42,646 [ERROR] dbgen failed at step 60: Binder Error: Invalid named parameter "threads" for function dbgen
Candidates:
    step UINTEGER
    suffix VARCHAR
    schema VARCHAR
    catalog VARCHAR
    overwrite BOOLEAN
    children UINTEGER
    sf DOUBLE

2024-12-24 15:48:42,646 [INFO] === Step 61 ===
2024-12-24 15:48:42,646 [INFO] Generating data with dbgen (sf=3000, children=500, step=61)...
2024-12-24 15:48:42,647 [ERROR] dbgen failed at step 61: Binder Error: Invalid named parameter "threads" for function dbgen
Candidates:
    step UINTEGER
    suffix VARCHAR
    schema VARCHAR
    catalog VARCHAR
    overwrite BOOLEAN
    children UINTEGER
    sf DOUBLE

2024-12-24 15:48:42,647 [INFO] === Step 62 ===
2024-12-24 15:48:42,647 [INFO] Generating data with dbgen (sf=3000, children=500, step=62)...
2024-12-24 15:48:42,647 [ERROR] dbgen failed at step 62: Binder Error: Invalid named parameter "threads" for function dbgen
Candidates:
    step UINTEGER
    suffix VARCHAR
    schema VARCHAR
    catalog VARCHAR
    overwrite BOOLEAN
    children UINTEGER
    sf DOUBLE

2024-12-24 15:48:42,647 [INFO] === Step 63 ===
2024-12-24 15:48:42,647 [INFO] Generating data with dbgen (sf=3000, children=500, step=63)...
2024-12-24 15:48:42,647 [ERROR] dbgen failed at step 63: Binder Error: Invalid named parameter "threads" for function dbgen
Candidates:
    step UINTEGER
    suffix VARCHAR
    schema VARCHAR
    catalog VARCHAR
    overwrite BOOLEAN
    children UINTEGER
    sf DOUBLE

2024-12-24 15:48:42,647 [INFO] === Step 64 ===
2024-12-24 15:48:42,647 [INFO] Generating data with dbgen (sf=3000, children=500, step=64)...
2024-12-24 15:48:42,648 [ERROR] dbgen failed at step 64: Binder Error: Invalid named parameter "threads" for function dbgen
Candidates:
    step UINTEGER
    suffix VARCHAR
    schema VARCHAR
    catalog VARCHAR
    overwrite BOOLEAN
    children UINTEGER
    sf DOUBLE

2024-12-24 15:48:42,648 [INFO] === Step 65 ===
2024-12-24 15:48:42,648 [INFO] Generating data with dbgen (sf=3000, children=500, step=65)...
2024-12-24 15:48:42,648 [ERROR] dbgen failed at step 65: Binder Error: Invalid named parameter "threads" for function dbgen
Candidates:
    step UINTEGER
    suffix VARCHAR
    schema VARCHAR
    catalog VARCHAR
    overwrite BOOLEAN
    children UINTEGER
    sf DOUBLE

2024-12-24 15:48:42,648 [INFO] === Step 66 ===
2024-12-24 15:48:42,648 [INFO] Generating data with dbgen (sf=3000, children=500, step=66)...
2024-12-24 15:48:42,649 [ERROR] dbgen failed at step 66: Binder Error: Invalid named parameter "threads" for function dbgen
Candidates:
    step UINTEGER
    suffix VARCHAR
    schema VARCHAR
    catalog VARCHAR
    overwrite BOOLEAN
    children UINTEGER
    sf DOUBLE

2024-12-24 15:48:42,649 [INFO] === Step 67 ===
2024-12-24 15:48:42,649 [INFO] Generating data with dbgen (sf=3000, children=500, step=67)...
2024-12-24 15:48:42,649 [ERROR] dbgen failed at step 67: Binder Error: Invalid named parameter "threads" for function dbgen
Candidates:
    step UINTEGER
    suffix VARCHAR
    schema VARCHAR
    catalog VARCHAR
    overwrite BOOLEAN
    children UINTEGER
    sf DOUBLE

2024-12-24 15:48:42,649 [INFO] === Step 68 ===
2024-12-24 15:48:42,649 [INFO] Generating data with dbgen (sf=3000, children=500, step=68)...
2024-12-24 15:48:42,649 [ERROR] dbgen failed at step 68: Binder Error: Invalid named parameter "threads" for function dbgen
Candidates:
    step UINTEGER
    suffix VARCHAR
    schema VARCHAR
    catalog VARCHAR
    overwrite BOOLEAN
    children UINTEGER
    sf DOUBLE

2024-12-24 15:48:42,649 [INFO] === Step 69 ===
2024-12-24 15:48:42,649 [INFO] Generating data with dbgen (sf=3000, children=500, step=69)...
2024-12-24 15:48:42,650 [ERROR] dbgen failed at step 69: Binder Error: Invalid named parameter "threads" for function dbgen
Candidates:
    step UINTEGER
    suffix VARCHAR
    schema VARCHAR
    catalog VARCHAR
    overwrite BOOLEAN
    children UINTEGER
    sf DOUBLE

2024-12-24 15:48:42,650 [INFO] === Step 70 ===
2024-12-24 15:48:42,650 [INFO] Generating data with dbgen (sf=3000, children=500, step=70)...
2024-12-24 15:48:42,650 [ERROR] dbgen failed at step 70: Binder Error: Invalid named parameter "threads" for function dbgen
Candidates:
    step UINTEGER
    suffix VARCHAR
    schema VARCHAR
    catalog VARCHAR
    overwrite BOOLEAN
    children UINTEGER
    sf DOUBLE

2024-12-24 15:48:42,650 [INFO] === Step 71 ===
2024-12-24 15:48:42,650 [INFO] Generating data with dbgen (sf=3000, children=500, step=71)...
2024-12-24 15:48:42,650 [ERROR] dbgen failed at step 71: Binder Error: Invalid named parameter "threads" for function dbgen
Candidates:
    step UINTEGER
    suffix VARCHAR
    schema VARCHAR
    catalog VARCHAR
    overwrite BOOLEAN
    children UINTEGER
    sf DOUBLE

2024-12-24 15:48:42,650 [INFO] === Step 72 ===
2024-12-24 15:48:42,651 [INFO] Generating data with dbgen (sf=3000, children=500, step=72)...
2024-12-24 15:48:42,651 [ERROR] dbgen failed at step 72: Binder Error: Invalid named parameter "threads" for function dbgen
Candidates:
    step UINTEGER
    suffix VARCHAR
    schema VARCHAR
    catalog VARCHAR
    overwrite BOOLEAN
    children UINTEGER
    sf DOUBLE

2024-12-24 15:48:42,651 [INFO] === Step 73 ===
2024-12-24 15:48:42,651 [INFO] Generating data with dbgen (sf=3000, children=500, step=73)...
2024-12-24 15:48:42,651 [ERROR] dbgen failed at step 73: Binder Error: Invalid named parameter "threads" for function dbgen
Candidates:
    step UINTEGER
    suffix VARCHAR
    schema VARCHAR
    catalog VARCHAR
    overwrite BOOLEAN
    children UINTEGER
    sf DOUBLE

2024-12-24 15:48:42,651 [INFO] === Step 74 ===
2024-12-24 15:48:42,651 [INFO] Generating data with dbgen (sf=3000, children=500, step=74)...
2024-12-24 15:48:42,652 [ERROR] dbgen failed at step 74: Binder Error: Invalid named parameter "threads" for function dbgen
Candidates:
    step UINTEGER
    suffix VARCHAR
    schema VARCHAR
    catalog VARCHAR
    overwrite BOOLEAN
    children UINTEGER
    sf DOUBLE

2024-12-24 15:48:42,652 [INFO] === Step 75 ===
2024-12-24 15:48:42,652 [INFO] Generating data with dbgen (sf=3000, children=500, step=75)...
2024-12-24 15:48:42,652 [ERROR] dbgen failed at step 75: Binder Error: Invalid named parameter "threads" for function dbgen
Candidates:
    step UINTEGER
    suffix VARCHAR
    schema VARCHAR
    catalog VARCHAR
    overwrite BOOLEAN
    children UINTEGER
    sf DOUBLE

2024-12-24 15:48:42,652 [INFO] === Step 76 ===
2024-12-24 15:48:42,652 [INFO] Generating data with dbgen (sf=3000, children=500, step=76)...
2024-12-24 15:48:42,652 [ERROR] dbgen failed at step 76: Binder Error: Invalid named parameter "threads" for function dbgen
Candidates:
    step UINTEGER
    suffix VARCHAR
    schema VARCHAR
    catalog VARCHAR
    overwrite BOOLEAN
    children UINTEGER
    sf DOUBLE

2024-12-24 15:48:42,652 [INFO] === Step 77 ===
2024-12-24 15:48:42,652 [INFO] Generating data with dbgen (sf=3000, children=500, step=77)...
2024-12-24 15:48:42,653 [ERROR] dbgen failed at step 77: Binder Error: Invalid named parameter "threads" for function dbgen
Candidates:
    step UINTEGER
    suffix VARCHAR
    schema VARCHAR
    catalog VARCHAR
    overwrite BOOLEAN
    children UINTEGER
    sf DOUBLE

2024-12-24 15:48:42,653 [INFO] === Step 78 ===
2024-12-24 15:48:42,653 [INFO] Generating data with dbgen (sf=3000, children=500, step=78)...
2024-12-24 15:48:42,653 [ERROR] dbgen failed at step 78: Binder Error: Invalid named parameter "threads" for function dbgen
Candidates:
    step UINTEGER
    suffix VARCHAR
    schema VARCHAR
    catalog VARCHAR
    overwrite BOOLEAN
    children UINTEGER
    sf DOUBLE

2024-12-24 15:48:42,653 [INFO] === Step 79 ===
2024-12-24 15:48:42,653 [INFO] Generating data with dbgen (sf=3000, children=500, step=79)...
2024-12-24 15:48:42,653 [ERROR] dbgen failed at step 79: Binder Error: Invalid named parameter "threads" for function dbgen
Candidates:
    step UINTEGER
    suffix VARCHAR
    schema VARCHAR
    catalog VARCHAR
    overwrite BOOLEAN
    children UINTEGER
    sf DOUBLE

2024-12-24 15:48:42,654 [INFO] === Step 80 ===
2024-12-24 15:48:42,654 [INFO] Generating data with dbgen (sf=3000, children=500, step=80)...
2024-12-24 15:48:42,654 [ERROR] dbgen failed at step 80: Binder Error: Invalid named parameter "threads" for function dbgen
Candidates:
    step UINTEGER
    suffix VARCHAR
    schema VARCHAR
    catalog VARCHAR
    overwrite BOOLEAN
    children UINTEGER
    sf DOUBLE

2024-12-24 15:48:42,654 [INFO] === Step 81 ===
2024-12-24 15:48:42,654 [INFO] Generating data with dbgen (sf=3000, children=500, step=81)...
2024-12-24 15:48:42,654 [ERROR] dbgen failed at step 81: Binder Error: Invalid named parameter "threads" for function dbgen
Candidates:
    step UINTEGER
    suffix VARCHAR
    schema VARCHAR
    catalog VARCHAR
    overwrite BOOLEAN
    children UINTEGER
    sf DOUBLE

2024-12-24 15:48:42,654 [INFO] === Step 82 ===
2024-12-24 15:48:42,654 [INFO] Generating data with dbgen (sf=3000, children=500, step=82)...
2024-12-24 15:48:42,655 [ERROR] dbgen failed at step 82: Binder Error: Invalid named parameter "threads" for function dbgen
Candidates:
    step UINTEGER
    suffix VARCHAR
    schema VARCHAR
    catalog VARCHAR
    overwrite BOOLEAN
    children UINTEGER
    sf DOUBLE

2024-12-24 15:48:42,655 [INFO] === Step 83 ===
2024-12-24 15:48:42,655 [INFO] Generating data with dbgen (sf=3000, children=500, step=83)...
2024-12-24 15:48:42,655 [ERROR] dbgen failed at step 83: Binder Error: Invalid named parameter "threads" for function dbgen
Candidates:
    step UINTEGER
    suffix VARCHAR
    schema VARCHAR
    catalog VARCHAR
    overwrite BOOLEAN
    children UINTEGER
    sf DOUBLE

2024-12-24 15:48:42,655 [INFO] === Step 84 ===
2024-12-24 15:48:42,655 [INFO] Generating data with dbgen (sf=3000, children=500, step=84)...
2024-12-24 15:48:42,656 [ERROR] dbgen failed at step 84: Binder Error: Invalid named parameter "threads" for function dbgen
Candidates:
    step UINTEGER
    suffix VARCHAR
    schema VARCHAR
    catalog VARCHAR
    overwrite BOOLEAN
    children UINTEGER
    sf DOUBLE

2024-12-24 15:48:42,656 [INFO] === Step 85 ===
2024-12-24 15:48:42,656 [INFO] Generating data with dbgen (sf=3000, children=500, step=85)...
2024-12-24 15:48:42,656 [ERROR] dbgen failed at step 85: Binder Error: Invalid named parameter "threads" for function dbgen
Candidates:
    step UINTEGER
    suffix VARCHAR
    schema VARCHAR
    catalog VARCHAR
    overwrite BOOLEAN
    children UINTEGER
    sf DOUBLE

2024-12-24 15:48:42,656 [INFO] === Step 86 ===
2024-12-24 15:48:42,656 [INFO] Generating data with dbgen (sf=3000, children=500, step=86)...
2024-12-24 15:48:42,656 [ERROR] dbgen failed at step 86: Binder Error: Invalid named parameter "threads" for function dbgen
Candidates:
    step UINTEGER
    suffix VARCHAR
    schema VARCHAR
    catalog VARCHAR
    overwrite BOOLEAN
    children UINTEGER
    sf DOUBLE

2024-12-24 15:48:42,656 [INFO] === Step 87 ===
2024-12-24 15:48:42,657 [INFO] Generating data with dbgen (sf=3000, children=500, step=87)...
2024-12-24 15:48:42,657 [ERROR] dbgen failed at step 87: Binder Error: Invalid named parameter "threads" for function dbgen
Candidates:
    step UINTEGER
    suffix VARCHAR
    schema VARCHAR
    catalog VARCHAR
    overwrite BOOLEAN
    children UINTEGER
    sf DOUBLE

2024-12-24 15:48:42,657 [INFO] === Step 88 ===
2024-12-24 15:48:42,657 [INFO] Generating data with dbgen (sf=3000, children=500, step=88)...
2024-12-24 15:48:42,657 [ERROR] dbgen failed at step 88: Binder Error: Invalid named parameter "threads" for function dbgen
Candidates:
    step UINTEGER
    suffix VARCHAR
    schema VARCHAR
    catalog VARCHAR
    overwrite BOOLEAN
    children UINTEGER
    sf DOUBLE

2024-12-24 15:48:42,657 [INFO] === Step 89 ===
2024-12-24 15:48:42,657 [INFO] Generating data with dbgen (sf=3000, children=500, step=89)...
2024-12-24 15:48:42,658 [ERROR] dbgen failed at step 89: Binder Error: Invalid named parameter "threads" for function dbgen
Candidates:
    step UINTEGER
    suffix VARCHAR
    schema VARCHAR
    catalog VARCHAR
    overwrite BOOLEAN
    children UINTEGER
    sf DOUBLE

2024-12-24 15:48:42,658 [INFO] === Step 90 ===
2024-12-24 15:48:42,658 [INFO] Generating data with dbgen (sf=3000, children=500, step=90)...
2024-12-24 15:48:42,658 [ERROR] dbgen failed at step 90: Binder Error: Invalid named parameter "threads" for function dbgen
Candidates:
    step UINTEGER
    suffix VARCHAR
    schema VARCHAR
    catalog VARCHAR
    overwrite BOOLEAN
    children UINTEGER
    sf DOUBLE

2024-12-24 15:48:42,658 [INFO] === Step 91 ===
2024-12-24 15:48:42,658 [INFO] Generating data with dbgen (sf=3000, children=500, step=91)...
2024-12-24 15:48:42,658 [ERROR] dbgen failed at step 91: Binder Error: Invalid named parameter "threads" for function dbgen
Candidates:
    step UINTEGER
    suffix VARCHAR
    schema VARCHAR
    catalog VARCHAR
    overwrite BOOLEAN
    children UINTEGER
    sf DOUBLE

2024-12-24 15:48:42,658 [INFO] === Step 92 ===
2024-12-24 15:48:42,659 [INFO] Generating data with dbgen (sf=3000, children=500, step=92)...
2024-12-24 15:48:42,659 [ERROR] dbgen failed at step 92: Binder Error: Invalid named parameter "threads" for function dbgen
Candidates:
    step UINTEGER
    suffix VARCHAR
    schema VARCHAR
    catalog VARCHAR
    overwrite BOOLEAN
    children UINTEGER
    sf DOUBLE

2024-12-24 15:48:42,659 [INFO] === Step 93 ===
2024-12-24 15:48:42,659 [INFO] Generating data with dbgen (sf=3000, children=500, step=93)...
2024-12-24 15:48:42,659 [ERROR] dbgen failed at step 93: Binder Error: Invalid named parameter "threads" for function dbgen
Candidates:
    step UINTEGER
    suffix VARCHAR
    schema VARCHAR
    catalog VARCHAR
    overwrite BOOLEAN
    children UINTEGER
    sf DOUBLE

2024-12-24 15:48:42,659 [INFO] === Step 94 ===
2024-12-24 15:48:42,659 [INFO] Generating data with dbgen (sf=3000, children=500, step=94)...
2024-12-24 15:48:42,660 [ERROR] dbgen failed at step 94: Binder Error: Invalid named parameter "threads" for function dbgen
Candidates:
    step UINTEGER
    suffix VARCHAR
    schema VARCHAR
    catalog VARCHAR
    overwrite BOOLEAN
    children UINTEGER
    sf DOUBLE

2024-12-24 15:48:42,660 [INFO] === Step 95 ===
2024-12-24 15:48:42,660 [INFO] Generating data with dbgen (sf=3000, children=500, step=95)...
2024-12-24 15:48:42,660 [ERROR] dbgen failed at step 95: Binder Error: Invalid named parameter "threads" for function dbgen
Candidates:
    step UINTEGER
    suffix VARCHAR
    schema VARCHAR
    catalog VARCHAR
    overwrite BOOLEAN
    children UINTEGER
    sf DOUBLE

2024-12-24 15:48:42,660 [INFO] === Step 96 ===
2024-12-24 15:48:42,660 [INFO] Generating data with dbgen (sf=3000, children=500, step=96)...
2024-12-24 15:48:42,660 [ERROR] dbgen failed at step 96: Binder Error: Invalid named parameter "threads" for function dbgen
Candidates:
    step UINTEGER
    suffix VARCHAR
    schema VARCHAR
    catalog VARCHAR
    overwrite BOOLEAN
    children UINTEGER
    sf DOUBLE

2024-12-24 15:48:42,660 [INFO] === Step 97 ===
2024-12-24 15:48:42,660 [INFO] Generating data with dbgen (sf=3000, children=500, step=97)...
2024-12-24 15:48:42,661 [ERROR] dbgen failed at step 97: Binder Error: Invalid named parameter "threads" for function dbgen
Candidates:
    step UINTEGER
    suffix VARCHAR
    schema VARCHAR
    catalog VARCHAR
    overwrite BOOLEAN
    children UINTEGER
    sf DOUBLE

2024-12-24 15:48:42,661 [INFO] === Step 98 ===
2024-12-24 15:48:42,661 [INFO] Generating data with dbgen (sf=3000, children=500, step=98)...
2024-12-24 15:48:42,661 [ERROR] dbgen failed at step 98: Binder Error: Invalid named parameter "threads" for function dbgen
Candidates:
    step UINTEGER
    suffix VARCHAR
    schema VARCHAR
    catalog VARCHAR
    overwrite BOOLEAN
    children UINTEGER
    sf DOUBLE

2024-12-24 15:48:42,661 [INFO] === Step 99 ===
2024-12-24 15:48:42,661 [INFO] Generating data with dbgen (sf=3000, children=500, step=99)...
2024-12-24 15:48:42,661 [ERROR] dbgen failed at step 99: Binder Error: Invalid named parameter "threads" for function dbgen
Candidates:
    step UINTEGER
    suffix VARCHAR
    schema VARCHAR
    catalog VARCHAR
    overwrite BOOLEAN
    children UINTEGER
    sf DOUBLE

2024-12-24 15:48:42,662 [INFO] === Step 100 ===
2024-12-24 15:48:42,662 [INFO] Generating data with dbgen (sf=3000, children=500, step=100)...
2024-12-24 15:48:42,662 [ERROR] dbgen failed at step 100: Binder Error: Invalid named parameter "threads" for function dbgen
Candidates:
    step UINTEGER
    suffix VARCHAR
    schema VARCHAR
    catalog VARCHAR
    overwrite BOOLEAN
    children UINTEGER
    sf DOUBLE

2024-12-24 15:48:42,662 [INFO] === Step 101 ===
2024-12-24 15:48:42,662 [INFO] Generating data with dbgen (sf=3000, children=500, step=101)...
2024-12-24 15:48:42,662 [ERROR] dbgen failed at step 101: Binder Error: Invalid named parameter "threads" for function dbgen
Candidates:
    step UINTEGER
    suffix VARCHAR
    schema VARCHAR
    catalog VARCHAR
    overwrite BOOLEAN
    children UINTEGER
    sf DOUBLE

2024-12-24 15:48:42,662 [INFO] === Step 102 ===
2024-12-24 15:48:42,662 [INFO] Generating data with dbgen (sf=3000, children=500, step=102)...
2024-12-24 15:48:42,663 [ERROR] dbgen failed at step 102: Binder Error: Invalid named parameter "threads" for function dbgen
Candidates:
    step UINTEGER
    suffix VARCHAR
    schema VARCHAR
    catalog VARCHAR
    overwrite BOOLEAN
    children UINTEGER
    sf DOUBLE

2024-12-24 15:48:42,663 [INFO] === Step 103 ===
2024-12-24 15:48:42,663 [INFO] Generating data with dbgen (sf=3000, children=500, step=103)...
2024-12-24 15:48:42,663 [ERROR] dbgen failed at step 103: Binder Error: Invalid named parameter "threads" for function dbgen
Candidates:
    step UINTEGER
    suffix VARCHAR
    schema VARCHAR
    catalog VARCHAR
    overwrite BOOLEAN
    children UINTEGER
    sf DOUBLE

2024-12-24 15:48:42,663 [INFO] === Step 104 ===
2024-12-24 15:48:42,663 [INFO] Generating data with dbgen (sf=3000, children=500, step=104)...
2024-12-24 15:48:42,663 [ERROR] dbgen failed at step 104: Binder Error: Invalid named parameter "threads" for function dbgen
Candidates:
    step UINTEGER
    suffix VARCHAR
    schema VARCHAR
    catalog VARCHAR
    overwrite BOOLEAN
    children UINTEGER
    sf DOUBLE

2024-12-24 15:48:42,664 [INFO] === Step 105 ===
2024-12-24 15:48:42,664 [INFO] Generating data with dbgen (sf=3000, children=500, step=105)...
2024-12-24 15:48:42,664 [ERROR] dbgen failed at step 105: Binder Error: Invalid named parameter "threads" for function dbgen
Candidates:
    step UINTEGER
    suffix VARCHAR
    schema VARCHAR
    catalog VARCHAR
    overwrite BOOLEAN
    children UINTEGER
    sf DOUBLE

2024-12-24 15:48:42,664 [INFO] === Step 106 ===
2024-12-24 15:48:42,664 [INFO] Generating data with dbgen (sf=3000, children=500, step=106)...
2024-12-24 15:48:42,664 [ERROR] dbgen failed at step 106: Binder Error: Invalid named parameter "threads" for function dbgen
Candidates:
    step UINTEGER
    suffix VARCHAR
    schema VARCHAR
    catalog VARCHAR
    overwrite BOOLEAN
    children UINTEGER
    sf DOUBLE

2024-12-24 15:48:42,664 [INFO] === Step 107 ===
2024-12-24 15:48:42,664 [INFO] Generating data with dbgen (sf=3000, children=500, step=107)...
2024-12-24 15:48:42,665 [ERROR] dbgen failed at step 107: Binder Error: Invalid named parameter "threads" for function dbgen
Candidates:
    step UINTEGER
    suffix VARCHAR
    schema VARCHAR
    catalog VARCHAR
    overwrite BOOLEAN
    children UINTEGER
    sf DOUBLE

2024-12-24 15:48:42,665 [INFO] === Step 108 ===
2024-12-24 15:48:42,665 [INFO] Generating data with dbgen (sf=3000, children=500, step=108)...
2024-12-24 15:48:42,665 [ERROR] dbgen failed at step 108: Binder Error: Invalid named parameter "threads" for function dbgen
Candidates:
    step UINTEGER
    suffix VARCHAR
    schema VARCHAR
    catalog VARCHAR
    overwrite BOOLEAN
    children UINTEGER
    sf DOUBLE

2024-12-24 15:48:42,665 [INFO] === Step 109 ===
2024-12-24 15:48:42,665 [INFO] Generating data with dbgen (sf=3000, children=500, step=109)...
2024-12-24 15:48:42,665 [ERROR] dbgen failed at step 109: Binder Error: Invalid named parameter "threads" for function dbgen
Candidates:
    step UINTEGER
    suffix VARCHAR
    schema VARCHAR
    catalog VARCHAR
    overwrite BOOLEAN
    children UINTEGER
    sf DOUBLE

2024-12-24 15:48:42,665 [INFO] === Step 110 ===
2024-12-24 15:48:42,666 [INFO] Generating data with dbgen (sf=3000, children=500, step=110)...
2024-12-24 15:48:42,666 [ERROR] dbgen failed at step 110: Binder Error: Invalid named parameter "threads" for function dbgen
Candidates:
    step UINTEGER
    suffix VARCHAR
    schema VARCHAR
    catalog VARCHAR
    overwrite BOOLEAN
    children UINTEGER
    sf DOUBLE

2024-12-24 15:48:42,666 [INFO] === Step 111 ===
2024-12-24 15:48:42,666 [INFO] Generating data with dbgen (sf=3000, children=500, step=111)...
2024-12-24 15:48:42,666 [ERROR] dbgen failed at step 111: Binder Error: Invalid named parameter "threads" for function dbgen
Candidates:
    step UINTEGER
    suffix VARCHAR
    schema VARCHAR
    catalog VARCHAR
    overwrite BOOLEAN
    children UINTEGER
    sf DOUBLE

2024-12-24 15:48:42,666 [INFO] === Step 112 ===
2024-12-24 15:48:42,666 [INFO] Generating data with dbgen (sf=3000, children=500, step=112)...
2024-12-24 15:48:42,667 [ERROR] dbgen failed at step 112: Binder Error: Invalid named parameter "threads" for function dbgen
Candidates:
    step UINTEGER
    suffix VARCHAR
    schema VARCHAR
    catalog VARCHAR
    overwrite BOOLEAN
    children UINTEGER
    sf DOUBLE

2024-12-24 15:48:42,667 [INFO] === Step 113 ===
2024-12-24 15:48:42,667 [INFO] Generating data with dbgen (sf=3000, children=500, step=113)...
2024-12-24 15:48:42,667 [ERROR] dbgen failed at step 113: Binder Error: Invalid named parameter "threads" for function dbgen
Candidates:
    step UINTEGER
    suffix VARCHAR
    schema VARCHAR
    catalog VARCHAR
    overwrite BOOLEAN
    children UINTEGER
    sf DOUBLE

2024-12-24 15:48:42,667 [INFO] === Step 114 ===
2024-12-24 15:48:42,667 [INFO] Generating data with dbgen (sf=3000, children=500, step=114)...
2024-12-24 15:48:42,667 [ERROR] dbgen failed at step 114: Binder Error: Invalid named parameter "threads" for function dbgen
Candidates:
    step UINTEGER
    suffix VARCHAR
    schema VARCHAR
    catalog VARCHAR
    overwrite BOOLEAN
    children UINTEGER
    sf DOUBLE

2024-12-24 15:48:42,667 [INFO] === Step 115 ===
2024-12-24 15:48:42,667 [INFO] Generating data with dbgen (sf=3000, children=500, step=115)...
2024-12-24 15:48:42,668 [ERROR] dbgen failed at step 115: Binder Error: Invalid named parameter "threads" for function dbgen
Candidates:
    step UINTEGER
    suffix VARCHAR
    schema VARCHAR
    catalog VARCHAR
    overwrite BOOLEAN
    children UINTEGER
    sf DOUBLE

2024-12-24 15:48:42,668 [INFO] === Step 116 ===
2024-12-24 15:48:42,668 [INFO] Generating data with dbgen (sf=3000, children=500, step=116)...
2024-12-24 15:48:42,668 [ERROR] dbgen failed at step 116: Binder Error: Invalid named parameter "threads" for function dbgen
Candidates:
    step UINTEGER
    suffix VARCHAR
    schema VARCHAR
    catalog VARCHAR
    overwrite BOOLEAN
    children UINTEGER
    sf DOUBLE

2024-12-24 15:48:42,668 [INFO] === Step 117 ===
2024-12-24 15:48:42,668 [INFO] Generating data with dbgen (sf=3000, children=500, step=117)...
2024-12-24 15:48:42,669 [ERROR] dbgen failed at step 117: Binder Error: Invalid named parameter "threads" for function dbgen
Candidates:
    step UINTEGER
    suffix VARCHAR
    schema VARCHAR
    catalog VARCHAR
    overwrite BOOLEAN
    children UINTEGER
    sf DOUBLE

2024-12-24 15:48:42,669 [INFO] === Step 118 ===
2024-12-24 15:48:42,669 [INFO] Generating data with dbgen (sf=3000, children=500, step=118)...
2024-12-24 15:48:42,669 [ERROR] dbgen failed at step 118: Binder Error: Invalid named parameter "threads" for function dbgen
Candidates:
    step UINTEGER
    suffix VARCHAR
    schema VARCHAR
    catalog VARCHAR
    overwrite BOOLEAN
    children UINTEGER
    sf DOUBLE

2024-12-24 15:48:42,669 [INFO] === Step 119 ===
2024-12-24 15:48:42,669 [INFO] Generating data with dbgen (sf=3000, children=500, step=119)...
2024-12-24 15:48:42,669 [ERROR] dbgen failed at step 119: Binder Error: Invalid named parameter "threads" for function dbgen
Candidates:
    step UINTEGER
    suffix VARCHAR
    schema VARCHAR
    catalog VARCHAR
    overwrite BOOLEAN
    children UINTEGER
    sf DOUBLE

2024-12-24 15:48:42,669 [INFO] === Step 120 ===
2024-12-24 15:48:42,669 [INFO] Generating data with dbgen (sf=3000, children=500, step=120)...
2024-12-24 15:48:42,670 [ERROR] dbgen failed at step 120: Binder Error: Invalid named parameter "threads" for function dbgen
Candidates:
    step UINTEGER
    suffix VARCHAR
    schema VARCHAR
    catalog VARCHAR
    overwrite BOOLEAN
    children UINTEGER
    sf DOUBLE

2024-12-24 15:48:42,670 [INFO] === Step 121 ===
2024-12-24 15:48:42,670 [INFO] Generating data with dbgen (sf=3000, children=500, step=121)...
2024-12-24 15:48:42,670 [ERROR] dbgen failed at step 121: Binder Error: Invalid named parameter "threads" for function dbgen
Candidates:
    step UINTEGER
    suffix VARCHAR
    schema VARCHAR
    catalog VARCHAR
    overwrite BOOLEAN
    children UINTEGER
    sf DOUBLE

2024-12-24 15:48:42,670 [INFO] === Step 122 ===
2024-12-24 15:48:42,670 [INFO] Generating data with dbgen (sf=3000, children=500, step=122)...
2024-12-24 15:48:42,670 [ERROR] dbgen failed at step 122: Binder Error: Invalid named parameter "threads" for function dbgen
Candidates:
    step UINTEGER
    suffix VARCHAR
    schema VARCHAR
    catalog VARCHAR
    overwrite BOOLEAN
    children UINTEGER
    sf DOUBLE

2024-12-24 15:48:42,671 [INFO] === Step 123 ===
2024-12-24 15:48:42,671 [INFO] Generating data with dbgen (sf=3000, children=500, step=123)...
2024-12-24 15:48:42,671 [ERROR] dbgen failed at step 123: Binder Error: Invalid named parameter "threads" for function dbgen
Candidates:
    step UINTEGER
    suffix VARCHAR
    schema VARCHAR
    catalog VARCHAR
    overwrite BOOLEAN
    children UINTEGER
    sf DOUBLE

2024-12-24 15:48:42,671 [INFO] === Step 124 ===
2024-12-24 15:48:42,671 [INFO] Generating data with dbgen (sf=3000, children=500, step=124)...
2024-12-24 15:48:42,671 [ERROR] dbgen failed at step 124: Binder Error: Invalid named parameter "threads" for function dbgen
Candidates:
    step UINTEGER
    suffix VARCHAR
    schema VARCHAR
    catalog VARCHAR
    overwrite BOOLEAN
    children UINTEGER
    sf DOUBLE

2024-12-24 15:48:42,671 [INFO] === Step 125 ===
2024-12-24 15:48:42,671 [INFO] Generating data with dbgen (sf=3000, children=500, step=125)...
2024-12-24 15:48:42,672 [ERROR] dbgen failed at step 125: Binder Error: Invalid named parameter "threads" for function dbgen
Candidates:
    step UINTEGER
    suffix VARCHAR
    schema VARCHAR
    catalog VARCHAR
    overwrite BOOLEAN
    children UINTEGER
    sf DOUBLE

2024-12-24 15:48:42,672 [INFO] === Step 126 ===
2024-12-24 15:48:42,672 [INFO] Generating data with dbgen (sf=3000, children=500, step=126)...
2024-12-24 15:48:42,672 [ERROR] dbgen failed at step 126: Binder Error: Invalid named parameter "threads" for function dbgen
Candidates:
    step UINTEGER
    suffix VARCHAR
    schema VARCHAR
    catalog VARCHAR
    overwrite BOOLEAN
    children UINTEGER
    sf DOUBLE

2024-12-24 15:48:42,672 [INFO] === Step 127 ===
2024-12-24 15:48:42,672 [INFO] Generating data with dbgen (sf=3000, children=500, step=127)...
2024-12-24 15:48:42,672 [ERROR] dbgen failed at step 127: Binder Error: Invalid named parameter "threads" for function dbgen
Candidates:
    step UINTEGER
    suffix VARCHAR
    schema VARCHAR
    catalog VARCHAR
    overwrite BOOLEAN
    children UINTEGER
    sf DOUBLE

2024-12-24 15:48:42,673 [INFO] === Step 128 ===
2024-12-24 15:48:42,673 [INFO] Generating data with dbgen (sf=3000, children=500, step=128)...
2024-12-24 15:48:42,673 [ERROR] dbgen failed at step 128: Binder Error: Invalid named parameter "threads" for function dbgen
Candidates:
    step UINTEGER
    suffix VARCHAR
    schema VARCHAR
    catalog VARCHAR
    overwrite BOOLEAN
    children UINTEGER
    sf DOUBLE

2024-12-24 15:48:42,673 [INFO] === Step 129 ===
2024-12-24 15:48:42,673 [INFO] Generating data with dbgen (sf=3000, children=500, step=129)...
2024-12-24 15:48:42,673 [ERROR] dbgen failed at step 129: Binder Error: Invalid named parameter "threads" for function dbgen
Candidates:
    step UINTEGER
    suffix VARCHAR
    schema VARCHAR
    catalog VARCHAR
    overwrite BOOLEAN
    children UINTEGER
    sf DOUBLE

2024-12-24 15:48:42,673 [INFO] === Step 130 ===
2024-12-24 15:48:42,673 [INFO] Generating data with dbgen (sf=3000, children=500, step=130)...
2024-12-24 15:48:42,674 [ERROR] dbgen failed at step 130: Binder Error: Invalid named parameter "threads" for function dbgen
Candidates:
    step UINTEGER
    suffix VARCHAR
    schema VARCHAR
    catalog VARCHAR
    overwrite BOOLEAN
    children UINTEGER
    sf DOUBLE

2024-12-24 15:48:42,674 [INFO] === Step 131 ===
2024-12-24 15:48:42,674 [INFO] Generating data with dbgen (sf=3000, children=500, step=131)...
2024-12-24 15:48:42,674 [ERROR] dbgen failed at step 131: Binder Error: Invalid named parameter "threads" for function dbgen
Candidates:
    step UINTEGER
    suffix VARCHAR
    schema VARCHAR
    catalog VARCHAR
    overwrite BOOLEAN
    children UINTEGER
    sf DOUBLE

2024-12-24 15:48:42,674 [INFO] === Step 132 ===
2024-12-24 15:48:42,674 [INFO] Generating data with dbgen (sf=3000, children=500, step=132)...
2024-12-24 15:48:42,674 [ERROR] dbgen failed at step 132: Binder Error: Invalid named parameter "threads" for function dbgen
Candidates:
    step UINTEGER
    suffix VARCHAR
    schema VARCHAR
    catalog VARCHAR
    overwrite BOOLEAN
    children UINTEGER
    sf DOUBLE

2024-12-24 15:48:42,674 [INFO] === Step 133 ===
2024-12-24 15:48:42,675 [INFO] Generating data with dbgen (sf=3000, children=500, step=133)...
2024-12-24 15:48:42,675 [ERROR] dbgen failed at step 133: Binder Error: Invalid named parameter "threads" for function dbgen
Candidates:
    step UINTEGER
    suffix VARCHAR
    schema VARCHAR
    catalog VARCHAR
    overwrite BOOLEAN
    children UINTEGER
    sf DOUBLE

2024-12-24 15:48:42,675 [INFO] === Step 134 ===
2024-12-24 15:48:42,675 [INFO] Generating data with dbgen (sf=3000, children=500, step=134)...
2024-12-24 15:48:42,675 [ERROR] dbgen failed at step 134: Binder Error: Invalid named parameter "threads" for function dbgen
Candidates:
    step UINTEGER
    suffix VARCHAR
    schema VARCHAR
    catalog VARCHAR
    overwrite BOOLEAN
    children UINTEGER
    sf DOUBLE

2024-12-24 15:48:42,675 [INFO] === Step 135 ===
2024-12-24 15:48:42,675 [INFO] Generating data with dbgen (sf=3000, children=500, step=135)...
2024-12-24 15:48:42,676 [ERROR] dbgen failed at step 135: Binder Error: Invalid named parameter "threads" for function dbgen
Candidates:
    step UINTEGER
    suffix VARCHAR
    schema VARCHAR
    catalog VARCHAR
    overwrite BOOLEAN
    children UINTEGER
    sf DOUBLE

2024-12-24 15:48:42,676 [INFO] === Step 136 ===
2024-12-24 15:48:42,676 [INFO] Generating data with dbgen (sf=3000, children=500, step=136)...
2024-12-24 15:48:42,676 [ERROR] dbgen failed at step 136: Binder Error: Invalid named parameter "threads" for function dbgen
Candidates:
    step UINTEGER
    suffix VARCHAR
    schema VARCHAR
    catalog VARCHAR
    overwrite BOOLEAN
    children UINTEGER
    sf DOUBLE

2024-12-24 15:48:42,676 [INFO] === Step 137 ===
2024-12-24 15:48:42,676 [INFO] Generating data with dbgen (sf=3000, children=500, step=137)...
2024-12-24 15:48:42,676 [ERROR] dbgen failed at step 137: Binder Error: Invalid named parameter "threads" for function dbgen
Candidates:
    step UINTEGER
    suffix VARCHAR
    schema VARCHAR
    catalog VARCHAR
    overwrite BOOLEAN
    children UINTEGER
    sf DOUBLE

2024-12-24 15:48:42,676 [INFO] === Step 138 ===
2024-12-24 15:48:42,677 [INFO] Generating data with dbgen (sf=3000, children=500, step=138)...
2024-12-24 15:48:42,677 [ERROR] dbgen failed at step 138: Binder Error: Invalid named parameter "threads" for function dbgen
Candidates:
    step UINTEGER
    suffix VARCHAR
    schema VARCHAR
    catalog VARCHAR
    overwrite BOOLEAN
    children UINTEGER
    sf DOUBLE

2024-12-24 15:48:42,677 [INFO] === Step 139 ===
2024-12-24 15:48:42,677 [INFO] Generating data with dbgen (sf=3000, children=500, step=139)...
2024-12-24 15:48:42,677 [ERROR] dbgen failed at step 139: Binder Error: Invalid named parameter "threads" for function dbgen
Candidates:
    step UINTEGER
    suffix VARCHAR
    schema VARCHAR
    catalog VARCHAR
    overwrite BOOLEAN
    children UINTEGER
    sf DOUBLE

2024-12-24 15:48:42,677 [INFO] === Step 140 ===
2024-12-24 15:48:42,677 [INFO] Generating data with dbgen (sf=3000, children=500, step=140)...
2024-12-24 15:48:42,677 [ERROR] dbgen failed at step 140: Binder Error: Invalid named parameter "threads" for function dbgen
Candidates:
    step UINTEGER
    suffix VARCHAR
    schema VARCHAR
    catalog VARCHAR
    overwrite BOOLEAN
    children UINTEGER
    sf DOUBLE

2024-12-24 15:48:42,678 [INFO] === Step 141 ===
2024-12-24 15:48:42,678 [INFO] Generating data with dbgen (sf=3000, children=500, step=141)...
2024-12-24 15:48:42,678 [ERROR] dbgen failed at step 141: Binder Error: Invalid named parameter "threads" for function dbgen
Candidates:
    step UINTEGER
    suffix VARCHAR
    schema VARCHAR
    catalog VARCHAR
    overwrite BOOLEAN
    children UINTEGER
    sf DOUBLE

2024-12-24 15:48:42,678 [INFO] === Step 142 ===
2024-12-24 15:48:42,678 [INFO] Generating data with dbgen (sf=3000, children=500, step=142)...
2024-12-24 15:48:42,678 [ERROR] dbgen failed at step 142: Binder Error: Invalid named parameter "threads" for function dbgen
Candidates:
    step UINTEGER
    suffix VARCHAR
    schema VARCHAR
    catalog VARCHAR
    overwrite BOOLEAN
    children UINTEGER
    sf DOUBLE

2024-12-24 15:48:42,678 [INFO] === Step 143 ===
2024-12-24 15:48:42,678 [INFO] Generating data with dbgen (sf=3000, children=500, step=143)...
2024-12-24 15:48:42,679 [ERROR] dbgen failed at step 143: Binder Error: Invalid named parameter "threads" for function dbgen
Candidates:
    step UINTEGER
    suffix VARCHAR
    schema VARCHAR
    catalog VARCHAR
    overwrite BOOLEAN
    children UINTEGER
    sf DOUBLE

2024-12-24 15:48:42,679 [INFO] === Step 144 ===
2024-12-24 15:48:42,679 [INFO] Generating data with dbgen (sf=3000, children=500, step=144)...
2024-12-24 15:48:42,679 [ERROR] dbgen failed at step 144: Binder Error: Invalid named parameter "threads" for function dbgen
Candidates:
    step UINTEGER
    suffix VARCHAR
    schema VARCHAR
    catalog VARCHAR
    overwrite BOOLEAN
    children UINTEGER
    sf DOUBLE

2024-12-24 15:48:42,679 [INFO] === Step 145 ===
2024-12-24 15:48:42,679 [INFO] Generating data with dbgen (sf=3000, children=500, step=145)...
2024-12-24 15:48:42,680 [ERROR] dbgen failed at step 145: Binder Error: Invalid named parameter "threads" for function dbgen
Candidates:
    step UINTEGER
    suffix VARCHAR
    schema VARCHAR
    catalog VARCHAR
    overwrite BOOLEAN
    children UINTEGER
    sf DOUBLE

2024-12-24 15:48:42,680 [INFO] === Step 146 ===
2024-12-24 15:48:42,680 [INFO] Generating data with dbgen (sf=3000, children=500, step=146)...
2024-12-24 15:48:42,680 [ERROR] dbgen failed at step 146: Binder Error: Invalid named parameter "threads" for function dbgen
Candidates:
    step UINTEGER
    suffix VARCHAR
    schema VARCHAR
    catalog VARCHAR
    overwrite BOOLEAN
    children UINTEGER
    sf DOUBLE

2024-12-24 15:48:42,680 [INFO] === Step 147 ===
2024-12-24 15:48:42,680 [INFO] Generating data with dbgen (sf=3000, children=500, step=147)...
2024-12-24 15:48:42,680 [ERROR] dbgen failed at step 147: Binder Error: Invalid named parameter "threads" for function dbgen
Candidates:
    step UINTEGER
    suffix VARCHAR
    schema VARCHAR
    catalog VARCHAR
    overwrite BOOLEAN
    children UINTEGER
    sf DOUBLE

2024-12-24 15:48:42,680 [INFO] === Step 148 ===
2024-12-24 15:48:42,680 [INFO] Generating data with dbgen (sf=3000, children=500, step=148)...
2024-12-24 15:48:42,681 [ERROR] dbgen failed at step 148: Binder Error: Invalid named parameter "threads" for function dbgen
Candidates:
    step UINTEGER
    suffix VARCHAR
    schema VARCHAR
    catalog VARCHAR
    overwrite BOOLEAN
    children UINTEGER
    sf DOUBLE

2024-12-24 15:48:42,681 [INFO] === Step 149 ===
2024-12-24 15:48:42,681 [INFO] Generating data with dbgen (sf=3000, children=500, step=149)...
2024-12-24 15:48:42,681 [ERROR] dbgen failed at step 149: Binder Error: Invalid named parameter "threads" for function dbgen
Candidates:
    step UINTEGER
    suffix VARCHAR
    schema VARCHAR
    catalog VARCHAR
    overwrite BOOLEAN
    children UINTEGER
    sf DOUBLE

2024-12-24 15:48:42,681 [INFO] === Step 150 ===
2024-12-24 15:48:42,681 [INFO] Generating data with dbgen (sf=3000, children=500, step=150)...
2024-12-24 15:48:42,681 [ERROR] dbgen failed at step 150: Binder Error: Invalid named parameter "threads" for function dbgen
Candidates:
    step UINTEGER
    suffix VARCHAR
    schema VARCHAR
    catalog VARCHAR
    overwrite BOOLEAN
    children UINTEGER
    sf DOUBLE

2024-12-24 15:48:42,682 [INFO] === Step 151 ===
2024-12-24 15:48:42,682 [INFO] Generating data with dbgen (sf=3000, children=500, step=151)...
2024-12-24 15:48:42,682 [ERROR] dbgen failed at step 151: Binder Error: Invalid named parameter "threads" for function dbgen
Candidates:
    step UINTEGER
    suffix VARCHAR
    schema VARCHAR
    catalog VARCHAR
    overwrite BOOLEAN
    children UINTEGER
    sf DOUBLE

2024-12-24 15:48:42,682 [INFO] === Step 152 ===
2024-12-24 15:48:42,682 [INFO] Generating data with dbgen (sf=3000, children=500, step=152)...
2024-12-24 15:48:42,682 [ERROR] dbgen failed at step 152: Binder Error: Invalid named parameter "threads" for function dbgen
Candidates:
    step UINTEGER
    suffix VARCHAR
    schema VARCHAR
    catalog VARCHAR
    overwrite BOOLEAN
    children UINTEGER
    sf DOUBLE

2024-12-24 15:48:42,682 [INFO] === Step 153 ===
2024-12-24 15:48:42,682 [INFO] Generating data with dbgen (sf=3000, children=500, step=153)...
2024-12-24 15:48:42,683 [ERROR] dbgen failed at step 153: Binder Error: Invalid named parameter "threads" for function dbgen
Candidates:
    step UINTEGER
    suffix VARCHAR
    schema VARCHAR
    catalog VARCHAR
    overwrite BOOLEAN
    children UINTEGER
    sf DOUBLE

2024-12-24 15:48:42,683 [INFO] === Step 154 ===
2024-12-24 15:48:42,683 [INFO] Generating data with dbgen (sf=3000, children=500, step=154)...
2024-12-24 15:48:42,683 [ERROR] dbgen failed at step 154: Binder Error: Invalid named parameter "threads" for function dbgen
Candidates:
    step UINTEGER
    suffix VARCHAR
    schema VARCHAR
    catalog VARCHAR
    overwrite BOOLEAN
    children UINTEGER
    sf DOUBLE

2024-12-24 15:48:42,683 [INFO] === Step 155 ===
2024-12-24 15:48:42,683 [INFO] Generating data with dbgen (sf=3000, children=500, step=155)...
2024-12-24 15:48:42,683 [ERROR] dbgen failed at step 155: Binder Error: Invalid named parameter "threads" for function dbgen
Candidates:
    step UINTEGER
    suffix VARCHAR
    schema VARCHAR
    catalog VARCHAR
    overwrite BOOLEAN
    children UINTEGER
    sf DOUBLE

2024-12-24 15:48:42,684 [INFO] === Step 156 ===
2024-12-24 15:48:42,684 [INFO] Generating data with dbgen (sf=3000, children=500, step=156)...
2024-12-24 15:48:42,684 [ERROR] dbgen failed at step 156: Binder Error: Invalid named parameter "threads" for function dbgen
Candidates:
    step UINTEGER
    suffix VARCHAR
    schema VARCHAR
    catalog VARCHAR
    overwrite BOOLEAN
    children UINTEGER
    sf DOUBLE

2024-12-24 15:48:42,684 [INFO] === Step 157 ===
2024-12-24 15:48:42,684 [INFO] Generating data with dbgen (sf=3000, children=500, step=157)...
2024-12-24 15:48:42,684 [ERROR] dbgen failed at step 157: Binder Error: Invalid named parameter "threads" for function dbgen
Candidates:
    step UINTEGER
    suffix VARCHAR
    schema VARCHAR
    catalog VARCHAR
    overwrite BOOLEAN
    children UINTEGER
    sf DOUBLE

2024-12-24 15:48:42,684 [INFO] === Step 158 ===
2024-12-24 15:48:42,684 [INFO] Generating data with dbgen (sf=3000, children=500, step=158)...
2024-12-24 15:48:42,685 [ERROR] dbgen failed at step 158: Binder Error: Invalid named parameter "threads" for function dbgen
Candidates:
    step UINTEGER
    suffix VARCHAR
    schema VARCHAR
    catalog VARCHAR
    overwrite BOOLEAN
    children UINTEGER
    sf DOUBLE

2024-12-24 15:48:42,685 [INFO] === Step 159 ===
2024-12-24 15:48:42,685 [INFO] Generating data with dbgen (sf=3000, children=500, step=159)...
2024-12-24 15:48:42,685 [ERROR] dbgen failed at step 159: Binder Error: Invalid named parameter "threads" for function dbgen
Candidates:
    step UINTEGER
    suffix VARCHAR
    schema VARCHAR
    catalog VARCHAR
    overwrite BOOLEAN
    children UINTEGER
    sf DOUBLE

2024-12-24 15:48:42,685 [INFO] === Step 160 ===
2024-12-24 15:48:42,685 [INFO] Generating data with dbgen (sf=3000, children=500, step=160)...
2024-12-24 15:48:42,685 [ERROR] dbgen failed at step 160: Binder Error: Invalid named parameter "threads" for function dbgen
Candidates:
    step UINTEGER
    suffix VARCHAR
    schema VARCHAR
    catalog VARCHAR
    overwrite BOOLEAN
    children UINTEGER
    sf DOUBLE

2024-12-24 15:48:42,685 [INFO] === Step 161 ===
2024-12-24 15:48:42,685 [INFO] Generating data with dbgen (sf=3000, children=500, step=161)...
2024-12-24 15:48:42,686 [ERROR] dbgen failed at step 161: Binder Error: Invalid named parameter "threads" for function dbgen
Candidates:
    step UINTEGER
    suffix VARCHAR
    schema VARCHAR
    catalog VARCHAR
    overwrite BOOLEAN
    children UINTEGER
    sf DOUBLE

2024-12-24 15:48:42,686 [INFO] === Step 162 ===
2024-12-24 15:48:42,686 [INFO] Generating data with dbgen (sf=3000, children=500, step=162)...
2024-12-24 15:48:42,686 [ERROR] dbgen failed at step 162: Binder Error: Invalid named parameter "threads" for function dbgen
Candidates:
    step UINTEGER
    suffix VARCHAR
    schema VARCHAR
    catalog VARCHAR
    overwrite BOOLEAN
    children UINTEGER
    sf DOUBLE

2024-12-24 15:48:42,686 [INFO] === Step 163 ===
2024-12-24 15:48:42,686 [INFO] Generating data with dbgen (sf=3000, children=500, step=163)...
2024-12-24 15:48:42,686 [ERROR] dbgen failed at step 163: Binder Error: Invalid named parameter "threads" for function dbgen
Candidates:
    step UINTEGER
    suffix VARCHAR
    schema VARCHAR
    catalog VARCHAR
    overwrite BOOLEAN
    children UINTEGER
    sf DOUBLE

2024-12-24 15:48:42,686 [INFO] === Step 164 ===
2024-12-24 15:48:42,686 [INFO] Generating data with dbgen (sf=3000, children=500, step=164)...
2024-12-24 15:48:42,687 [ERROR] dbgen failed at step 164: Binder Error: Invalid named parameter "threads" for function dbgen
Candidates:
    step UINTEGER
    suffix VARCHAR
    schema VARCHAR
    catalog VARCHAR
    overwrite BOOLEAN
    children UINTEGER
    sf DOUBLE

2024-12-24 15:48:42,687 [INFO] === Step 165 ===
2024-12-24 15:48:42,687 [INFO] Generating data with dbgen (sf=3000, children=500, step=165)...
2024-12-24 15:48:42,687 [ERROR] dbgen failed at step 165: Binder Error: Invalid named parameter "threads" for function dbgen
Candidates:
    step UINTEGER
    suffix VARCHAR
    schema VARCHAR
    catalog VARCHAR
    overwrite BOOLEAN
    children UINTEGER
    sf DOUBLE

2024-12-24 15:48:42,687 [INFO] === Step 166 ===
2024-12-24 15:48:42,687 [INFO] Generating data with dbgen (sf=3000, children=500, step=166)...
2024-12-24 15:48:42,687 [ERROR] dbgen failed at step 166: Binder Error: Invalid named parameter "threads" for function dbgen
Candidates:
    step UINTEGER
    suffix VARCHAR
    schema VARCHAR
    catalog VARCHAR
    overwrite BOOLEAN
    children UINTEGER
    sf DOUBLE

2024-12-24 15:48:42,687 [INFO] === Step 167 ===
2024-12-24 15:48:42,687 [INFO] Generating data with dbgen (sf=3000, children=500, step=167)...
2024-12-24 15:48:42,688 [ERROR] dbgen failed at step 167: Binder Error: Invalid named parameter "threads" for function dbgen
Candidates:
    step UINTEGER
    suffix VARCHAR
    schema VARCHAR
    catalog VARCHAR
    overwrite BOOLEAN
    children UINTEGER
    sf DOUBLE

2024-12-24 15:48:42,688 [INFO] === Step 168 ===
2024-12-24 15:48:42,688 [INFO] Generating data with dbgen (sf=3000, children=500, step=168)...
2024-12-24 15:48:42,688 [ERROR] dbgen failed at step 168: Binder Error: Invalid named parameter "threads" for function dbgen
Candidates:
    step UINTEGER
    suffix VARCHAR
    schema VARCHAR
    catalog VARCHAR
    overwrite BOOLEAN
    children UINTEGER
    sf DOUBLE

2024-12-24 15:48:42,688 [INFO] === Step 169 ===
2024-12-24 15:48:42,688 [INFO] Generating data with dbgen (sf=3000, children=500, step=169)...
2024-12-24 15:48:42,688 [ERROR] dbgen failed at step 169: Binder Error: Invalid named parameter "threads" for function dbgen
Candidates:
    step UINTEGER
    suffix VARCHAR
    schema VARCHAR
    catalog VARCHAR
    overwrite BOOLEAN
    children UINTEGER
    sf DOUBLE

2024-12-24 15:48:42,688 [INFO] === Step 170 ===
2024-12-24 15:48:42,689 [INFO] Generating data with dbgen (sf=3000, children=500, step=170)...
2024-12-24 15:48:42,689 [ERROR] dbgen failed at step 170: Binder Error: Invalid named parameter "threads" for function dbgen
Candidates:
    step UINTEGER
    suffix VARCHAR
    schema VARCHAR
    catalog VARCHAR
    overwrite BOOLEAN
    children UINTEGER
    sf DOUBLE

2024-12-24 15:48:42,689 [INFO] === Step 171 ===
2024-12-24 15:48:42,689 [INFO] Generating data with dbgen (sf=3000, children=500, step=171)...
2024-12-24 15:48:42,689 [ERROR] dbgen failed at step 171: Binder Error: Invalid named parameter "threads" for function dbgen
Candidates:
    step UINTEGER
    suffix VARCHAR
    schema VARCHAR
    catalog VARCHAR
    overwrite BOOLEAN
    children UINTEGER
    sf DOUBLE

2024-12-24 15:48:42,689 [INFO] === Step 172 ===
2024-12-24 15:48:42,689 [INFO] Generating data with dbgen (sf=3000, children=500, step=172)...
2024-12-24 15:48:42,689 [ERROR] dbgen failed at step 172: Binder Error: Invalid named parameter "threads" for function dbgen
Candidates:
    step UINTEGER
    suffix VARCHAR
    schema VARCHAR
    catalog VARCHAR
    overwrite BOOLEAN
    children UINTEGER
    sf DOUBLE

2024-12-24 15:48:42,690 [INFO] === Step 173 ===
2024-12-24 15:48:42,690 [INFO] Generating data with dbgen (sf=3000, children=500, step=173)...
2024-12-24 15:48:42,690 [ERROR] dbgen failed at step 173: Binder Error: Invalid named parameter "threads" for function dbgen
Candidates:
    step UINTEGER
    suffix VARCHAR
    schema VARCHAR
    catalog VARCHAR
    overwrite BOOLEAN
    children UINTEGER
    sf DOUBLE

2024-12-24 15:48:42,690 [INFO] === Step 174 ===
2024-12-24 15:48:42,690 [INFO] Generating data with dbgen (sf=3000, children=500, step=174)...
2024-12-24 15:48:42,690 [ERROR] dbgen failed at step 174: Binder Error: Invalid named parameter "threads" for function dbgen
Candidates:
    step UINTEGER
    suffix VARCHAR
    schema VARCHAR
    catalog VARCHAR
    overwrite BOOLEAN
    children UINTEGER
    sf DOUBLE

2024-12-24 15:48:42,690 [INFO] === Step 175 ===
2024-12-24 15:48:42,690 [INFO] Generating data with dbgen (sf=3000, children=500, step=175)...
2024-12-24 15:48:42,691 [ERROR] dbgen failed at step 175: Binder Error: Invalid named parameter "threads" for function dbgen
Candidates:
    step UINTEGER
    suffix VARCHAR
    schema VARCHAR
    catalog VARCHAR
    overwrite BOOLEAN
    children UINTEGER
    sf DOUBLE

2024-12-24 15:48:42,691 [INFO] === Step 176 ===
2024-12-24 15:48:42,691 [INFO] Generating data with dbgen (sf=3000, children=500, step=176)...
2024-12-24 15:48:42,691 [ERROR] dbgen failed at step 176: Binder Error: Invalid named parameter "threads" for function dbgen
Candidates:
    step UINTEGER
    suffix VARCHAR
    schema VARCHAR
    catalog VARCHAR
    overwrite BOOLEAN
    children UINTEGER
    sf DOUBLE

2024-12-24 15:48:42,691 [INFO] === Step 177 ===
2024-12-24 15:48:42,691 [INFO] Generating data with dbgen (sf=3000, children=500, step=177)...
2024-12-24 15:48:42,691 [ERROR] dbgen failed at step 177: Binder Error: Invalid named parameter "threads" for function dbgen
Candidates:
    step UINTEGER
    suffix VARCHAR
    schema VARCHAR
    catalog VARCHAR
    overwrite BOOLEAN
    children UINTEGER
    sf DOUBLE

2024-12-24 15:48:42,691 [INFO] === Step 178 ===
2024-12-24 15:48:42,691 [INFO] Generating data with dbgen (sf=3000, children=500, step=178)...
2024-12-24 15:48:42,692 [ERROR] dbgen failed at step 178: Binder Error: Invalid named parameter "threads" for function dbgen
Candidates:
    step UINTEGER
    suffix VARCHAR
    schema VARCHAR
    catalog VARCHAR
    overwrite BOOLEAN
    children UINTEGER
    sf DOUBLE

2024-12-24 15:48:42,692 [INFO] === Step 179 ===
2024-12-24 15:48:42,692 [INFO] Generating data with dbgen (sf=3000, children=500, step=179)...
2024-12-24 15:48:42,692 [ERROR] dbgen failed at step 179: Binder Error: Invalid named parameter "threads" for function dbgen
Candidates:
    step UINTEGER
    suffix VARCHAR
    schema VARCHAR
    catalog VARCHAR
    overwrite BOOLEAN
    children UINTEGER
    sf DOUBLE

2024-12-24 15:48:42,692 [INFO] === Step 180 ===
2024-12-24 15:48:42,692 [INFO] Generating data with dbgen (sf=3000, children=500, step=180)...
2024-12-24 15:48:42,692 [ERROR] dbgen failed at step 180: Binder Error: Invalid named parameter "threads" for function dbgen
Candidates:
    step UINTEGER
    suffix VARCHAR
    schema VARCHAR
    catalog VARCHAR
    overwrite BOOLEAN
    children UINTEGER
    sf DOUBLE

2024-12-24 15:48:42,692 [INFO] === Step 181 ===
2024-12-24 15:48:42,692 [INFO] Generating data with dbgen (sf=3000, children=500, step=181)...
2024-12-24 15:48:42,693 [ERROR] dbgen failed at step 181: Binder Error: Invalid named parameter "threads" for function dbgen
Candidates:
    step UINTEGER
    suffix VARCHAR
    schema VARCHAR
    catalog VARCHAR
    overwrite BOOLEAN
    children UINTEGER
    sf DOUBLE

2024-12-24 15:48:42,693 [INFO] === Step 182 ===
2024-12-24 15:48:42,693 [INFO] Generating data with dbgen (sf=3000, children=500, step=182)...
2024-12-24 15:48:42,693 [ERROR] dbgen failed at step 182: Binder Error: Invalid named parameter "threads" for function dbgen
Candidates:
    step UINTEGER
    suffix VARCHAR
    schema VARCHAR
    catalog VARCHAR
    overwrite BOOLEAN
    children UINTEGER
    sf DOUBLE

2024-12-24 15:48:42,693 [INFO] === Step 183 ===
2024-12-24 15:48:42,693 [INFO] Generating data with dbgen (sf=3000, children=500, step=183)...
2024-12-24 15:48:42,693 [ERROR] dbgen failed at step 183: Binder Error: Invalid named parameter "threads" for function dbgen
Candidates:
    step UINTEGER
    suffix VARCHAR
    schema VARCHAR
    catalog VARCHAR
    overwrite BOOLEAN
    children UINTEGER
    sf DOUBLE

2024-12-24 15:48:42,693 [INFO] === Step 184 ===
2024-12-24 15:48:42,693 [INFO] Generating data with dbgen (sf=3000, children=500, step=184)...
2024-12-24 15:48:42,694 [ERROR] dbgen failed at step 184: Binder Error: Invalid named parameter "threads" for function dbgen
Candidates:
    step UINTEGER
    suffix VARCHAR
    schema VARCHAR
    catalog VARCHAR
    overwrite BOOLEAN
    children UINTEGER
    sf DOUBLE

2024-12-24 15:48:42,694 [INFO] === Step 185 ===
2024-12-24 15:48:42,694 [INFO] Generating data with dbgen (sf=3000, children=500, step=185)...
2024-12-24 15:48:42,694 [ERROR] dbgen failed at step 185: Binder Error: Invalid named parameter "threads" for function dbgen
Candidates:
    step UINTEGER
    suffix VARCHAR
    schema VARCHAR
    catalog VARCHAR
    overwrite BOOLEAN
    children UINTEGER
    sf DOUBLE

2024-12-24 15:48:42,694 [INFO] === Step 186 ===
2024-12-24 15:48:42,694 [INFO] Generating data with dbgen (sf=3000, children=500, step=186)...
2024-12-24 15:48:42,694 [ERROR] dbgen failed at step 186: Binder Error: Invalid named parameter "threads" for function dbgen
Candidates:
    step UINTEGER
    suffix VARCHAR
    schema VARCHAR
    catalog VARCHAR
    overwrite BOOLEAN
    children UINTEGER
    sf DOUBLE

2024-12-24 15:48:42,695 [INFO] === Step 187 ===
2024-12-24 15:48:42,695 [INFO] Generating data with dbgen (sf=3000, children=500, step=187)...
2024-12-24 15:48:42,695 [ERROR] dbgen failed at step 187: Binder Error: Invalid named parameter "threads" for function dbgen
Candidates:
    step UINTEGER
    suffix VARCHAR
    schema VARCHAR
    catalog VARCHAR
    overwrite BOOLEAN
    children UINTEGER
    sf DOUBLE

2024-12-24 15:48:42,695 [INFO] === Step 188 ===
2024-12-24 15:48:42,695 [INFO] Generating data with dbgen (sf=3000, children=500, step=188)...
2024-12-24 15:48:42,695 [ERROR] dbgen failed at step 188: Binder Error: Invalid named parameter "threads" for function dbgen
Candidates:
    step UINTEGER
    suffix VARCHAR
    schema VARCHAR
    catalog VARCHAR
    overwrite BOOLEAN
    children UINTEGER
    sf DOUBLE

2024-12-24 15:48:42,695 [INFO] === Step 189 ===
2024-12-24 15:48:42,695 [INFO] Generating data with dbgen (sf=3000, children=500, step=189)...
2024-12-24 15:48:42,696 [ERROR] dbgen failed at step 189: Binder Error: Invalid named parameter "threads" for function dbgen
Candidates:
    step UINTEGER
    suffix VARCHAR
    schema VARCHAR
    catalog VARCHAR
    overwrite BOOLEAN
    children UINTEGER
    sf DOUBLE

2024-12-24 15:48:42,696 [INFO] === Step 190 ===
2024-12-24 15:48:42,696 [INFO] Generating data with dbgen (sf=3000, children=500, step=190)...
2024-12-24 15:48:42,696 [ERROR] dbgen failed at step 190: Binder Error: Invalid named parameter "threads" for function dbgen
Candidates:
    step UINTEGER
    suffix VARCHAR
    schema VARCHAR
    catalog VARCHAR
    overwrite BOOLEAN
    children UINTEGER
    sf DOUBLE

2024-12-24 15:48:42,696 [INFO] === Step 191 ===
2024-12-24 15:48:42,696 [INFO] Generating data with dbgen (sf=3000, children=500, step=191)...
2024-12-24 15:48:42,696 [ERROR] dbgen failed at step 191: Binder Error: Invalid named parameter "threads" for function dbgen
Candidates:
    step UINTEGER
    suffix VARCHAR
    schema VARCHAR
    catalog VARCHAR
    overwrite BOOLEAN
    children UINTEGER
    sf DOUBLE

2024-12-24 15:48:42,696 [INFO] === Step 192 ===
2024-12-24 15:48:42,696 [INFO] Generating data with dbgen (sf=3000, children=500, step=192)...
2024-12-24 15:48:42,697 [ERROR] dbgen failed at step 192: Binder Error: Invalid named parameter "threads" for function dbgen
Candidates:
    step UINTEGER
    suffix VARCHAR
    schema VARCHAR
    catalog VARCHAR
    overwrite BOOLEAN
    children UINTEGER
    sf DOUBLE

2024-12-24 15:48:42,697 [INFO] === Step 193 ===
2024-12-24 15:48:42,697 [INFO] Generating data with dbgen (sf=3000, children=500, step=193)...
2024-12-24 15:48:42,697 [ERROR] dbgen failed at step 193: Binder Error: Invalid named parameter "threads" for function dbgen
Candidates:
    step UINTEGER
    suffix VARCHAR
    schema VARCHAR
    catalog VARCHAR
    overwrite BOOLEAN
    children UINTEGER
    sf DOUBLE

2024-12-24 15:48:42,697 [INFO] === Step 194 ===
2024-12-24 15:48:42,697 [INFO] Generating data with dbgen (sf=3000, children=500, step=194)...
2024-12-24 15:48:42,697 [ERROR] dbgen failed at step 194: Binder Error: Invalid named parameter "threads" for function dbgen
Candidates:
    step UINTEGER
    suffix VARCHAR
    schema VARCHAR
    catalog VARCHAR
    overwrite BOOLEAN
    children UINTEGER
    sf DOUBLE

2024-12-24 15:48:42,697 [INFO] === Step 195 ===
2024-12-24 15:48:42,697 [INFO] Generating data with dbgen (sf=3000, children=500, step=195)...
2024-12-24 15:48:42,698 [ERROR] dbgen failed at step 195: Binder Error: Invalid named parameter "threads" for function dbgen
Candidates:
    step UINTEGER
    suffix VARCHAR
    schema VARCHAR
    catalog VARCHAR
    overwrite BOOLEAN
    children UINTEGER
    sf DOUBLE

2024-12-24 15:48:42,698 [INFO] === Step 196 ===
2024-12-24 15:48:42,698 [INFO] Generating data with dbgen (sf=3000, children=500, step=196)...
2024-12-24 15:48:42,698 [ERROR] dbgen failed at step 196: Binder Error: Invalid named parameter "threads" for function dbgen
Candidates:
    step UINTEGER
    suffix VARCHAR
    schema VARCHAR
    catalog VARCHAR
    overwrite BOOLEAN
    children UINTEGER
    sf DOUBLE

2024-12-24 15:48:42,698 [INFO] === Step 197 ===
2024-12-24 15:48:42,698 [INFO] Generating data with dbgen (sf=3000, children=500, step=197)...
2024-12-24 15:48:42,698 [ERROR] dbgen failed at step 197: Binder Error: Invalid named parameter "threads" for function dbgen
Candidates:
    step UINTEGER
    suffix VARCHAR
    schema VARCHAR
    catalog VARCHAR
    overwrite BOOLEAN
    children UINTEGER
    sf DOUBLE

2024-12-24 15:48:42,698 [INFO] === Step 198 ===
2024-12-24 15:48:42,698 [INFO] Generating data with dbgen (sf=3000, children=500, step=198)...
2024-12-24 15:48:42,699 [ERROR] dbgen failed at step 198: Binder Error: Invalid named parameter "threads" for function dbgen
Candidates:
    step UINTEGER
    suffix VARCHAR
    schema VARCHAR
    catalog VARCHAR
    overwrite BOOLEAN
    children UINTEGER
    sf DOUBLE

2024-12-24 15:48:42,699 [INFO] === Step 199 ===
2024-12-24 15:48:42,699 [INFO] Generating data with dbgen (sf=3000, children=500, step=199)...
2024-12-24 15:48:42,699 [ERROR] dbgen failed at step 199: Binder Error: Invalid named parameter "threads" for function dbgen
Candidates:
    step UINTEGER
    suffix VARCHAR
    schema VARCHAR
    catalog VARCHAR
    overwrite BOOLEAN
    children UINTEGER
    sf DOUBLE

2024-12-24 15:48:42,699 [INFO] === Step 200 ===
2024-12-24 15:48:42,699 [INFO] Generating data with dbgen (sf=3000, children=500, step=200)...
2024-12-24 15:48:42,699 [ERROR] dbgen failed at step 200: Binder Error: Invalid named parameter "threads" for function dbgen
Candidates:
    step UINTEGER
    suffix VARCHAR
    schema VARCHAR
    catalog VARCHAR
    overwrite BOOLEAN
    children UINTEGER
    sf DOUBLE

2024-12-24 15:48:42,699 [INFO] === Step 201 ===
2024-12-24 15:48:42,700 [INFO] Generating data with dbgen (sf=3000, children=500, step=201)...
2024-12-24 15:48:42,700 [ERROR] dbgen failed at step 201: Binder Error: Invalid named parameter "threads" for function dbgen
Candidates:
    step UINTEGER
    suffix VARCHAR
    schema VARCHAR
    catalog VARCHAR
    overwrite BOOLEAN
    children UINTEGER
    sf DOUBLE

2024-12-24 15:48:42,700 [INFO] === Step 202 ===
2024-12-24 15:48:42,700 [INFO] Generating data with dbgen (sf=3000, children=500, step=202)...
2024-12-24 15:48:42,700 [ERROR] dbgen failed at step 202: Binder Error: Invalid named parameter "threads" for function dbgen
Candidates:
    step UINTEGER
    suffix VARCHAR
    schema VARCHAR
    catalog VARCHAR
    overwrite BOOLEAN
    children UINTEGER
    sf DOUBLE

2024-12-24 15:48:42,700 [INFO] === Step 203 ===
2024-12-24 15:48:42,700 [INFO] Generating data with dbgen (sf=3000, children=500, step=203)...
2024-12-24 15:48:42,700 [ERROR] dbgen failed at step 203: Binder Error: Invalid named parameter "threads" for function dbgen
Candidates:
    step UINTEGER
    suffix VARCHAR
    schema VARCHAR
    catalog VARCHAR
    overwrite BOOLEAN
    children UINTEGER
    sf DOUBLE

2024-12-24 15:48:42,701 [INFO] === Step 204 ===
2024-12-24 15:48:42,701 [INFO] Generating data with dbgen (sf=3000, children=500, step=204)...
2024-12-24 15:48:42,701 [ERROR] dbgen failed at step 204: Binder Error: Invalid named parameter "threads" for function dbgen
Candidates:
    step UINTEGER
    suffix VARCHAR
    schema VARCHAR
    catalog VARCHAR
    overwrite BOOLEAN
    children UINTEGER
    sf DOUBLE

2024-12-24 15:48:42,701 [INFO] === Step 205 ===
2024-12-24 15:48:42,701 [INFO] Generating data with dbgen (sf=3000, children=500, step=205)...
2024-12-24 15:48:42,701 [ERROR] dbgen failed at step 205: Binder Error: Invalid named parameter "threads" for function dbgen
Candidates:
    step UINTEGER
    suffix VARCHAR
    schema VARCHAR
    catalog VARCHAR
    overwrite BOOLEAN
    children UINTEGER
    sf DOUBLE

2024-12-24 15:48:42,701 [INFO] === Step 206 ===
2024-12-24 15:48:42,701 [INFO] Generating data with dbgen (sf=3000, children=500, step=206)...
2024-12-24 15:48:42,702 [ERROR] dbgen failed at step 206: Binder Error: Invalid named parameter "threads" for function dbgen
Candidates:
    step UINTEGER
    suffix VARCHAR
    schema VARCHAR
    catalog VARCHAR
    overwrite BOOLEAN
    children UINTEGER
    sf DOUBLE

2024-12-24 15:48:42,702 [INFO] === Step 207 ===
2024-12-24 15:48:42,702 [INFO] Generating data with dbgen (sf=3000, children=500, step=207)...
2024-12-24 15:48:42,702 [ERROR] dbgen failed at step 207: Binder Error: Invalid named parameter "threads" for function dbgen
Candidates:
    step UINTEGER
    suffix VARCHAR
    schema VARCHAR
    catalog VARCHAR
    overwrite BOOLEAN
    children UINTEGER
    sf DOUBLE

2024-12-24 15:48:42,702 [INFO] === Step 208 ===
2024-12-24 15:48:42,702 [INFO] Generating data with dbgen (sf=3000, children=500, step=208)...
2024-12-24 15:48:42,702 [ERROR] dbgen failed at step 208: Binder Error: Invalid named parameter "threads" for function dbgen
Candidates:
    step UINTEGER
    suffix VARCHAR
    schema VARCHAR
    catalog VARCHAR
    overwrite BOOLEAN
    children UINTEGER
    sf DOUBLE

2024-12-24 15:48:42,702 [INFO] === Step 209 ===
2024-12-24 15:48:42,702 [INFO] Generating data with dbgen (sf=3000, children=500, step=209)...
2024-12-24 15:48:42,703 [ERROR] dbgen failed at step 209: Binder Error: Invalid named parameter "threads" for function dbgen
Candidates:
    step UINTEGER
    suffix VARCHAR
    schema VARCHAR
    catalog VARCHAR
    overwrite BOOLEAN
    children UINTEGER
    sf DOUBLE

2024-12-24 15:48:42,703 [INFO] === Step 210 ===
2024-12-24 15:48:42,703 [INFO] Generating data with dbgen (sf=3000, children=500, step=210)...
2024-12-24 15:48:42,703 [ERROR] dbgen failed at step 210: Binder Error: Invalid named parameter "threads" for function dbgen
Candidates:
    step UINTEGER
    suffix VARCHAR
    schema VARCHAR
    catalog VARCHAR
    overwrite BOOLEAN
    children UINTEGER
    sf DOUBLE

2024-12-24 15:48:42,703 [INFO] === Step 211 ===
2024-12-24 15:48:42,703 [INFO] Generating data with dbgen (sf=3000, children=500, step=211)...
2024-12-24 15:48:42,703 [ERROR] dbgen failed at step 211: Binder Error: Invalid named parameter "threads" for function dbgen
Candidates:
    step UINTEGER
    suffix VARCHAR
    schema VARCHAR
    catalog VARCHAR
    overwrite BOOLEAN
    children UINTEGER
    sf DOUBLE

2024-12-24 15:48:42,703 [INFO] === Step 212 ===
2024-12-24 15:48:42,703 [INFO] Generating data with dbgen (sf=3000, children=500, step=212)...
2024-12-24 15:48:42,704 [ERROR] dbgen failed at step 212: Binder Error: Invalid named parameter "threads" for function dbgen
Candidates:
    step UINTEGER
    suffix VARCHAR
    schema VARCHAR
    catalog VARCHAR
    overwrite BOOLEAN
    children UINTEGER
    sf DOUBLE

2024-12-24 15:48:42,704 [INFO] === Step 213 ===
2024-12-24 15:48:42,704 [INFO] Generating data with dbgen (sf=3000, children=500, step=213)...
2024-12-24 15:48:42,704 [ERROR] dbgen failed at step 213: Binder Error: Invalid named parameter "threads" for function dbgen
Candidates:
    step UINTEGER
    suffix VARCHAR
    schema VARCHAR
    catalog VARCHAR
    overwrite BOOLEAN
    children UINTEGER
    sf DOUBLE

2024-12-24 15:48:42,704 [INFO] === Step 214 ===
2024-12-24 15:48:42,704 [INFO] Generating data with dbgen (sf=3000, children=500, step=214)...
2024-12-24 15:48:42,704 [ERROR] dbgen failed at step 214: Binder Error: Invalid named parameter "threads" for function dbgen
Candidates:
    step UINTEGER
    suffix VARCHAR
    schema VARCHAR
    catalog VARCHAR
    overwrite BOOLEAN
    children UINTEGER
    sf DOUBLE

2024-12-24 15:48:42,704 [INFO] === Step 215 ===
2024-12-24 15:48:42,704 [INFO] Generating data with dbgen (sf=3000, children=500, step=215)...
2024-12-24 15:48:42,705 [ERROR] dbgen failed at step 215: Binder Error: Invalid named parameter "threads" for function dbgen
Candidates:
    step UINTEGER
    suffix VARCHAR
    schema VARCHAR
    catalog VARCHAR
    overwrite BOOLEAN
    children UINTEGER
    sf DOUBLE

2024-12-24 15:48:42,705 [INFO] === Step 216 ===
2024-12-24 15:48:42,705 [INFO] Generating data with dbgen (sf=3000, children=500, step=216)...
2024-12-24 15:48:42,705 [ERROR] dbgen failed at step 216: Binder Error: Invalid named parameter "threads" for function dbgen
Candidates:
    step UINTEGER
    suffix VARCHAR
    schema VARCHAR
    catalog VARCHAR
    overwrite BOOLEAN
    children UINTEGER
    sf DOUBLE

2024-12-24 15:48:42,705 [INFO] === Step 217 ===
2024-12-24 15:48:42,705 [INFO] Generating data with dbgen (sf=3000, children=500, step=217)...
2024-12-24 15:48:42,705 [ERROR] dbgen failed at step 217: Binder Error: Invalid named parameter "threads" for function dbgen
Candidates:
    step UINTEGER
    suffix VARCHAR
    schema VARCHAR
    catalog VARCHAR
    overwrite BOOLEAN
    children UINTEGER
    sf DOUBLE

2024-12-24 15:48:42,705 [INFO] === Step 218 ===
2024-12-24 15:48:42,706 [INFO] Generating data with dbgen (sf=3000, children=500, step=218)...
2024-12-24 15:48:42,706 [ERROR] dbgen failed at step 218: Binder Error: Invalid named parameter "threads" for function dbgen
Candidates:
    step UINTEGER
    suffix VARCHAR
    schema VARCHAR
    catalog VARCHAR
    overwrite BOOLEAN
    children UINTEGER
    sf DOUBLE

2024-12-24 15:48:42,706 [INFO] === Step 219 ===
2024-12-24 15:48:42,706 [INFO] Generating data with dbgen (sf=3000, children=500, step=219)...
2024-12-24 15:48:42,706 [ERROR] dbgen failed at step 219: Binder Error: Invalid named parameter "threads" for function dbgen
Candidates:
    step UINTEGER
    suffix VARCHAR
    schema VARCHAR
    catalog VARCHAR
    overwrite BOOLEAN
    children UINTEGER
    sf DOUBLE

2024-12-24 15:48:42,706 [INFO] === Step 220 ===
2024-12-24 15:48:42,706 [INFO] Generating data with dbgen (sf=3000, children=500, step=220)...
2024-12-24 15:48:42,706 [ERROR] dbgen failed at step 220: Binder Error: Invalid named parameter "threads" for function dbgen
Candidates:
    step UINTEGER
    suffix VARCHAR
    schema VARCHAR
    catalog VARCHAR
    overwrite BOOLEAN
    children UINTEGER
    sf DOUBLE

2024-12-24 15:48:42,707 [INFO] === Step 221 ===
2024-12-24 15:48:42,707 [INFO] Generating data with dbgen (sf=3000, children=500, step=221)...
2024-12-24 15:48:42,707 [ERROR] dbgen failed at step 221: Binder Error: Invalid named parameter "threads" for function dbgen
Candidates:
    step UINTEGER
    suffix VARCHAR
    schema VARCHAR
    catalog VARCHAR
    overwrite BOOLEAN
    children UINTEGER
    sf DOUBLE

2024-12-24 15:48:42,707 [INFO] === Step 222 ===
2024-12-24 15:48:42,707 [INFO] Generating data with dbgen (sf=3000, children=500, step=222)...
2024-12-24 15:48:42,707 [ERROR] dbgen failed at step 222: Binder Error: Invalid named parameter "threads" for function dbgen
Candidates:
    step UINTEGER
    suffix VARCHAR
    schema VARCHAR
    catalog VARCHAR
    overwrite BOOLEAN
    children UINTEGER
    sf DOUBLE

2024-12-24 15:48:42,707 [INFO] === Step 223 ===
2024-12-24 15:48:42,707 [INFO] Generating data with dbgen (sf=3000, children=500, step=223)...
2024-12-24 15:48:42,708 [ERROR] dbgen failed at step 223: Binder Error: Invalid named parameter "threads" for function dbgen
Candidates:
    step UINTEGER
    suffix VARCHAR
    schema VARCHAR
    catalog VARCHAR
    overwrite BOOLEAN
    children UINTEGER
    sf DOUBLE

2024-12-24 15:48:42,708 [INFO] === Step 224 ===
2024-12-24 15:48:42,708 [INFO] Generating data with dbgen (sf=3000, children=500, step=224)...
2024-12-24 15:48:42,708 [ERROR] dbgen failed at step 224: Binder Error: Invalid named parameter "threads" for function dbgen
Candidates:
    step UINTEGER
    suffix VARCHAR
    schema VARCHAR
    catalog VARCHAR
    overwrite BOOLEAN
    children UINTEGER
    sf DOUBLE

2024-12-24 15:48:42,708 [INFO] === Step 225 ===
2024-12-24 15:48:42,708 [INFO] Generating data with dbgen (sf=3000, children=500, step=225)...
2024-12-24 15:48:42,708 [ERROR] dbgen failed at step 225: Binder Error: Invalid named parameter "threads" for function dbgen
Candidates:
    step UINTEGER
    suffix VARCHAR
    schema VARCHAR
    catalog VARCHAR
    overwrite BOOLEAN
    children UINTEGER
    sf DOUBLE

2024-12-24 15:48:42,708 [INFO] === Step 226 ===
2024-12-24 15:48:42,708 [INFO] Generating data with dbgen (sf=3000, children=500, step=226)...
2024-12-24 15:48:42,709 [ERROR] dbgen failed at step 226: Binder Error: Invalid named parameter "threads" for function dbgen
Candidates:
    step UINTEGER
    suffix VARCHAR
    schema VARCHAR
    catalog VARCHAR
    overwrite BOOLEAN
    children UINTEGER
    sf DOUBLE

2024-12-24 15:48:42,709 [INFO] === Step 227 ===
2024-12-24 15:48:42,709 [INFO] Generating data with dbgen (sf=3000, children=500, step=227)...
2024-12-24 15:48:42,709 [ERROR] dbgen failed at step 227: Binder Error: Invalid named parameter "threads" for function dbgen
Candidates:
    step UINTEGER
    suffix VARCHAR
    schema VARCHAR
    catalog VARCHAR
    overwrite BOOLEAN
    children UINTEGER
    sf DOUBLE

2024-12-24 15:48:42,709 [INFO] === Step 228 ===
2024-12-24 15:48:42,709 [INFO] Generating data with dbgen (sf=3000, children=500, step=228)...
2024-12-24 15:48:42,709 [ERROR] dbgen failed at step 228: Binder Error: Invalid named parameter "threads" for function dbgen
Candidates:
    step UINTEGER
    suffix VARCHAR
    schema VARCHAR
    catalog VARCHAR
    overwrite BOOLEAN
    children UINTEGER
    sf DOUBLE

2024-12-24 15:48:42,709 [INFO] === Step 229 ===
2024-12-24 15:48:42,709 [INFO] Generating data with dbgen (sf=3000, children=500, step=229)...
2024-12-24 15:48:42,710 [ERROR] dbgen failed at step 229: Binder Error: Invalid named parameter "threads" for function dbgen
Candidates:
    step UINTEGER
    suffix VARCHAR
    schema VARCHAR
    catalog VARCHAR
    overwrite BOOLEAN
    children UINTEGER
    sf DOUBLE

2024-12-24 15:48:42,710 [INFO] === Step 230 ===
2024-12-24 15:48:42,710 [INFO] Generating data with dbgen (sf=3000, children=500, step=230)...
2024-12-24 15:48:42,710 [ERROR] dbgen failed at step 230: Binder Error: Invalid named parameter "threads" for function dbgen
Candidates:
    step UINTEGER
    suffix VARCHAR
    schema VARCHAR
    catalog VARCHAR
    overwrite BOOLEAN
    children UINTEGER
    sf DOUBLE

2024-12-24 15:48:42,710 [INFO] === Step 231 ===
2024-12-24 15:48:42,710 [INFO] Generating data with dbgen (sf=3000, children=500, step=231)...
2024-12-24 15:48:42,710 [ERROR] dbgen failed at step 231: Binder Error: Invalid named parameter "threads" for function dbgen
Candidates:
    step UINTEGER
    suffix VARCHAR
    schema VARCHAR
    catalog VARCHAR
    overwrite BOOLEAN
    children UINTEGER
    sf DOUBLE

2024-12-24 15:48:42,711 [INFO] === Step 232 ===
2024-12-24 15:48:42,711 [INFO] Generating data with dbgen (sf=3000, children=500, step=232)...
2024-12-24 15:48:42,711 [ERROR] dbgen failed at step 232: Binder Error: Invalid named parameter "threads" for function dbgen
Candidates:
    step UINTEGER
    suffix VARCHAR
    schema VARCHAR
    catalog VARCHAR
    overwrite BOOLEAN
    children UINTEGER
    sf DOUBLE

2024-12-24 15:48:42,711 [INFO] === Step 233 ===
2024-12-24 15:48:42,711 [INFO] Generating data with dbgen (sf=3000, children=500, step=233)...
2024-12-24 15:48:42,711 [ERROR] dbgen failed at step 233: Binder Error: Invalid named parameter "threads" for function dbgen
Candidates:
    step UINTEGER
    suffix VARCHAR
    schema VARCHAR
    catalog VARCHAR
    overwrite BOOLEAN
    children UINTEGER
    sf DOUBLE

2024-12-24 15:48:42,711 [INFO] === Step 234 ===
2024-12-24 15:48:42,711 [INFO] Generating data with dbgen (sf=3000, children=500, step=234)...
2024-12-24 15:48:42,712 [ERROR] dbgen failed at step 234: Binder Error: Invalid named parameter "threads" for function dbgen
Candidates:
    step UINTEGER
    suffix VARCHAR
    schema VARCHAR
    catalog VARCHAR
    overwrite BOOLEAN
    children UINTEGER
    sf DOUBLE

2024-12-24 15:48:42,712 [INFO] === Step 235 ===
2024-12-24 15:48:42,712 [INFO] Generating data with dbgen (sf=3000, children=500, step=235)...
2024-12-24 15:48:42,712 [ERROR] dbgen failed at step 235: Binder Error: Invalid named parameter "threads" for function dbgen
Candidates:
    step UINTEGER
    suffix VARCHAR
    schema VARCHAR
    catalog VARCHAR
    overwrite BOOLEAN
    children UINTEGER
    sf DOUBLE

2024-12-24 15:48:42,712 [INFO] === Step 236 ===
2024-12-24 15:48:42,712 [INFO] Generating data with dbgen (sf=3000, children=500, step=236)...
2024-12-24 15:48:42,712 [ERROR] dbgen failed at step 236: Binder Error: Invalid named parameter "threads" for function dbgen
Candidates:
    step UINTEGER
    suffix VARCHAR
    schema VARCHAR
    catalog VARCHAR
    overwrite BOOLEAN
    children UINTEGER
    sf DOUBLE

2024-12-24 15:48:42,712 [INFO] === Step 237 ===
2024-12-24 15:48:42,712 [INFO] Generating data with dbgen (sf=3000, children=500, step=237)...
2024-12-24 15:48:42,713 [ERROR] dbgen failed at step 237: Binder Error: Invalid named parameter "threads" for function dbgen
Candidates:
    step UINTEGER
    suffix VARCHAR
    schema VARCHAR
    catalog VARCHAR
    overwrite BOOLEAN
    children UINTEGER
    sf DOUBLE

2024-12-24 15:48:42,713 [INFO] === Step 238 ===
2024-12-24 15:48:42,713 [INFO] Generating data with dbgen (sf=3000, children=500, step=238)...
2024-12-24 15:48:42,713 [ERROR] dbgen failed at step 238: Binder Error: Invalid named parameter "threads" for function dbgen
Candidates:
    step UINTEGER
    suffix VARCHAR
    schema VARCHAR
    catalog VARCHAR
    overwrite BOOLEAN
    children UINTEGER
    sf DOUBLE

2024-12-24 15:48:42,713 [INFO] === Step 239 ===
2024-12-24 15:48:42,713 [INFO] Generating data with dbgen (sf=3000, children=500, step=239)...
2024-12-24 15:48:42,713 [ERROR] dbgen failed at step 239: Binder Error: Invalid named parameter "threads" for function dbgen
Candidates:
    step UINTEGER
    suffix VARCHAR
    schema VARCHAR
    catalog VARCHAR
    overwrite BOOLEAN
    children UINTEGER
    sf DOUBLE

2024-12-24 15:48:42,713 [INFO] === Step 240 ===
2024-12-24 15:48:42,714 [INFO] Generating data with dbgen (sf=3000, children=500, step=240)...
2024-12-24 15:48:42,714 [ERROR] dbgen failed at step 240: Binder Error: Invalid named parameter "threads" for function dbgen
Candidates:
    step UINTEGER
    suffix VARCHAR
    schema VARCHAR
    catalog VARCHAR
    overwrite BOOLEAN
    children UINTEGER
    sf DOUBLE

2024-12-24 15:48:42,714 [INFO] === Step 241 ===
2024-12-24 15:48:42,714 [INFO] Generating data with dbgen (sf=3000, children=500, step=241)...
2024-12-24 15:48:42,714 [ERROR] dbgen failed at step 241: Binder Error: Invalid named parameter "threads" for function dbgen
Candidates:
    step UINTEGER
    suffix VARCHAR
    schema VARCHAR
    catalog VARCHAR
    overwrite BOOLEAN
    children UINTEGER
    sf DOUBLE

2024-12-24 15:48:42,714 [INFO] === Step 242 ===
2024-12-24 15:48:42,714 [INFO] Generating data with dbgen (sf=3000, children=500, step=242)...
2024-12-24 15:48:42,715 [ERROR] dbgen failed at step 242: Binder Error: Invalid named parameter "threads" for function dbgen
Candidates:
    step UINTEGER
    suffix VARCHAR
    schema VARCHAR
    catalog VARCHAR
    overwrite BOOLEAN
    children UINTEGER
    sf DOUBLE

2024-12-24 15:48:42,715 [INFO] === Step 243 ===
2024-12-24 15:48:42,715 [INFO] Generating data with dbgen (sf=3000, children=500, step=243)...
2024-12-24 15:48:42,715 [ERROR] dbgen failed at step 243: Binder Error: Invalid named parameter "threads" for function dbgen
Candidates:
    step UINTEGER
    suffix VARCHAR
    schema VARCHAR
    catalog VARCHAR
    overwrite BOOLEAN
    children UINTEGER
    sf DOUBLE

2024-12-24 15:48:42,715 [INFO] === Step 244 ===
2024-12-24 15:48:42,715 [INFO] Generating data with dbgen (sf=3000, children=500, step=244)...
2024-12-24 15:48:42,715 [ERROR] dbgen failed at step 244: Binder Error: Invalid named parameter "threads" for function dbgen
Candidates:
    step UINTEGER
    suffix VARCHAR
    schema VARCHAR
    catalog VARCHAR
    overwrite BOOLEAN
    children UINTEGER
    sf DOUBLE

2024-12-24 15:48:42,715 [INFO] === Step 245 ===
2024-12-24 15:48:42,715 [INFO] Generating data with dbgen (sf=3000, children=500, step=245)...
2024-12-24 15:48:42,716 [ERROR] dbgen failed at step 245: Binder Error: Invalid named parameter "threads" for function dbgen
Candidates:
    step UINTEGER
    suffix VARCHAR
    schema VARCHAR
    catalog VARCHAR
    overwrite BOOLEAN
    children UINTEGER
    sf DOUBLE

2024-12-24 15:48:42,716 [INFO] === Step 246 ===
2024-12-24 15:48:42,716 [INFO] Generating data with dbgen (sf=3000, children=500, step=246)...
2024-12-24 15:48:42,716 [ERROR] dbgen failed at step 246: Binder Error: Invalid named parameter "threads" for function dbgen
Candidates:
    step UINTEGER
    suffix VARCHAR
    schema VARCHAR
    catalog VARCHAR
    overwrite BOOLEAN
    children UINTEGER
    sf DOUBLE

2024-12-24 15:48:42,716 [INFO] === Step 247 ===
2024-12-24 15:48:42,716 [INFO] Generating data with dbgen (sf=3000, children=500, step=247)...
2024-12-24 15:48:42,716 [ERROR] dbgen failed at step 247: Binder Error: Invalid named parameter "threads" for function dbgen
Candidates:
    step UINTEGER
    suffix VARCHAR
    schema VARCHAR
    catalog VARCHAR
    overwrite BOOLEAN
    children UINTEGER
    sf DOUBLE

2024-12-24 15:48:42,717 [INFO] === Step 248 ===
2024-12-24 15:48:42,717 [INFO] Generating data with dbgen (sf=3000, children=500, step=248)...
2024-12-24 15:48:42,717 [ERROR] dbgen failed at step 248: Binder Error: Invalid named parameter "threads" for function dbgen
Candidates:
    step UINTEGER
    suffix VARCHAR
    schema VARCHAR
    catalog VARCHAR
    overwrite BOOLEAN
    children UINTEGER
    sf DOUBLE

2024-12-24 15:48:42,717 [INFO] === Step 249 ===
2024-12-24 15:48:42,717 [INFO] Generating data with dbgen (sf=3000, children=500, step=249)...
2024-12-24 15:48:42,717 [ERROR] dbgen failed at step 249: Binder Error: Invalid named parameter "threads" for function dbgen
Candidates:
    step UINTEGER
    suffix VARCHAR
    schema VARCHAR
    catalog VARCHAR
    overwrite BOOLEAN
    children UINTEGER
    sf DOUBLE

2024-12-24 15:48:42,717 [INFO] === Step 250 ===
2024-12-24 15:48:42,717 [INFO] Generating data with dbgen (sf=3000, children=500, step=250)...
2024-12-24 15:48:42,717 [ERROR] dbgen failed at step 250: Binder Error: Invalid named parameter "threads" for function dbgen
Candidates:
    step UINTEGER
    suffix VARCHAR
    schema VARCHAR
    catalog VARCHAR
    overwrite BOOLEAN
    children UINTEGER
    sf DOUBLE

2024-12-24 15:48:42,718 [INFO] === Step 251 ===
2024-12-24 15:48:42,718 [INFO] Generating data with dbgen (sf=3000, children=500, step=251)...
2024-12-24 15:48:42,718 [ERROR] dbgen failed at step 251: Binder Error: Invalid named parameter "threads" for function dbgen
Candidates:
    step UINTEGER
    suffix VARCHAR
    schema VARCHAR
    catalog VARCHAR
    overwrite BOOLEAN
    children UINTEGER
    sf DOUBLE

2024-12-24 15:48:42,718 [INFO] === Step 252 ===
2024-12-24 15:48:42,718 [INFO] Generating data with dbgen (sf=3000, children=500, step=252)...
2024-12-24 15:48:42,718 [ERROR] dbgen failed at step 252: Binder Error: Invalid named parameter "threads" for function dbgen
Candidates:
    step UINTEGER
    suffix VARCHAR
    schema VARCHAR
    catalog VARCHAR
    overwrite BOOLEAN
    children UINTEGER
    sf DOUBLE

2024-12-24 15:48:42,718 [INFO] === Step 253 ===
2024-12-24 15:48:42,718 [INFO] Generating data with dbgen (sf=3000, children=500, step=253)...
2024-12-24 15:48:42,719 [ERROR] dbgen failed at step 253: Binder Error: Invalid named parameter "threads" for function dbgen
Candidates:
    step UINTEGER
    suffix VARCHAR
    schema VARCHAR
    catalog VARCHAR
    overwrite BOOLEAN
    children UINTEGER
    sf DOUBLE

2024-12-24 15:48:42,719 [INFO] === Step 254 ===
2024-12-24 15:48:42,719 [INFO] Generating data with dbgen (sf=3000, children=500, step=254)...
2024-12-24 15:48:42,719 [ERROR] dbgen failed at step 254: Binder Error: Invalid named parameter "threads" for function dbgen
Candidates:
    step UINTEGER
    suffix VARCHAR
    schema VARCHAR
    catalog VARCHAR
    overwrite BOOLEAN
    children UINTEGER
    sf DOUBLE

2024-12-24 15:48:42,719 [INFO] === Step 255 ===
2024-12-24 15:48:42,719 [INFO] Generating data with dbgen (sf=3000, children=500, step=255)...
2024-12-24 15:48:42,719 [ERROR] dbgen failed at step 255: Binder Error: Invalid named parameter "threads" for function dbgen
Candidates:
    step UINTEGER
    suffix VARCHAR
    schema VARCHAR
    catalog VARCHAR
    overwrite BOOLEAN
    children UINTEGER
    sf DOUBLE

2024-12-24 15:48:42,719 [INFO] === Step 256 ===
2024-12-24 15:48:42,719 [INFO] Generating data with dbgen (sf=3000, children=500, step=256)...
2024-12-24 15:48:42,720 [ERROR] dbgen failed at step 256: Binder Error: Invalid named parameter "threads" for function dbgen
Candidates:
    step UINTEGER
    suffix VARCHAR
    schema VARCHAR
    catalog VARCHAR
    overwrite BOOLEAN
    children UINTEGER
    sf DOUBLE

2024-12-24 15:48:42,720 [INFO] === Step 257 ===
2024-12-24 15:48:42,720 [INFO] Generating data with dbgen (sf=3000, children=500, step=257)...
2024-12-24 15:48:42,720 [ERROR] dbgen failed at step 257: Binder Error: Invalid named parameter "threads" for function dbgen
Candidates:
    step UINTEGER
    suffix VARCHAR
    schema VARCHAR
    catalog VARCHAR
    overwrite BOOLEAN
    children UINTEGER
    sf DOUBLE

2024-12-24 15:48:42,720 [INFO] === Step 258 ===
2024-12-24 15:48:42,720 [INFO] Generating data with dbgen (sf=3000, children=500, step=258)...
2024-12-24 15:48:42,720 [ERROR] dbgen failed at step 258: Binder Error: Invalid named parameter "threads" for function dbgen
Candidates:
    step UINTEGER
    suffix VARCHAR
    schema VARCHAR
    catalog VARCHAR
    overwrite BOOLEAN
    children UINTEGER
    sf DOUBLE

2024-12-24 15:48:42,720 [INFO] === Step 259 ===
2024-12-24 15:48:42,721 [INFO] Generating data with dbgen (sf=3000, children=500, step=259)...
2024-12-24 15:48:42,721 [ERROR] dbgen failed at step 259: Binder Error: Invalid named parameter "threads" for function dbgen
Candidates:
    step UINTEGER
    suffix VARCHAR
    schema VARCHAR
    catalog VARCHAR
    overwrite BOOLEAN
    children UINTEGER
    sf DOUBLE

2024-12-24 15:48:42,721 [INFO] === Step 260 ===
2024-12-24 15:48:42,721 [INFO] Generating data with dbgen (sf=3000, children=500, step=260)...
2024-12-24 15:48:42,721 [ERROR] dbgen failed at step 260: Binder Error: Invalid named parameter "threads" for function dbgen
Candidates:
    step UINTEGER
    suffix VARCHAR
    schema VARCHAR
    catalog VARCHAR
    overwrite BOOLEAN
    children UINTEGER
    sf DOUBLE

2024-12-24 15:48:42,721 [INFO] === Step 261 ===
2024-12-24 15:48:42,721 [INFO] Generating data with dbgen (sf=3000, children=500, step=261)...
2024-12-24 15:48:42,721 [ERROR] dbgen failed at step 261: Binder Error: Invalid named parameter "threads" for function dbgen
Candidates:
    step UINTEGER
    suffix VARCHAR
    schema VARCHAR
    catalog VARCHAR
    overwrite BOOLEAN
    children UINTEGER
    sf DOUBLE

2024-12-24 15:48:42,722 [INFO] === Step 262 ===
2024-12-24 15:48:42,722 [INFO] Generating data with dbgen (sf=3000, children=500, step=262)...
2024-12-24 15:48:42,722 [ERROR] dbgen failed at step 262: Binder Error: Invalid named parameter "threads" for function dbgen
Candidates:
    step UINTEGER
    suffix VARCHAR
    schema VARCHAR
    catalog VARCHAR
    overwrite BOOLEAN
    children UINTEGER
    sf DOUBLE

2024-12-24 15:48:42,722 [INFO] === Step 263 ===
2024-12-24 15:48:42,722 [INFO] Generating data with dbgen (sf=3000, children=500, step=263)...
2024-12-24 15:48:42,722 [ERROR] dbgen failed at step 263: Binder Error: Invalid named parameter "threads" for function dbgen
Candidates:
    step UINTEGER
    suffix VARCHAR
    schema VARCHAR
    catalog VARCHAR
    overwrite BOOLEAN
    children UINTEGER
    sf DOUBLE

2024-12-24 15:48:42,722 [INFO] === Step 264 ===
2024-12-24 15:48:42,722 [INFO] Generating data with dbgen (sf=3000, children=500, step=264)...
2024-12-24 15:48:42,723 [ERROR] dbgen failed at step 264: Binder Error: Invalid named parameter "threads" for function dbgen
Candidates:
    step UINTEGER
    suffix VARCHAR
    schema VARCHAR
    catalog VARCHAR
    overwrite BOOLEAN
    children UINTEGER
    sf DOUBLE

2024-12-24 15:48:42,723 [INFO] === Step 265 ===
2024-12-24 15:48:42,723 [INFO] Generating data with dbgen (sf=3000, children=500, step=265)...
2024-12-24 15:48:42,723 [ERROR] dbgen failed at step 265: Binder Error: Invalid named parameter "threads" for function dbgen
Candidates:
    step UINTEGER
    suffix VARCHAR
    schema VARCHAR
    catalog VARCHAR
    overwrite BOOLEAN
    children UINTEGER
    sf DOUBLE

2024-12-24 15:48:42,723 [INFO] === Step 266 ===
2024-12-24 15:48:42,723 [INFO] Generating data with dbgen (sf=3000, children=500, step=266)...
2024-12-24 15:48:42,723 [ERROR] dbgen failed at step 266: Binder Error: Invalid named parameter "threads" for function dbgen
Candidates:
    step UINTEGER
    suffix VARCHAR
    schema VARCHAR
    catalog VARCHAR
    overwrite BOOLEAN
    children UINTEGER
    sf DOUBLE

2024-12-24 15:48:42,723 [INFO] === Step 267 ===
2024-12-24 15:48:42,723 [INFO] Generating data with dbgen (sf=3000, children=500, step=267)...
2024-12-24 15:48:42,724 [ERROR] dbgen failed at step 267: Binder Error: Invalid named parameter "threads" for function dbgen
Candidates:
    step UINTEGER
    suffix VARCHAR
    schema VARCHAR
    catalog VARCHAR
    overwrite BOOLEAN
    children UINTEGER
    sf DOUBLE

2024-12-24 15:48:42,724 [INFO] === Step 268 ===
2024-12-24 15:48:42,724 [INFO] Generating data with dbgen (sf=3000, children=500, step=268)...
2024-12-24 15:48:42,724 [ERROR] dbgen failed at step 268: Binder Error: Invalid named parameter "threads" for function dbgen
Candidates:
    step UINTEGER
    suffix VARCHAR
    schema VARCHAR
    catalog VARCHAR
    overwrite BOOLEAN
    children UINTEGER
    sf DOUBLE

2024-12-24 15:48:42,724 [INFO] === Step 269 ===
2024-12-24 15:48:42,724 [INFO] Generating data with dbgen (sf=3000, children=500, step=269)...
2024-12-24 15:48:42,724 [ERROR] dbgen failed at step 269: Binder Error: Invalid named parameter "threads" for function dbgen
Candidates:
    step UINTEGER
    suffix VARCHAR
    schema VARCHAR
    catalog VARCHAR
    overwrite BOOLEAN
    children UINTEGER
    sf DOUBLE

2024-12-24 15:48:42,724 [INFO] === Step 270 ===
2024-12-24 15:48:42,724 [INFO] Generating data with dbgen (sf=3000, children=500, step=270)...
2024-12-24 15:48:42,725 [ERROR] dbgen failed at step 270: Binder Error: Invalid named parameter "threads" for function dbgen
Candidates:
    step UINTEGER
    suffix VARCHAR
    schema VARCHAR
    catalog VARCHAR
    overwrite BOOLEAN
    children UINTEGER
    sf DOUBLE

2024-12-24 15:48:42,725 [INFO] === Step 271 ===
2024-12-24 15:48:42,725 [INFO] Generating data with dbgen (sf=3000, children=500, step=271)...
2024-12-24 15:48:42,725 [ERROR] dbgen failed at step 271: Binder Error: Invalid named parameter "threads" for function dbgen
Candidates:
    step UINTEGER
    suffix VARCHAR
    schema VARCHAR
    catalog VARCHAR
    overwrite BOOLEAN
    children UINTEGER
    sf DOUBLE

2024-12-24 15:48:42,725 [INFO] === Step 272 ===
2024-12-24 15:48:42,725 [INFO] Generating data with dbgen (sf=3000, children=500, step=272)...
2024-12-24 15:48:42,725 [ERROR] dbgen failed at step 272: Binder Error: Invalid named parameter "threads" for function dbgen
Candidates:
    step UINTEGER
    suffix VARCHAR
    schema VARCHAR
    catalog VARCHAR
    overwrite BOOLEAN
    children UINTEGER
    sf DOUBLE

2024-12-24 15:48:42,726 [INFO] === Step 273 ===
2024-12-24 15:48:42,726 [INFO] Generating data with dbgen (sf=3000, children=500, step=273)...
2024-12-24 15:48:42,726 [ERROR] dbgen failed at step 273: Binder Error: Invalid named parameter "threads" for function dbgen
Candidates:
    step UINTEGER
    suffix VARCHAR
    schema VARCHAR
    catalog VARCHAR
    overwrite BOOLEAN
    children UINTEGER
    sf DOUBLE

2024-12-24 15:48:42,726 [INFO] === Step 274 ===
2024-12-24 15:48:42,726 [INFO] Generating data with dbgen (sf=3000, children=500, step=274)...
2024-12-24 15:48:42,726 [ERROR] dbgen failed at step 274: Binder Error: Invalid named parameter "threads" for function dbgen
Candidates:
    step UINTEGER
    suffix VARCHAR
    schema VARCHAR
    catalog VARCHAR
    overwrite BOOLEAN
    children UINTEGER
    sf DOUBLE

2024-12-24 15:48:42,726 [INFO] === Step 275 ===
2024-12-24 15:48:42,726 [INFO] Generating data with dbgen (sf=3000, children=500, step=275)...
2024-12-24 15:48:42,727 [ERROR] dbgen failed at step 275: Binder Error: Invalid named parameter "threads" for function dbgen
Candidates:
    step UINTEGER
    suffix VARCHAR
    schema VARCHAR
    catalog VARCHAR
    overwrite BOOLEAN
    children UINTEGER
    sf DOUBLE

2024-12-24 15:48:42,727 [INFO] === Step 276 ===
2024-12-24 15:48:42,727 [INFO] Generating data with dbgen (sf=3000, children=500, step=276)...
2024-12-24 15:48:42,727 [ERROR] dbgen failed at step 276: Binder Error: Invalid named parameter "threads" for function dbgen
Candidates:
    step UINTEGER
    suffix VARCHAR
    schema VARCHAR
    catalog VARCHAR
    overwrite BOOLEAN
    children UINTEGER
    sf DOUBLE

2024-12-24 15:48:42,727 [INFO] === Step 277 ===
2024-12-24 15:48:42,727 [INFO] Generating data with dbgen (sf=3000, children=500, step=277)...
2024-12-24 15:48:42,727 [ERROR] dbgen failed at step 277: Binder Error: Invalid named parameter "threads" for function dbgen
Candidates:
    step UINTEGER
    suffix VARCHAR
    schema VARCHAR
    catalog VARCHAR
    overwrite BOOLEAN
    children UINTEGER
    sf DOUBLE

2024-12-24 15:48:42,727 [INFO] === Step 278 ===
2024-12-24 15:48:42,727 [INFO] Generating data with dbgen (sf=3000, children=500, step=278)...
2024-12-24 15:48:42,728 [ERROR] dbgen failed at step 278: Binder Error: Invalid named parameter "threads" for function dbgen
Candidates:
    step UINTEGER
    suffix VARCHAR
    schema VARCHAR
    catalog VARCHAR
    overwrite BOOLEAN
    children UINTEGER
    sf DOUBLE

2024-12-24 15:48:42,728 [INFO] === Step 279 ===
2024-12-24 15:48:42,728 [INFO] Generating data with dbgen (sf=3000, children=500, step=279)...
2024-12-24 15:48:42,728 [ERROR] dbgen failed at step 279: Binder Error: Invalid named parameter "threads" for function dbgen
Candidates:
    step UINTEGER
    suffix VARCHAR
    schema VARCHAR
    catalog VARCHAR
    overwrite BOOLEAN
    children UINTEGER
    sf DOUBLE

2024-12-24 15:48:42,728 [INFO] === Step 280 ===
2024-12-24 15:48:42,728 [INFO] Generating data with dbgen (sf=3000, children=500, step=280)...
2024-12-24 15:48:42,728 [ERROR] dbgen failed at step 280: Binder Error: Invalid named parameter "threads" for function dbgen
Candidates:
    step UINTEGER
    suffix VARCHAR
    schema VARCHAR
    catalog VARCHAR
    overwrite BOOLEAN
    children UINTEGER
    sf DOUBLE

2024-12-24 15:48:42,728 [INFO] === Step 281 ===
2024-12-24 15:48:42,728 [INFO] Generating data with dbgen (sf=3000, children=500, step=281)...
2024-12-24 15:48:42,729 [ERROR] dbgen failed at step 281: Binder Error: Invalid named parameter "threads" for function dbgen
Candidates:
    step UINTEGER
    suffix VARCHAR
    schema VARCHAR
    catalog VARCHAR
    overwrite BOOLEAN
    children UINTEGER
    sf DOUBLE

2024-12-24 15:48:42,729 [INFO] === Step 282 ===
2024-12-24 15:48:42,729 [INFO] Generating data with dbgen (sf=3000, children=500, step=282)...
2024-12-24 15:48:42,729 [ERROR] dbgen failed at step 282: Binder Error: Invalid named parameter "threads" for function dbgen
Candidates:
    step UINTEGER
    suffix VARCHAR
    schema VARCHAR
    catalog VARCHAR
    overwrite BOOLEAN
    children UINTEGER
    sf DOUBLE

2024-12-24 15:48:42,729 [INFO] === Step 283 ===
2024-12-24 15:48:42,729 [INFO] Generating data with dbgen (sf=3000, children=500, step=283)...
2024-12-24 15:48:42,729 [ERROR] dbgen failed at step 283: Binder Error: Invalid named parameter "threads" for function dbgen
Candidates:
    step UINTEGER
    suffix VARCHAR
    schema VARCHAR
    catalog VARCHAR
    overwrite BOOLEAN
    children UINTEGER
    sf DOUBLE

2024-12-24 15:48:42,729 [INFO] === Step 284 ===
2024-12-24 15:48:42,729 [INFO] Generating data with dbgen (sf=3000, children=500, step=284)...
2024-12-24 15:48:42,730 [ERROR] dbgen failed at step 284: Binder Error: Invalid named parameter "threads" for function dbgen
Candidates:
    step UINTEGER
    suffix VARCHAR
    schema VARCHAR
    catalog VARCHAR
    overwrite BOOLEAN
    children UINTEGER
    sf DOUBLE

2024-12-24 15:48:42,730 [INFO] === Step 285 ===
2024-12-24 15:48:42,730 [INFO] Generating data with dbgen (sf=3000, children=500, step=285)...
2024-12-24 15:48:42,730 [ERROR] dbgen failed at step 285: Binder Error: Invalid named parameter "threads" for function dbgen
Candidates:
    step UINTEGER
    suffix VARCHAR
    schema VARCHAR
    catalog VARCHAR
    overwrite BOOLEAN
    children UINTEGER
    sf DOUBLE

2024-12-24 15:48:42,730 [INFO] === Step 286 ===
2024-12-24 15:48:42,730 [INFO] Generating data with dbgen (sf=3000, children=500, step=286)...
2024-12-24 15:48:42,730 [ERROR] dbgen failed at step 286: Binder Error: Invalid named parameter "threads" for function dbgen
Candidates:
    step UINTEGER
    suffix VARCHAR
    schema VARCHAR
    catalog VARCHAR
    overwrite BOOLEAN
    children UINTEGER
    sf DOUBLE

2024-12-24 15:48:42,731 [INFO] === Step 287 ===
2024-12-24 15:48:42,731 [INFO] Generating data with dbgen (sf=3000, children=500, step=287)...
2024-12-24 15:48:42,731 [ERROR] dbgen failed at step 287: Binder Error: Invalid named parameter "threads" for function dbgen
Candidates:
    step UINTEGER
    suffix VARCHAR
    schema VARCHAR
    catalog VARCHAR
    overwrite BOOLEAN
    children UINTEGER
    sf DOUBLE

2024-12-24 15:48:42,731 [INFO] === Step 288 ===
2024-12-24 15:48:42,731 [INFO] Generating data with dbgen (sf=3000, children=500, step=288)...
2024-12-24 15:48:42,731 [ERROR] dbgen failed at step 288: Binder Error: Invalid named parameter "threads" for function dbgen
Candidates:
    step UINTEGER
    suffix VARCHAR
    schema VARCHAR
    catalog VARCHAR
    overwrite BOOLEAN
    children UINTEGER
    sf DOUBLE

2024-12-24 15:48:42,731 [INFO] === Step 289 ===
2024-12-24 15:48:42,731 [INFO] Generating data with dbgen (sf=3000, children=500, step=289)...
2024-12-24 15:48:42,732 [ERROR] dbgen failed at step 289: Binder Error: Invalid named parameter "threads" for function dbgen
Candidates:
    step UINTEGER
    suffix VARCHAR
    schema VARCHAR
    catalog VARCHAR
    overwrite BOOLEAN
    children UINTEGER
    sf DOUBLE

2024-12-24 15:48:42,732 [INFO] === Step 290 ===
2024-12-24 15:48:42,732 [INFO] Generating data with dbgen (sf=3000, children=500, step=290)...
2024-12-24 15:48:42,732 [ERROR] dbgen failed at step 290: Binder Error: Invalid named parameter "threads" for function dbgen
Candidates:
    step UINTEGER
    suffix VARCHAR
    schema VARCHAR
    catalog VARCHAR
    overwrite BOOLEAN
    children UINTEGER
    sf DOUBLE

2024-12-24 15:48:42,732 [INFO] === Step 291 ===
2024-12-24 15:48:42,732 [INFO] Generating data with dbgen (sf=3000, children=500, step=291)...
2024-12-24 15:48:42,732 [ERROR] dbgen failed at step 291: Binder Error: Invalid named parameter "threads" for function dbgen
Candidates:
    step UINTEGER
    suffix VARCHAR
    schema VARCHAR
    catalog VARCHAR
    overwrite BOOLEAN
    children UINTEGER
    sf DOUBLE

2024-12-24 15:48:42,732 [INFO] === Step 292 ===
2024-12-24 15:48:42,732 [INFO] Generating data with dbgen (sf=3000, children=500, step=292)...
2024-12-24 15:48:42,733 [ERROR] dbgen failed at step 292: Binder Error: Invalid named parameter "threads" for function dbgen
Candidates:
    step UINTEGER
    suffix VARCHAR
    schema VARCHAR
    catalog VARCHAR
    overwrite BOOLEAN
    children UINTEGER
    sf DOUBLE

2024-12-24 15:48:42,733 [INFO] === Step 293 ===
2024-12-24 15:48:42,733 [INFO] Generating data with dbgen (sf=3000, children=500, step=293)...
2024-12-24 15:48:42,733 [ERROR] dbgen failed at step 293: Binder Error: Invalid named parameter "threads" for function dbgen
Candidates:
    step UINTEGER
    suffix VARCHAR
    schema VARCHAR
    catalog VARCHAR
    overwrite BOOLEAN
    children UINTEGER
    sf DOUBLE

2024-12-24 15:48:42,733 [INFO] === Step 294 ===
2024-12-24 15:48:42,733 [INFO] Generating data with dbgen (sf=3000, children=500, step=294)...
2024-12-24 15:48:42,733 [ERROR] dbgen failed at step 294: Binder Error: Invalid named parameter "threads" for function dbgen
Candidates:
    step UINTEGER
    suffix VARCHAR
    schema VARCHAR
    catalog VARCHAR
    overwrite BOOLEAN
    children UINTEGER
    sf DOUBLE

2024-12-24 15:48:42,733 [INFO] === Step 295 ===
2024-12-24 15:48:42,733 [INFO] Generating data with dbgen (sf=3000, children=500, step=295)...
2024-12-24 15:48:42,734 [ERROR] dbgen failed at step 295: Binder Error: Invalid named parameter "threads" for function dbgen
Candidates:
    step UINTEGER
    suffix VARCHAR
    schema VARCHAR
    catalog VARCHAR
    overwrite BOOLEAN
    children UINTEGER
    sf DOUBLE

2024-12-24 15:48:42,734 [INFO] === Step 296 ===
2024-12-24 15:48:42,734 [INFO] Generating data with dbgen (sf=3000, children=500, step=296)...
2024-12-24 15:48:42,734 [ERROR] dbgen failed at step 296: Binder Error: Invalid named parameter "threads" for function dbgen
Candidates:
    step UINTEGER
    suffix VARCHAR
    schema VARCHAR
    catalog VARCHAR
    overwrite BOOLEAN
    children UINTEGER
    sf DOUBLE

2024-12-24 15:48:42,734 [INFO] === Step 297 ===
2024-12-24 15:48:42,734 [INFO] Generating data with dbgen (sf=3000, children=500, step=297)...
2024-12-24 15:48:42,734 [ERROR] dbgen failed at step 297: Binder Error: Invalid named parameter "threads" for function dbgen
Candidates:
    step UINTEGER
    suffix VARCHAR
    schema VARCHAR
    catalog VARCHAR
    overwrite BOOLEAN
    children UINTEGER
    sf DOUBLE

2024-12-24 15:48:42,734 [INFO] === Step 298 ===
2024-12-24 15:48:42,734 [INFO] Generating data with dbgen (sf=3000, children=500, step=298)...
2024-12-24 15:48:42,735 [ERROR] dbgen failed at step 298: Binder Error: Invalid named parameter "threads" for function dbgen
Candidates:
    step UINTEGER
    suffix VARCHAR
    schema VARCHAR
    catalog VARCHAR
    overwrite BOOLEAN
    children UINTEGER
    sf DOUBLE

2024-12-24 15:48:42,735 [INFO] === Step 299 ===
2024-12-24 15:48:42,735 [INFO] Generating data with dbgen (sf=3000, children=500, step=299)...
2024-12-24 15:48:42,735 [ERROR] dbgen failed at step 299: Binder Error: Invalid named parameter "threads" for function dbgen
Candidates:
    step UINTEGER
    suffix VARCHAR
    schema VARCHAR
    catalog VARCHAR
    overwrite BOOLEAN
    children UINTEGER
    sf DOUBLE

2024-12-24 15:48:42,735 [INFO] === Step 300 ===
2024-12-24 15:48:42,735 [INFO] Generating data with dbgen (sf=3000, children=500, step=300)...
2024-12-24 15:48:42,735 [ERROR] dbgen failed at step 300: Binder Error: Invalid named parameter "threads" for function dbgen
Candidates:
    step UINTEGER
    suffix VARCHAR
    schema VARCHAR
    catalog VARCHAR
    overwrite BOOLEAN
    children UINTEGER
    sf DOUBLE

2024-12-24 15:48:42,736 [INFO] === Step 301 ===
2024-12-24 15:48:42,736 [INFO] Generating data with dbgen (sf=3000, children=500, step=301)...
2024-12-24 15:48:42,736 [ERROR] dbgen failed at step 301: Binder Error: Invalid named parameter "threads" for function dbgen
Candidates:
    step UINTEGER
    suffix VARCHAR
    schema VARCHAR
    catalog VARCHAR
    overwrite BOOLEAN
    children UINTEGER
    sf DOUBLE

2024-12-24 15:48:42,736 [INFO] === Step 302 ===
2024-12-24 15:48:42,736 [INFO] Generating data with dbgen (sf=3000, children=500, step=302)...
2024-12-24 15:48:42,736 [ERROR] dbgen failed at step 302: Binder Error: Invalid named parameter "threads" for function dbgen
Candidates:
    step UINTEGER
    suffix VARCHAR
    schema VARCHAR
    catalog VARCHAR
    overwrite BOOLEAN
    children UINTEGER
    sf DOUBLE

2024-12-24 15:48:42,736 [INFO] === Step 303 ===
2024-12-24 15:48:42,736 [INFO] Generating data with dbgen (sf=3000, children=500, step=303)...
2024-12-24 15:48:42,737 [ERROR] dbgen failed at step 303: Binder Error: Invalid named parameter "threads" for function dbgen
Candidates:
    step UINTEGER
    suffix VARCHAR
    schema VARCHAR
    catalog VARCHAR
    overwrite BOOLEAN
    children UINTEGER
    sf DOUBLE

2024-12-24 15:48:42,737 [INFO] === Step 304 ===
2024-12-24 15:48:42,737 [INFO] Generating data with dbgen (sf=3000, children=500, step=304)...
2024-12-24 15:48:42,737 [ERROR] dbgen failed at step 304: Binder Error: Invalid named parameter "threads" for function dbgen
Candidates:
    step UINTEGER
    suffix VARCHAR
    schema VARCHAR
    catalog VARCHAR
    overwrite BOOLEAN
    children UINTEGER
    sf DOUBLE

2024-12-24 15:48:42,737 [INFO] === Step 305 ===
2024-12-24 15:48:42,737 [INFO] Generating data with dbgen (sf=3000, children=500, step=305)...
2024-12-24 15:48:42,738 [ERROR] dbgen failed at step 305: Binder Error: Invalid named parameter "threads" for function dbgen
Candidates:
    step UINTEGER
    suffix VARCHAR
    schema VARCHAR
    catalog VARCHAR
    overwrite BOOLEAN
    children UINTEGER
    sf DOUBLE

2024-12-24 15:48:42,738 [INFO] === Step 306 ===
2024-12-24 15:48:42,738 [INFO] Generating data with dbgen (sf=3000, children=500, step=306)...
2024-12-24 15:48:42,738 [ERROR] dbgen failed at step 306: Binder Error: Invalid named parameter "threads" for function dbgen
Candidates:
    step UINTEGER
    suffix VARCHAR
    schema VARCHAR
    catalog VARCHAR
    overwrite BOOLEAN
    children UINTEGER
    sf DOUBLE

2024-12-24 15:48:42,738 [INFO] === Step 307 ===
2024-12-24 15:48:42,738 [INFO] Generating data with dbgen (sf=3000, children=500, step=307)...
2024-12-24 15:48:42,738 [ERROR] dbgen failed at step 307: Binder Error: Invalid named parameter "threads" for function dbgen
Candidates:
    step UINTEGER
    suffix VARCHAR
    schema VARCHAR
    catalog VARCHAR
    overwrite BOOLEAN
    children UINTEGER
    sf DOUBLE

2024-12-24 15:48:42,738 [INFO] === Step 308 ===
2024-12-24 15:48:42,738 [INFO] Generating data with dbgen (sf=3000, children=500, step=308)...
2024-12-24 15:48:42,739 [ERROR] dbgen failed at step 308: Binder Error: Invalid named parameter "threads" for function dbgen
Candidates:
    step UINTEGER
    suffix VARCHAR
    schema VARCHAR
    catalog VARCHAR
    overwrite BOOLEAN
    children UINTEGER
    sf DOUBLE

2024-12-24 15:48:42,739 [INFO] === Step 309 ===
2024-12-24 15:48:42,739 [INFO] Generating data with dbgen (sf=3000, children=500, step=309)...
2024-12-24 15:48:42,739 [ERROR] dbgen failed at step 309: Binder Error: Invalid named parameter "threads" for function dbgen
Candidates:
    step UINTEGER
    suffix VARCHAR
    schema VARCHAR
    catalog VARCHAR
    overwrite BOOLEAN
    children UINTEGER
    sf DOUBLE

2024-12-24 15:48:42,739 [INFO] === Step 310 ===
2024-12-24 15:48:42,739 [INFO] Generating data with dbgen (sf=3000, children=500, step=310)...
2024-12-24 15:48:42,739 [ERROR] dbgen failed at step 310: Binder Error: Invalid named parameter "threads" for function dbgen
Candidates:
    step UINTEGER
    suffix VARCHAR
    schema VARCHAR
    catalog VARCHAR
    overwrite BOOLEAN
    children UINTEGER
    sf DOUBLE

2024-12-24 15:48:42,739 [INFO] === Step 311 ===
2024-12-24 15:48:42,739 [INFO] Generating data with dbgen (sf=3000, children=500, step=311)...
2024-12-24 15:48:42,740 [ERROR] dbgen failed at step 311: Binder Error: Invalid named parameter "threads" for function dbgen
Candidates:
    step UINTEGER
    suffix VARCHAR
    schema VARCHAR
    catalog VARCHAR
    overwrite BOOLEAN
    children UINTEGER
    sf DOUBLE

2024-12-24 15:48:42,740 [INFO] === Step 312 ===
2024-12-24 15:48:42,740 [INFO] Generating data with dbgen (sf=3000, children=500, step=312)...
2024-12-24 15:48:42,740 [ERROR] dbgen failed at step 312: Binder Error: Invalid named parameter "threads" for function dbgen
Candidates:
    step UINTEGER
    suffix VARCHAR
    schema VARCHAR
    catalog VARCHAR
    overwrite BOOLEAN
    children UINTEGER
    sf DOUBLE

2024-12-24 15:48:42,740 [INFO] === Step 313 ===
2024-12-24 15:48:42,740 [INFO] Generating data with dbgen (sf=3000, children=500, step=313)...
2024-12-24 15:48:42,740 [ERROR] dbgen failed at step 313: Binder Error: Invalid named parameter "threads" for function dbgen
Candidates:
    step UINTEGER
    suffix VARCHAR
    schema VARCHAR
    catalog VARCHAR
    overwrite BOOLEAN
    children UINTEGER
    sf DOUBLE

2024-12-24 15:48:42,740 [INFO] === Step 314 ===
2024-12-24 15:48:42,741 [INFO] Generating data with dbgen (sf=3000, children=500, step=314)...
2024-12-24 15:48:42,741 [ERROR] dbgen failed at step 314: Binder Error: Invalid named parameter "threads" for function dbgen
Candidates:
    step UINTEGER
    suffix VARCHAR
    schema VARCHAR
    catalog VARCHAR
    overwrite BOOLEAN
    children UINTEGER
    sf DOUBLE

2024-12-24 15:48:42,741 [INFO] === Step 315 ===
2024-12-24 15:48:42,741 [INFO] Generating data with dbgen (sf=3000, children=500, step=315)...
2024-12-24 15:48:42,741 [ERROR] dbgen failed at step 315: Binder Error: Invalid named parameter "threads" for function dbgen
Candidates:
    step UINTEGER
    suffix VARCHAR
    schema VARCHAR
    catalog VARCHAR
    overwrite BOOLEAN
    children UINTEGER
    sf DOUBLE

2024-12-24 15:48:42,741 [INFO] === Step 316 ===
2024-12-24 15:48:42,741 [INFO] Generating data with dbgen (sf=3000, children=500, step=316)...
2024-12-24 15:48:42,741 [ERROR] dbgen failed at step 316: Binder Error: Invalid named parameter "threads" for function dbgen
Candidates:
    step UINTEGER
    suffix VARCHAR
    schema VARCHAR
    catalog VARCHAR
    overwrite BOOLEAN
    children UINTEGER
    sf DOUBLE

2024-12-24 15:48:42,742 [INFO] === Step 317 ===
2024-12-24 15:48:42,742 [INFO] Generating data with dbgen (sf=3000, children=500, step=317)...
2024-12-24 15:48:42,742 [ERROR] dbgen failed at step 317: Binder Error: Invalid named parameter "threads" for function dbgen
Candidates:
    step UINTEGER
    suffix VARCHAR
    schema VARCHAR
    catalog VARCHAR
    overwrite BOOLEAN
    children UINTEGER
    sf DOUBLE

2024-12-24 15:48:42,742 [INFO] === Step 318 ===
2024-12-24 15:48:42,742 [INFO] Generating data with dbgen (sf=3000, children=500, step=318)...
2024-12-24 15:48:42,742 [ERROR] dbgen failed at step 318: Binder Error: Invalid named parameter "threads" for function dbgen
Candidates:
    step UINTEGER
    suffix VARCHAR
    schema VARCHAR
    catalog VARCHAR
    overwrite BOOLEAN
    children UINTEGER
    sf DOUBLE

2024-12-24 15:48:42,742 [INFO] === Step 319 ===
2024-12-24 15:48:42,742 [INFO] Generating data with dbgen (sf=3000, children=500, step=319)...
2024-12-24 15:48:42,743 [ERROR] dbgen failed at step 319: Binder Error: Invalid named parameter "threads" for function dbgen
Candidates:
    step UINTEGER
    suffix VARCHAR
    schema VARCHAR
    catalog VARCHAR
    overwrite BOOLEAN
    children UINTEGER
    sf DOUBLE

2024-12-24 15:48:42,743 [INFO] === Step 320 ===
2024-12-24 15:48:42,743 [INFO] Generating data with dbgen (sf=3000, children=500, step=320)...
2024-12-24 15:48:42,743 [ERROR] dbgen failed at step 320: Binder Error: Invalid named parameter "threads" for function dbgen
Candidates:
    step UINTEGER
    suffix VARCHAR
    schema VARCHAR
    catalog VARCHAR
    overwrite BOOLEAN
    children UINTEGER
    sf DOUBLE

2024-12-24 15:48:42,743 [INFO] === Step 321 ===
2024-12-24 15:48:42,743 [INFO] Generating data with dbgen (sf=3000, children=500, step=321)...
2024-12-24 15:48:42,743 [ERROR] dbgen failed at step 321: Binder Error: Invalid named parameter "threads" for function dbgen
Candidates:
    step UINTEGER
    suffix VARCHAR
    schema VARCHAR
    catalog VARCHAR
    overwrite BOOLEAN
    children UINTEGER
    sf DOUBLE

2024-12-24 15:48:42,743 [INFO] === Step 322 ===
2024-12-24 15:48:42,743 [INFO] Generating data with dbgen (sf=3000, children=500, step=322)...
2024-12-24 15:48:42,744 [ERROR] dbgen failed at step 322: Binder Error: Invalid named parameter "threads" for function dbgen
Candidates:
    step UINTEGER
    suffix VARCHAR
    schema VARCHAR
    catalog VARCHAR
    overwrite BOOLEAN
    children UINTEGER
    sf DOUBLE

2024-12-24 15:48:42,744 [INFO] === Step 323 ===
2024-12-24 15:48:42,744 [INFO] Generating data with dbgen (sf=3000, children=500, step=323)...
2024-12-24 15:48:42,744 [ERROR] dbgen failed at step 323: Binder Error: Invalid named parameter "threads" for function dbgen
Candidates:
    step UINTEGER
    suffix VARCHAR
    schema VARCHAR
    catalog VARCHAR
    overwrite BOOLEAN
    children UINTEGER
    sf DOUBLE

2024-12-24 15:48:42,744 [INFO] === Step 324 ===
2024-12-24 15:48:42,744 [INFO] Generating data with dbgen (sf=3000, children=500, step=324)...
2024-12-24 15:48:42,744 [ERROR] dbgen failed at step 324: Binder Error: Invalid named parameter "threads" for function dbgen
Candidates:
    step UINTEGER
    suffix VARCHAR
    schema VARCHAR
    catalog VARCHAR
    overwrite BOOLEAN
    children UINTEGER
    sf DOUBLE

2024-12-24 15:48:42,744 [INFO] === Step 325 ===
2024-12-24 15:48:42,744 [INFO] Generating data with dbgen (sf=3000, children=500, step=325)...
2024-12-24 15:48:42,745 [ERROR] dbgen failed at step 325: Binder Error: Invalid named parameter "threads" for function dbgen
Candidates:
    step UINTEGER
    suffix VARCHAR
    schema VARCHAR
    catalog VARCHAR
    overwrite BOOLEAN
    children UINTEGER
    sf DOUBLE

2024-12-24 15:48:42,745 [INFO] === Step 326 ===
2024-12-24 15:48:42,745 [INFO] Generating data with dbgen (sf=3000, children=500, step=326)...
2024-12-24 15:48:42,745 [ERROR] dbgen failed at step 326: Binder Error: Invalid named parameter "threads" for function dbgen
Candidates:
    step UINTEGER
    suffix VARCHAR
    schema VARCHAR
    catalog VARCHAR
    overwrite BOOLEAN
    children UINTEGER
    sf DOUBLE

2024-12-24 15:48:42,745 [INFO] === Step 327 ===
2024-12-24 15:48:42,745 [INFO] Generating data with dbgen (sf=3000, children=500, step=327)...
2024-12-24 15:48:42,745 [ERROR] dbgen failed at step 327: Binder Error: Invalid named parameter "threads" for function dbgen
Candidates:
    step UINTEGER
    suffix VARCHAR
    schema VARCHAR
    catalog VARCHAR
    overwrite BOOLEAN
    children UINTEGER
    sf DOUBLE

2024-12-24 15:48:42,745 [INFO] === Step 328 ===
2024-12-24 15:48:42,745 [INFO] Generating data with dbgen (sf=3000, children=500, step=328)...
2024-12-24 15:48:42,746 [ERROR] dbgen failed at step 328: Binder Error: Invalid named parameter "threads" for function dbgen
Candidates:
    step UINTEGER
    suffix VARCHAR
    schema VARCHAR
    catalog VARCHAR
    overwrite BOOLEAN
    children UINTEGER
    sf DOUBLE

2024-12-24 15:48:42,746 [INFO] === Step 329 ===
2024-12-24 15:48:42,746 [INFO] Generating data with dbgen (sf=3000, children=500, step=329)...
2024-12-24 15:48:42,746 [ERROR] dbgen failed at step 329: Binder Error: Invalid named parameter "threads" for function dbgen
Candidates:
    step UINTEGER
    suffix VARCHAR
    schema VARCHAR
    catalog VARCHAR
    overwrite BOOLEAN
    children UINTEGER
    sf DOUBLE

2024-12-24 15:48:42,746 [INFO] === Step 330 ===
2024-12-24 15:48:42,746 [INFO] Generating data with dbgen (sf=3000, children=500, step=330)...
2024-12-24 15:48:42,746 [ERROR] dbgen failed at step 330: Binder Error: Invalid named parameter "threads" for function dbgen
Candidates:
    step UINTEGER
    suffix VARCHAR
    schema VARCHAR
    catalog VARCHAR
    overwrite BOOLEAN
    children UINTEGER
    sf DOUBLE

2024-12-24 15:48:42,746 [INFO] === Step 331 ===
2024-12-24 15:48:42,747 [INFO] Generating data with dbgen (sf=3000, children=500, step=331)...
2024-12-24 15:48:42,747 [ERROR] dbgen failed at step 331: Binder Error: Invalid named parameter "threads" for function dbgen
Candidates:
    step UINTEGER
    suffix VARCHAR
    schema VARCHAR
    catalog VARCHAR
    overwrite BOOLEAN
    children UINTEGER
    sf DOUBLE

2024-12-24 15:48:42,747 [INFO] === Step 332 ===
2024-12-24 15:48:42,747 [INFO] Generating data with dbgen (sf=3000, children=500, step=332)...
2024-12-24 15:48:42,747 [ERROR] dbgen failed at step 332: Binder Error: Invalid named parameter "threads" for function dbgen
Candidates:
    step UINTEGER
    suffix VARCHAR
    schema VARCHAR
    catalog VARCHAR
    overwrite BOOLEAN
    children UINTEGER
    sf DOUBLE

2024-12-24 15:48:42,747 [INFO] === Step 333 ===
2024-12-24 15:48:42,747 [INFO] Generating data with dbgen (sf=3000, children=500, step=333)...
2024-12-24 15:48:42,747 [ERROR] dbgen failed at step 333: Binder Error: Invalid named parameter "threads" for function dbgen
Candidates:
    step UINTEGER
    suffix VARCHAR
    schema VARCHAR
    catalog VARCHAR
    overwrite BOOLEAN
    children UINTEGER
    sf DOUBLE

2024-12-24 15:48:42,748 [INFO] === Step 334 ===
2024-12-24 15:48:42,748 [INFO] Generating data with dbgen (sf=3000, children=500, step=334)...
2024-12-24 15:48:42,748 [ERROR] dbgen failed at step 334: Binder Error: Invalid named parameter "threads" for function dbgen
Candidates:
    step UINTEGER
    suffix VARCHAR
    schema VARCHAR
    catalog VARCHAR
    overwrite BOOLEAN
    children UINTEGER
    sf DOUBLE

2024-12-24 15:48:42,748 [INFO] === Step 335 ===
2024-12-24 15:48:42,748 [INFO] Generating data with dbgen (sf=3000, children=500, step=335)...
2024-12-24 15:48:42,748 [ERROR] dbgen failed at step 335: Binder Error: Invalid named parameter "threads" for function dbgen
Candidates:
    step UINTEGER
    suffix VARCHAR
    schema VARCHAR
    catalog VARCHAR
    overwrite BOOLEAN
    children UINTEGER
    sf DOUBLE

2024-12-24 15:48:42,748 [INFO] === Step 336 ===
2024-12-24 15:48:42,748 [INFO] Generating data with dbgen (sf=3000, children=500, step=336)...
2024-12-24 15:48:42,748 [ERROR] dbgen failed at step 336: Binder Error: Invalid named parameter "threads" for function dbgen
Candidates:
    step UINTEGER
    suffix VARCHAR
    schema VARCHAR
    catalog VARCHAR
    overwrite BOOLEAN
    children UINTEGER
    sf DOUBLE

2024-12-24 15:48:42,749 [INFO] === Step 337 ===
2024-12-24 15:48:42,749 [INFO] Generating data with dbgen (sf=3000, children=500, step=337)...
2024-12-24 15:48:42,749 [ERROR] dbgen failed at step 337: Binder Error: Invalid named parameter "threads" for function dbgen
Candidates:
    step UINTEGER
    suffix VARCHAR
    schema VARCHAR
    catalog VARCHAR
    overwrite BOOLEAN
    children UINTEGER
    sf DOUBLE

2024-12-24 15:48:42,749 [INFO] === Step 338 ===
2024-12-24 15:48:42,749 [INFO] Generating data with dbgen (sf=3000, children=500, step=338)...
2024-12-24 15:48:42,749 [ERROR] dbgen failed at step 338: Binder Error: Invalid named parameter "threads" for function dbgen
Candidates:
    step UINTEGER
    suffix VARCHAR
    schema VARCHAR
    catalog VARCHAR
    overwrite BOOLEAN
    children UINTEGER
    sf DOUBLE

2024-12-24 15:48:42,749 [INFO] === Step 339 ===
2024-12-24 15:48:42,749 [INFO] Generating data with dbgen (sf=3000, children=500, step=339)...
2024-12-24 15:48:42,750 [ERROR] dbgen failed at step 339: Binder Error: Invalid named parameter "threads" for function dbgen
Candidates:
    step UINTEGER
    suffix VARCHAR
    schema VARCHAR
    catalog VARCHAR
    overwrite BOOLEAN
    children UINTEGER
    sf DOUBLE

2024-12-24 15:48:42,750 [INFO] === Step 340 ===
2024-12-24 15:48:42,750 [INFO] Generating data with dbgen (sf=3000, children=500, step=340)...
2024-12-24 15:48:42,750 [ERROR] dbgen failed at step 340: Binder Error: Invalid named parameter "threads" for function dbgen
Candidates:
    step UINTEGER
    suffix VARCHAR
    schema VARCHAR
    catalog VARCHAR
    overwrite BOOLEAN
    children UINTEGER
    sf DOUBLE

2024-12-24 15:48:42,750 [INFO] === Step 341 ===
2024-12-24 15:48:42,750 [INFO] Generating data with dbgen (sf=3000, children=500, step=341)...
2024-12-24 15:48:42,750 [ERROR] dbgen failed at step 341: Binder Error: Invalid named parameter "threads" for function dbgen
Candidates:
    step UINTEGER
    suffix VARCHAR
    schema VARCHAR
    catalog VARCHAR
    overwrite BOOLEAN
    children UINTEGER
    sf DOUBLE

2024-12-24 15:48:42,750 [INFO] === Step 342 ===
2024-12-24 15:48:42,750 [INFO] Generating data with dbgen (sf=3000, children=500, step=342)...
2024-12-24 15:48:42,751 [ERROR] dbgen failed at step 342: Binder Error: Invalid named parameter "threads" for function dbgen
Candidates:
    step UINTEGER
    suffix VARCHAR
    schema VARCHAR
    catalog VARCHAR
    overwrite BOOLEAN
    children UINTEGER
    sf DOUBLE

2024-12-24 15:48:42,751 [INFO] === Step 343 ===
2024-12-24 15:48:42,751 [INFO] Generating data with dbgen (sf=3000, children=500, step=343)...
2024-12-24 15:48:42,751 [ERROR] dbgen failed at step 343: Binder Error: Invalid named parameter "threads" for function dbgen
Candidates:
    step UINTEGER
    suffix VARCHAR
    schema VARCHAR
    catalog VARCHAR
    overwrite BOOLEAN
    children UINTEGER
    sf DOUBLE

2024-12-24 15:48:42,751 [INFO] === Step 344 ===
2024-12-24 15:48:42,751 [INFO] Generating data with dbgen (sf=3000, children=500, step=344)...
2024-12-24 15:48:42,751 [ERROR] dbgen failed at step 344: Binder Error: Invalid named parameter "threads" for function dbgen
Candidates:
    step UINTEGER
    suffix VARCHAR
    schema VARCHAR
    catalog VARCHAR
    overwrite BOOLEAN
    children UINTEGER
    sf DOUBLE

2024-12-24 15:48:42,751 [INFO] === Step 345 ===
2024-12-24 15:48:42,751 [INFO] Generating data with dbgen (sf=3000, children=500, step=345)...
2024-12-24 15:48:42,752 [ERROR] dbgen failed at step 345: Binder Error: Invalid named parameter "threads" for function dbgen
Candidates:
    step UINTEGER
    suffix VARCHAR
    schema VARCHAR
    catalog VARCHAR
    overwrite BOOLEAN
    children UINTEGER
    sf DOUBLE

2024-12-24 15:48:42,752 [INFO] === Step 346 ===
2024-12-24 15:48:42,752 [INFO] Generating data with dbgen (sf=3000, children=500, step=346)...
2024-12-24 15:48:42,752 [ERROR] dbgen failed at step 346: Binder Error: Invalid named parameter "threads" for function dbgen
Candidates:
    step UINTEGER
    suffix VARCHAR
    schema VARCHAR
    catalog VARCHAR
    overwrite BOOLEAN
    children UINTEGER
    sf DOUBLE

2024-12-24 15:48:42,752 [INFO] === Step 347 ===
2024-12-24 15:48:42,752 [INFO] Generating data with dbgen (sf=3000, children=500, step=347)...
2024-12-24 15:48:42,752 [ERROR] dbgen failed at step 347: Binder Error: Invalid named parameter "threads" for function dbgen
Candidates:
    step UINTEGER
    suffix VARCHAR
    schema VARCHAR
    catalog VARCHAR
    overwrite BOOLEAN
    children UINTEGER
    sf DOUBLE

2024-12-24 15:48:42,752 [INFO] === Step 348 ===
2024-12-24 15:48:42,753 [INFO] Generating data with dbgen (sf=3000, children=500, step=348)...
2024-12-24 15:48:42,753 [ERROR] dbgen failed at step 348: Binder Error: Invalid named parameter "threads" for function dbgen
Candidates:
    step UINTEGER
    suffix VARCHAR
    schema VARCHAR
    catalog VARCHAR
    overwrite BOOLEAN
    children UINTEGER
    sf DOUBLE

2024-12-24 15:48:42,753 [INFO] === Step 349 ===
2024-12-24 15:48:42,753 [INFO] Generating data with dbgen (sf=3000, children=500, step=349)...
2024-12-24 15:48:42,753 [ERROR] dbgen failed at step 349: Binder Error: Invalid named parameter "threads" for function dbgen
Candidates:
    step UINTEGER
    suffix VARCHAR
    schema VARCHAR
    catalog VARCHAR
    overwrite BOOLEAN
    children UINTEGER
    sf DOUBLE

2024-12-24 15:48:42,753 [INFO] === Step 350 ===
2024-12-24 15:48:42,753 [INFO] Generating data with dbgen (sf=3000, children=500, step=350)...
2024-12-24 15:48:42,754 [ERROR] dbgen failed at step 350: Binder Error: Invalid named parameter "threads" for function dbgen
Candidates:
    step UINTEGER
    suffix VARCHAR
    schema VARCHAR
    catalog VARCHAR
    overwrite BOOLEAN
    children UINTEGER
    sf DOUBLE

2024-12-24 15:48:42,754 [INFO] === Step 351 ===
2024-12-24 15:48:42,754 [INFO] Generating data with dbgen (sf=3000, children=500, step=351)...
2024-12-24 15:48:42,754 [ERROR] dbgen failed at step 351: Binder Error: Invalid named parameter "threads" for function dbgen
Candidates:
    step UINTEGER
    suffix VARCHAR
    schema VARCHAR
    catalog VARCHAR
    overwrite BOOLEAN
    children UINTEGER
    sf DOUBLE

2024-12-24 15:48:42,754 [INFO] === Step 352 ===
2024-12-24 15:48:42,754 [INFO] Generating data with dbgen (sf=3000, children=500, step=352)...
2024-12-24 15:48:42,754 [ERROR] dbgen failed at step 352: Binder Error: Invalid named parameter "threads" for function dbgen
Candidates:
    step UINTEGER
    suffix VARCHAR
    schema VARCHAR
    catalog VARCHAR
    overwrite BOOLEAN
    children UINTEGER
    sf DOUBLE

2024-12-24 15:48:42,754 [INFO] === Step 353 ===
2024-12-24 15:48:42,754 [INFO] Generating data with dbgen (sf=3000, children=500, step=353)...
2024-12-24 15:48:42,755 [ERROR] dbgen failed at step 353: Binder Error: Invalid named parameter "threads" for function dbgen
Candidates:
    step UINTEGER
    suffix VARCHAR
    schema VARCHAR
    catalog VARCHAR
    overwrite BOOLEAN
    children UINTEGER
    sf DOUBLE

2024-12-24 15:48:42,755 [INFO] === Step 354 ===
2024-12-24 15:48:42,755 [INFO] Generating data with dbgen (sf=3000, children=500, step=354)...
2024-12-24 15:48:42,755 [ERROR] dbgen failed at step 354: Binder Error: Invalid named parameter "threads" for function dbgen
Candidates:
    step UINTEGER
    suffix VARCHAR
    schema VARCHAR
    catalog VARCHAR
    overwrite BOOLEAN
    children UINTEGER
    sf DOUBLE

2024-12-24 15:48:42,755 [INFO] === Step 355 ===
2024-12-24 15:48:42,755 [INFO] Generating data with dbgen (sf=3000, children=500, step=355)...
2024-12-24 15:48:42,755 [ERROR] dbgen failed at step 355: Binder Error: Invalid named parameter "threads" for function dbgen
Candidates:
    step UINTEGER
    suffix VARCHAR
    schema VARCHAR
    catalog VARCHAR
    overwrite BOOLEAN
    children UINTEGER
    sf DOUBLE

2024-12-24 15:48:42,755 [INFO] === Step 356 ===
2024-12-24 15:48:42,755 [INFO] Generating data with dbgen (sf=3000, children=500, step=356)...
2024-12-24 15:48:42,756 [ERROR] dbgen failed at step 356: Binder Error: Invalid named parameter "threads" for function dbgen
Candidates:
    step UINTEGER
    suffix VARCHAR
    schema VARCHAR
    catalog VARCHAR
    overwrite BOOLEAN
    children UINTEGER
    sf DOUBLE

2024-12-24 15:48:42,756 [INFO] === Step 357 ===
2024-12-24 15:48:42,756 [INFO] Generating data with dbgen (sf=3000, children=500, step=357)...
2024-12-24 15:48:42,756 [ERROR] dbgen failed at step 357: Binder Error: Invalid named parameter "threads" for function dbgen
Candidates:
    step UINTEGER
    suffix VARCHAR
    schema VARCHAR
    catalog VARCHAR
    overwrite BOOLEAN
    children UINTEGER
    sf DOUBLE

2024-12-24 15:48:42,756 [INFO] === Step 358 ===
2024-12-24 15:48:42,756 [INFO] Generating data with dbgen (sf=3000, children=500, step=358)...
2024-12-24 15:48:42,756 [ERROR] dbgen failed at step 358: Binder Error: Invalid named parameter "threads" for function dbgen
Candidates:
    step UINTEGER
    suffix VARCHAR
    schema VARCHAR
    catalog VARCHAR
    overwrite BOOLEAN
    children UINTEGER
    sf DOUBLE

2024-12-24 15:48:42,756 [INFO] === Step 359 ===
2024-12-24 15:48:42,756 [INFO] Generating data with dbgen (sf=3000, children=500, step=359)...
2024-12-24 15:48:42,757 [ERROR] dbgen failed at step 359: Binder Error: Invalid named parameter "threads" for function dbgen
Candidates:
    step UINTEGER
    suffix VARCHAR
    schema VARCHAR
    catalog VARCHAR
    overwrite BOOLEAN
    children UINTEGER
    sf DOUBLE

2024-12-24 15:48:42,757 [INFO] === Step 360 ===
2024-12-24 15:48:42,757 [INFO] Generating data with dbgen (sf=3000, children=500, step=360)...
2024-12-24 15:48:42,757 [ERROR] dbgen failed at step 360: Binder Error: Invalid named parameter "threads" for function dbgen
Candidates:
    step UINTEGER
    suffix VARCHAR
    schema VARCHAR
    catalog VARCHAR
    overwrite BOOLEAN
    children UINTEGER
    sf DOUBLE

2024-12-24 15:48:42,757 [INFO] === Step 361 ===
2024-12-24 15:48:42,757 [INFO] Generating data with dbgen (sf=3000, children=500, step=361)...
2024-12-24 15:48:42,757 [ERROR] dbgen failed at step 361: Binder Error: Invalid named parameter "threads" for function dbgen
Candidates:
    step UINTEGER
    suffix VARCHAR
    schema VARCHAR
    catalog VARCHAR
    overwrite BOOLEAN
    children UINTEGER
    sf DOUBLE

2024-12-24 15:48:42,757 [INFO] === Step 362 ===
2024-12-24 15:48:42,758 [INFO] Generating data with dbgen (sf=3000, children=500, step=362)...
2024-12-24 15:48:42,758 [ERROR] dbgen failed at step 362: Binder Error: Invalid named parameter "threads" for function dbgen
Candidates:
    step UINTEGER
    suffix VARCHAR
    schema VARCHAR
    catalog VARCHAR
    overwrite BOOLEAN
    children UINTEGER
    sf DOUBLE

2024-12-24 15:48:42,758 [INFO] === Step 363 ===
2024-12-24 15:48:42,758 [INFO] Generating data with dbgen (sf=3000, children=500, step=363)...
2024-12-24 15:48:42,758 [ERROR] dbgen failed at step 363: Binder Error: Invalid named parameter "threads" for function dbgen
Candidates:
    step UINTEGER
    suffix VARCHAR
    schema VARCHAR
    catalog VARCHAR
    overwrite BOOLEAN
    children UINTEGER
    sf DOUBLE

2024-12-24 15:48:42,758 [INFO] === Step 364 ===
2024-12-24 15:48:42,758 [INFO] Generating data with dbgen (sf=3000, children=500, step=364)...
2024-12-24 15:48:42,759 [ERROR] dbgen failed at step 364: Binder Error: Invalid named parameter "threads" for function dbgen
Candidates:
    step UINTEGER
    suffix VARCHAR
    schema VARCHAR
    catalog VARCHAR
    overwrite BOOLEAN
    children UINTEGER
    sf DOUBLE

2024-12-24 15:48:42,759 [INFO] === Step 365 ===
2024-12-24 15:48:42,759 [INFO] Generating data with dbgen (sf=3000, children=500, step=365)...
2024-12-24 15:48:42,759 [ERROR] dbgen failed at step 365: Binder Error: Invalid named parameter "threads" for function dbgen
Candidates:
    step UINTEGER
    suffix VARCHAR
    schema VARCHAR
    catalog VARCHAR
    overwrite BOOLEAN
    children UINTEGER
    sf DOUBLE

2024-12-24 15:48:42,759 [INFO] === Step 366 ===
2024-12-24 15:48:42,759 [INFO] Generating data with dbgen (sf=3000, children=500, step=366)...
2024-12-24 15:48:42,759 [ERROR] dbgen failed at step 366: Binder Error: Invalid named parameter "threads" for function dbgen
Candidates:
    step UINTEGER
    suffix VARCHAR
    schema VARCHAR
    catalog VARCHAR
    overwrite BOOLEAN
    children UINTEGER
    sf DOUBLE

2024-12-24 15:48:42,759 [INFO] === Step 367 ===
2024-12-24 15:48:42,759 [INFO] Generating data with dbgen (sf=3000, children=500, step=367)...
2024-12-24 15:48:42,760 [ERROR] dbgen failed at step 367: Binder Error: Invalid named parameter "threads" for function dbgen
Candidates:
    step UINTEGER
    suffix VARCHAR
    schema VARCHAR
    catalog VARCHAR
    overwrite BOOLEAN
    children UINTEGER
    sf DOUBLE

2024-12-24 15:48:42,760 [INFO] === Step 368 ===
2024-12-24 15:48:42,760 [INFO] Generating data with dbgen (sf=3000, children=500, step=368)...
2024-12-24 15:48:42,760 [ERROR] dbgen failed at step 368: Binder Error: Invalid named parameter "threads" for function dbgen
Candidates:
    step UINTEGER
    suffix VARCHAR
    schema VARCHAR
    catalog VARCHAR
    overwrite BOOLEAN
    children UINTEGER
    sf DOUBLE

2024-12-24 15:48:42,760 [INFO] === Step 369 ===
2024-12-24 15:48:42,760 [INFO] Generating data with dbgen (sf=3000, children=500, step=369)...
2024-12-24 15:48:42,760 [ERROR] dbgen failed at step 369: Binder Error: Invalid named parameter "threads" for function dbgen
Candidates:
    step UINTEGER
    suffix VARCHAR
    schema VARCHAR
    catalog VARCHAR
    overwrite BOOLEAN
    children UINTEGER
    sf DOUBLE

2024-12-24 15:48:42,760 [INFO] === Step 370 ===
2024-12-24 15:48:42,760 [INFO] Generating data with dbgen (sf=3000, children=500, step=370)...
2024-12-24 15:48:42,761 [ERROR] dbgen failed at step 370: Binder Error: Invalid named parameter "threads" for function dbgen
Candidates:
    step UINTEGER
    suffix VARCHAR
    schema VARCHAR
    catalog VARCHAR
    overwrite BOOLEAN
    children UINTEGER
    sf DOUBLE

2024-12-24 15:48:42,761 [INFO] === Step 371 ===
2024-12-24 15:48:42,761 [INFO] Generating data with dbgen (sf=3000, children=500, step=371)...
2024-12-24 15:48:42,761 [ERROR] dbgen failed at step 371: Binder Error: Invalid named parameter "threads" for function dbgen
Candidates:
    step UINTEGER
    suffix VARCHAR
    schema VARCHAR
    catalog VARCHAR
    overwrite BOOLEAN
    children UINTEGER
    sf DOUBLE

2024-12-24 15:48:42,761 [INFO] === Step 372 ===
2024-12-24 15:48:42,761 [INFO] Generating data with dbgen (sf=3000, children=500, step=372)...
2024-12-24 15:48:42,761 [ERROR] dbgen failed at step 372: Binder Error: Invalid named parameter "threads" for function dbgen
Candidates:
    step UINTEGER
    suffix VARCHAR
    schema VARCHAR
    catalog VARCHAR
    overwrite BOOLEAN
    children UINTEGER
    sf DOUBLE

2024-12-24 15:48:42,761 [INFO] === Step 373 ===
2024-12-24 15:48:42,761 [INFO] Generating data with dbgen (sf=3000, children=500, step=373)...
2024-12-24 15:48:42,762 [ERROR] dbgen failed at step 373: Binder Error: Invalid named parameter "threads" for function dbgen
Candidates:
    step UINTEGER
    suffix VARCHAR
    schema VARCHAR
    catalog VARCHAR
    overwrite BOOLEAN
    children UINTEGER
    sf DOUBLE

2024-12-24 15:48:42,762 [INFO] === Step 374 ===
2024-12-24 15:48:42,762 [INFO] Generating data with dbgen (sf=3000, children=500, step=374)...
2024-12-24 15:48:42,762 [ERROR] dbgen failed at step 374: Binder Error: Invalid named parameter "threads" for function dbgen
Candidates:
    step UINTEGER
    suffix VARCHAR
    schema VARCHAR
    catalog VARCHAR
    overwrite BOOLEAN
    children UINTEGER
    sf DOUBLE

2024-12-24 15:48:42,762 [INFO] === Step 375 ===
2024-12-24 15:48:42,762 [INFO] Generating data with dbgen (sf=3000, children=500, step=375)...
2024-12-24 15:48:42,762 [ERROR] dbgen failed at step 375: Binder Error: Invalid named parameter "threads" for function dbgen
Candidates:
    step UINTEGER
    suffix VARCHAR
    schema VARCHAR
    catalog VARCHAR
    overwrite BOOLEAN
    children UINTEGER
    sf DOUBLE

2024-12-24 15:48:42,762 [INFO] === Step 376 ===
2024-12-24 15:48:42,763 [INFO] Generating data with dbgen (sf=3000, children=500, step=376)...
2024-12-24 15:48:42,763 [ERROR] dbgen failed at step 376: Binder Error: Invalid named parameter "threads" for function dbgen
Candidates:
    step UINTEGER
    suffix VARCHAR
    schema VARCHAR
    catalog VARCHAR
    overwrite BOOLEAN
    children UINTEGER
    sf DOUBLE

2024-12-24 15:48:42,763 [INFO] === Step 377 ===
2024-12-24 15:48:42,763 [INFO] Generating data with dbgen (sf=3000, children=500, step=377)...
2024-12-24 15:48:42,763 [ERROR] dbgen failed at step 377: Binder Error: Invalid named parameter "threads" for function dbgen
Candidates:
    step UINTEGER
    suffix VARCHAR
    schema VARCHAR
    catalog VARCHAR
    overwrite BOOLEAN
    children UINTEGER
    sf DOUBLE

2024-12-24 15:48:42,763 [INFO] === Step 378 ===
2024-12-24 15:48:42,763 [INFO] Generating data with dbgen (sf=3000, children=500, step=378)...
2024-12-24 15:48:42,763 [ERROR] dbgen failed at step 378: Binder Error: Invalid named parameter "threads" for function dbgen
Candidates:
    step UINTEGER
    suffix VARCHAR
    schema VARCHAR
    catalog VARCHAR
    overwrite BOOLEAN
    children UINTEGER
    sf DOUBLE

2024-12-24 15:48:42,764 [INFO] === Step 379 ===
2024-12-24 15:48:42,764 [INFO] Generating data with dbgen (sf=3000, children=500, step=379)...
2024-12-24 15:48:42,764 [ERROR] dbgen failed at step 379: Binder Error: Invalid named parameter "threads" for function dbgen
Candidates:
    step UINTEGER
    suffix VARCHAR
    schema VARCHAR
    catalog VARCHAR
    overwrite BOOLEAN
    children UINTEGER
    sf DOUBLE

2024-12-24 15:48:42,764 [INFO] === Step 380 ===
2024-12-24 15:48:42,764 [INFO] Generating data with dbgen (sf=3000, children=500, step=380)...
2024-12-24 15:48:42,764 [ERROR] dbgen failed at step 380: Binder Error: Invalid named parameter "threads" for function dbgen
Candidates:
    step UINTEGER
    suffix VARCHAR
    schema VARCHAR
    catalog VARCHAR
    overwrite BOOLEAN
    children UINTEGER
    sf DOUBLE

2024-12-24 15:48:42,764 [INFO] === Step 381 ===
2024-12-24 15:48:42,764 [INFO] Generating data with dbgen (sf=3000, children=500, step=381)...
2024-12-24 15:48:42,765 [ERROR] dbgen failed at step 381: Binder Error: Invalid named parameter "threads" for function dbgen
Candidates:
    step UINTEGER
    suffix VARCHAR
    schema VARCHAR
    catalog VARCHAR
    overwrite BOOLEAN
    children UINTEGER
    sf DOUBLE

2024-12-24 15:48:42,765 [INFO] === Step 382 ===
2024-12-24 15:48:42,765 [INFO] Generating data with dbgen (sf=3000, children=500, step=382)...
2024-12-24 15:48:42,765 [ERROR] dbgen failed at step 382: Binder Error: Invalid named parameter "threads" for function dbgen
Candidates:
    step UINTEGER
    suffix VARCHAR
    schema VARCHAR
    catalog VARCHAR
    overwrite BOOLEAN
    children UINTEGER
    sf DOUBLE

2024-12-24 15:48:42,765 [INFO] === Step 383 ===
2024-12-24 15:48:42,765 [INFO] Generating data with dbgen (sf=3000, children=500, step=383)...
2024-12-24 15:48:42,765 [ERROR] dbgen failed at step 383: Binder Error: Invalid named parameter "threads" for function dbgen
Candidates:
    step UINTEGER
    suffix VARCHAR
    schema VARCHAR
    catalog VARCHAR
    overwrite BOOLEAN
    children UINTEGER
    sf DOUBLE

2024-12-24 15:48:42,765 [INFO] === Step 384 ===
2024-12-24 15:48:42,765 [INFO] Generating data with dbgen (sf=3000, children=500, step=384)...
2024-12-24 15:48:42,766 [ERROR] dbgen failed at step 384: Binder Error: Invalid named parameter "threads" for function dbgen
Candidates:
    step UINTEGER
    suffix VARCHAR
    schema VARCHAR
    catalog VARCHAR
    overwrite BOOLEAN
    children UINTEGER
    sf DOUBLE

2024-12-24 15:48:42,766 [INFO] === Step 385 ===
2024-12-24 15:48:42,766 [INFO] Generating data with dbgen (sf=3000, children=500, step=385)...
2024-12-24 15:48:42,766 [ERROR] dbgen failed at step 385: Binder Error: Invalid named parameter "threads" for function dbgen
Candidates:
    step UINTEGER
    suffix VARCHAR
    schema VARCHAR
    catalog VARCHAR
    overwrite BOOLEAN
    children UINTEGER
    sf DOUBLE

2024-12-24 15:48:42,766 [INFO] === Step 386 ===
2024-12-24 15:48:42,766 [INFO] Generating data with dbgen (sf=3000, children=500, step=386)...
2024-12-24 15:48:42,766 [ERROR] dbgen failed at step 386: Binder Error: Invalid named parameter "threads" for function dbgen
Candidates:
    step UINTEGER
    suffix VARCHAR
    schema VARCHAR
    catalog VARCHAR
    overwrite BOOLEAN
    children UINTEGER
    sf DOUBLE

2024-12-24 15:48:42,766 [INFO] === Step 387 ===
2024-12-24 15:48:42,766 [INFO] Generating data with dbgen (sf=3000, children=500, step=387)...
2024-12-24 15:48:42,767 [ERROR] dbgen failed at step 387: Binder Error: Invalid named parameter "threads" for function dbgen
Candidates:
    step UINTEGER
    suffix VARCHAR
    schema VARCHAR
    catalog VARCHAR
    overwrite BOOLEAN
    children UINTEGER
    sf DOUBLE

2024-12-24 15:48:42,767 [INFO] === Step 388 ===
2024-12-24 15:48:42,767 [INFO] Generating data with dbgen (sf=3000, children=500, step=388)...
2024-12-24 15:48:42,767 [ERROR] dbgen failed at step 388: Binder Error: Invalid named parameter "threads" for function dbgen
Candidates:
    step UINTEGER
    suffix VARCHAR
    schema VARCHAR
    catalog VARCHAR
    overwrite BOOLEAN
    children UINTEGER
    sf DOUBLE

2024-12-24 15:48:42,767 [INFO] === Step 389 ===
2024-12-24 15:48:42,767 [INFO] Generating data with dbgen (sf=3000, children=500, step=389)...
2024-12-24 15:48:42,767 [ERROR] dbgen failed at step 389: Binder Error: Invalid named parameter "threads" for function dbgen
Candidates:
    step UINTEGER
    suffix VARCHAR
    schema VARCHAR
    catalog VARCHAR
    overwrite BOOLEAN
    children UINTEGER
    sf DOUBLE

2024-12-24 15:48:42,767 [INFO] === Step 390 ===
2024-12-24 15:48:42,767 [INFO] Generating data with dbgen (sf=3000, children=500, step=390)...
2024-12-24 15:48:42,768 [ERROR] dbgen failed at step 390: Binder Error: Invalid named parameter "threads" for function dbgen
Candidates:
    step UINTEGER
    suffix VARCHAR
    schema VARCHAR
    catalog VARCHAR
    overwrite BOOLEAN
    children UINTEGER
    sf DOUBLE

2024-12-24 15:48:42,768 [INFO] === Step 391 ===
2024-12-24 15:48:42,768 [INFO] Generating data with dbgen (sf=3000, children=500, step=391)...
2024-12-24 15:48:42,768 [ERROR] dbgen failed at step 391: Binder Error: Invalid named parameter "threads" for function dbgen
Candidates:
    step UINTEGER
    suffix VARCHAR
    schema VARCHAR
    catalog VARCHAR
    overwrite BOOLEAN
    children UINTEGER
    sf DOUBLE

2024-12-24 15:48:42,768 [INFO] === Step 392 ===
2024-12-24 15:48:42,768 [INFO] Generating data with dbgen (sf=3000, children=500, step=392)...
2024-12-24 15:48:42,768 [ERROR] dbgen failed at step 392: Binder Error: Invalid named parameter "threads" for function dbgen
Candidates:
    step UINTEGER
    suffix VARCHAR
    schema VARCHAR
    catalog VARCHAR
    overwrite BOOLEAN
    children UINTEGER
    sf DOUBLE

2024-12-24 15:48:42,769 [INFO] === Step 393 ===
2024-12-24 15:48:42,769 [INFO] Generating data with dbgen (sf=3000, children=500, step=393)...
2024-12-24 15:48:42,769 [ERROR] dbgen failed at step 393: Binder Error: Invalid named parameter "threads" for function dbgen
Candidates:
    step UINTEGER
    suffix VARCHAR
    schema VARCHAR
    catalog VARCHAR
    overwrite BOOLEAN
    children UINTEGER
    sf DOUBLE

2024-12-24 15:48:42,769 [INFO] === Step 394 ===
2024-12-24 15:48:42,769 [INFO] Generating data with dbgen (sf=3000, children=500, step=394)...
2024-12-24 15:48:42,769 [ERROR] dbgen failed at step 394: Binder Error: Invalid named parameter "threads" for function dbgen
Candidates:
    step UINTEGER
    suffix VARCHAR
    schema VARCHAR
    catalog VARCHAR
    overwrite BOOLEAN
    children UINTEGER
    sf DOUBLE

2024-12-24 15:48:42,769 [INFO] === Step 395 ===
2024-12-24 15:48:42,769 [INFO] Generating data with dbgen (sf=3000, children=500, step=395)...
2024-12-24 15:48:42,769 [ERROR] dbgen failed at step 395: Binder Error: Invalid named parameter "threads" for function dbgen
Candidates:
    step UINTEGER
    suffix VARCHAR
    schema VARCHAR
    catalog VARCHAR
    overwrite BOOLEAN
    children UINTEGER
    sf DOUBLE

2024-12-24 15:48:42,770 [INFO] === Step 396 ===
2024-12-24 15:48:42,770 [INFO] Generating data with dbgen (sf=3000, children=500, step=396)...
2024-12-24 15:48:42,770 [ERROR] dbgen failed at step 396: Binder Error: Invalid named parameter "threads" for function dbgen
Candidates:
    step UINTEGER
    suffix VARCHAR
    schema VARCHAR
    catalog VARCHAR
    overwrite BOOLEAN
    children UINTEGER
    sf DOUBLE

2024-12-24 15:48:42,770 [INFO] === Step 397 ===
2024-12-24 15:48:42,770 [INFO] Generating data with dbgen (sf=3000, children=500, step=397)...
2024-12-24 15:48:42,770 [ERROR] dbgen failed at step 397: Binder Error: Invalid named parameter "threads" for function dbgen
Candidates:
    step UINTEGER
    suffix VARCHAR
    schema VARCHAR
    catalog VARCHAR
    overwrite BOOLEAN
    children UINTEGER
    sf DOUBLE

2024-12-24 15:48:42,770 [INFO] === Step 398 ===
2024-12-24 15:48:42,770 [INFO] Generating data with dbgen (sf=3000, children=500, step=398)...
2024-12-24 15:48:42,771 [ERROR] dbgen failed at step 398: Binder Error: Invalid named parameter "threads" for function dbgen
Candidates:
    step UINTEGER
    suffix VARCHAR
    schema VARCHAR
    catalog VARCHAR
    overwrite BOOLEAN
    children UINTEGER
    sf DOUBLE

2024-12-24 15:48:42,771 [INFO] === Step 399 ===
2024-12-24 15:48:42,771 [INFO] Generating data with dbgen (sf=3000, children=500, step=399)...
2024-12-24 15:48:42,771 [ERROR] dbgen failed at step 399: Binder Error: Invalid named parameter "threads" for function dbgen
Candidates:
    step UINTEGER
    suffix VARCHAR
    schema VARCHAR
    catalog VARCHAR
    overwrite BOOLEAN
    children UINTEGER
    sf DOUBLE

2024-12-24 15:48:42,771 [INFO] === Step 400 ===
2024-12-24 15:48:42,771 [INFO] Generating data with dbgen (sf=3000, children=500, step=400)...
2024-12-24 15:48:42,771 [ERROR] dbgen failed at step 400: Binder Error: Invalid named parameter "threads" for function dbgen
Candidates:
    step UINTEGER
    suffix VARCHAR
    schema VARCHAR
    catalog VARCHAR
    overwrite BOOLEAN
    children UINTEGER
    sf DOUBLE

2024-12-24 15:48:42,771 [INFO] === Step 401 ===
2024-12-24 15:48:42,771 [INFO] Generating data with dbgen (sf=3000, children=500, step=401)...
2024-12-24 15:48:42,772 [ERROR] dbgen failed at step 401: Binder Error: Invalid named parameter "threads" for function dbgen
Candidates:
    step UINTEGER
    suffix VARCHAR
    schema VARCHAR
    catalog VARCHAR
    overwrite BOOLEAN
    children UINTEGER
    sf DOUBLE

2024-12-24 15:48:42,772 [INFO] === Step 402 ===
2024-12-24 15:48:42,772 [INFO] Generating data with dbgen (sf=3000, children=500, step=402)...
2024-12-24 15:48:42,772 [ERROR] dbgen failed at step 402: Binder Error: Invalid named parameter "threads" for function dbgen
Candidates:
    step UINTEGER
    suffix VARCHAR
    schema VARCHAR
    catalog VARCHAR
    overwrite BOOLEAN
    children UINTEGER
    sf DOUBLE

2024-12-24 15:48:42,772 [INFO] === Step 403 ===
2024-12-24 15:48:42,772 [INFO] Generating data with dbgen (sf=3000, children=500, step=403)...
2024-12-24 15:48:42,772 [ERROR] dbgen failed at step 403: Binder Error: Invalid named parameter "threads" for function dbgen
Candidates:
    step UINTEGER
    suffix VARCHAR
    schema VARCHAR
    catalog VARCHAR
    overwrite BOOLEAN
    children UINTEGER
    sf DOUBLE

2024-12-24 15:48:42,772 [INFO] === Step 404 ===
2024-12-24 15:48:42,772 [INFO] Generating data with dbgen (sf=3000, children=500, step=404)...
2024-12-24 15:48:42,773 [ERROR] dbgen failed at step 404: Binder Error: Invalid named parameter "threads" for function dbgen
Candidates:
    step UINTEGER
    suffix VARCHAR
    schema VARCHAR
    catalog VARCHAR
    overwrite BOOLEAN
    children UINTEGER
    sf DOUBLE

2024-12-24 15:48:42,773 [INFO] === Step 405 ===
2024-12-24 15:48:42,773 [INFO] Generating data with dbgen (sf=3000, children=500, step=405)...
2024-12-24 15:48:42,773 [ERROR] dbgen failed at step 405: Binder Error: Invalid named parameter "threads" for function dbgen
Candidates:
    step UINTEGER
    suffix VARCHAR
    schema VARCHAR
    catalog VARCHAR
    overwrite BOOLEAN
    children UINTEGER
    sf DOUBLE

2024-12-24 15:48:42,773 [INFO] === Step 406 ===
2024-12-24 15:48:42,773 [INFO] Generating data with dbgen (sf=3000, children=500, step=406)...
2024-12-24 15:48:42,773 [ERROR] dbgen failed at step 406: Binder Error: Invalid named parameter "threads" for function dbgen
Candidates:
    step UINTEGER
    suffix VARCHAR
    schema VARCHAR
    catalog VARCHAR
    overwrite BOOLEAN
    children UINTEGER
    sf DOUBLE

2024-12-24 15:48:42,773 [INFO] === Step 407 ===
2024-12-24 15:48:42,773 [INFO] Generating data with dbgen (sf=3000, children=500, step=407)...
2024-12-24 15:48:42,774 [ERROR] dbgen failed at step 407: Binder Error: Invalid named parameter "threads" for function dbgen
Candidates:
    step UINTEGER
    suffix VARCHAR
    schema VARCHAR
    catalog VARCHAR
    overwrite BOOLEAN
    children UINTEGER
    sf DOUBLE

2024-12-24 15:48:42,774 [INFO] === Step 408 ===
2024-12-24 15:48:42,774 [INFO] Generating data with dbgen (sf=3000, children=500, step=408)...
2024-12-24 15:48:42,774 [ERROR] dbgen failed at step 408: Binder Error: Invalid named parameter "threads" for function dbgen
Candidates:
    step UINTEGER
    suffix VARCHAR
    schema VARCHAR
    catalog VARCHAR
    overwrite BOOLEAN
    children UINTEGER
    sf DOUBLE

2024-12-24 15:48:42,774 [INFO] === Step 409 ===
2024-12-24 15:48:42,774 [INFO] Generating data with dbgen (sf=3000, children=500, step=409)...
2024-12-24 15:48:42,774 [ERROR] dbgen failed at step 409: Binder Error: Invalid named parameter "threads" for function dbgen
Candidates:
    step UINTEGER
    suffix VARCHAR
    schema VARCHAR
    catalog VARCHAR
    overwrite BOOLEAN
    children UINTEGER
    sf DOUBLE

2024-12-24 15:48:42,775 [INFO] === Step 410 ===
2024-12-24 15:48:42,775 [INFO] Generating data with dbgen (sf=3000, children=500, step=410)...
2024-12-24 15:48:42,775 [ERROR] dbgen failed at step 410: Binder Error: Invalid named parameter "threads" for function dbgen
Candidates:
    step UINTEGER
    suffix VARCHAR
    schema VARCHAR
    catalog VARCHAR
    overwrite BOOLEAN
    children UINTEGER
    sf DOUBLE

2024-12-24 15:48:42,775 [INFO] === Step 411 ===
2024-12-24 15:48:42,775 [INFO] Generating data with dbgen (sf=3000, children=500, step=411)...
2024-12-24 15:48:42,775 [ERROR] dbgen failed at step 411: Binder Error: Invalid named parameter "threads" for function dbgen
Candidates:
    step UINTEGER
    suffix VARCHAR
    schema VARCHAR
    catalog VARCHAR
    overwrite BOOLEAN
    children UINTEGER
    sf DOUBLE

2024-12-24 15:48:42,775 [INFO] === Step 412 ===
2024-12-24 15:48:42,775 [INFO] Generating data with dbgen (sf=3000, children=500, step=412)...
2024-12-24 15:48:42,776 [ERROR] dbgen failed at step 412: Binder Error: Invalid named parameter "threads" for function dbgen
Candidates:
    step UINTEGER
    suffix VARCHAR
    schema VARCHAR
    catalog VARCHAR
    overwrite BOOLEAN
    children UINTEGER
    sf DOUBLE

2024-12-24 15:48:42,776 [INFO] === Step 413 ===
2024-12-24 15:48:42,776 [INFO] Generating data with dbgen (sf=3000, children=500, step=413)...
2024-12-24 15:48:42,776 [ERROR] dbgen failed at step 413: Binder Error: Invalid named parameter "threads" for function dbgen
Candidates:
    step UINTEGER
    suffix VARCHAR
    schema VARCHAR
    catalog VARCHAR
    overwrite BOOLEAN
    children UINTEGER
    sf DOUBLE

2024-12-24 15:48:42,776 [INFO] === Step 414 ===
2024-12-24 15:48:42,776 [INFO] Generating data with dbgen (sf=3000, children=500, step=414)...
2024-12-24 15:48:42,776 [ERROR] dbgen failed at step 414: Binder Error: Invalid named parameter "threads" for function dbgen
Candidates:
    step UINTEGER
    suffix VARCHAR
    schema VARCHAR
    catalog VARCHAR
    overwrite BOOLEAN
    children UINTEGER
    sf DOUBLE

2024-12-24 15:48:42,776 [INFO] === Step 415 ===
2024-12-24 15:48:42,776 [INFO] Generating data with dbgen (sf=3000, children=500, step=415)...
2024-12-24 15:48:42,777 [ERROR] dbgen failed at step 415: Binder Error: Invalid named parameter "threads" for function dbgen
Candidates:
    step UINTEGER
    suffix VARCHAR
    schema VARCHAR
    catalog VARCHAR
    overwrite BOOLEAN
    children UINTEGER
    sf DOUBLE

2024-12-24 15:48:42,777 [INFO] === Step 416 ===
2024-12-24 15:48:42,777 [INFO] Generating data with dbgen (sf=3000, children=500, step=416)...
2024-12-24 15:48:42,777 [ERROR] dbgen failed at step 416: Binder Error: Invalid named parameter "threads" for function dbgen
Candidates:
    step UINTEGER
    suffix VARCHAR
    schema VARCHAR
    catalog VARCHAR
    overwrite BOOLEAN
    children UINTEGER
    sf DOUBLE

2024-12-24 15:48:42,777 [INFO] === Step 417 ===
2024-12-24 15:48:42,777 [INFO] Generating data with dbgen (sf=3000, children=500, step=417)...
2024-12-24 15:48:42,777 [ERROR] dbgen failed at step 417: Binder Error: Invalid named parameter "threads" for function dbgen
Candidates:
    step UINTEGER
    suffix VARCHAR
    schema VARCHAR
    catalog VARCHAR
    overwrite BOOLEAN
    children UINTEGER
    sf DOUBLE

2024-12-24 15:48:42,777 [INFO] === Step 418 ===
2024-12-24 15:48:42,777 [INFO] Generating data with dbgen (sf=3000, children=500, step=418)...
2024-12-24 15:48:42,778 [ERROR] dbgen failed at step 418: Binder Error: Invalid named parameter "threads" for function dbgen
Candidates:
    step UINTEGER
    suffix VARCHAR
    schema VARCHAR
    catalog VARCHAR
    overwrite BOOLEAN
    children UINTEGER
    sf DOUBLE

2024-12-24 15:48:42,778 [INFO] === Step 419 ===
2024-12-24 15:48:42,778 [INFO] Generating data with dbgen (sf=3000, children=500, step=419)...
2024-12-24 15:48:42,778 [ERROR] dbgen failed at step 419: Binder Error: Invalid named parameter "threads" for function dbgen
Candidates:
    step UINTEGER
    suffix VARCHAR
    schema VARCHAR
    catalog VARCHAR
    overwrite BOOLEAN
    children UINTEGER
    sf DOUBLE

2024-12-24 15:48:42,778 [INFO] === Step 420 ===
2024-12-24 15:48:42,778 [INFO] Generating data with dbgen (sf=3000, children=500, step=420)...
2024-12-24 15:48:42,778 [ERROR] dbgen failed at step 420: Binder Error: Invalid named parameter "threads" for function dbgen
Candidates:
    step UINTEGER
    suffix VARCHAR
    schema VARCHAR
    catalog VARCHAR
    overwrite BOOLEAN
    children UINTEGER
    sf DOUBLE

2024-12-24 15:48:42,778 [INFO] === Step 421 ===
2024-12-24 15:48:42,778 [INFO] Generating data with dbgen (sf=3000, children=500, step=421)...
2024-12-24 15:48:42,779 [ERROR] dbgen failed at step 421: Binder Error: Invalid named parameter "threads" for function dbgen
Candidates:
    step UINTEGER
    suffix VARCHAR
    schema VARCHAR
    catalog VARCHAR
    overwrite BOOLEAN
    children UINTEGER
    sf DOUBLE

2024-12-24 15:48:42,779 [INFO] === Step 422 ===
2024-12-24 15:48:42,779 [INFO] Generating data with dbgen (sf=3000, children=500, step=422)...
2024-12-24 15:48:42,779 [ERROR] dbgen failed at step 422: Binder Error: Invalid named parameter "threads" for function dbgen
Candidates:
    step UINTEGER
    suffix VARCHAR
    schema VARCHAR
    catalog VARCHAR
    overwrite BOOLEAN
    children UINTEGER
    sf DOUBLE

2024-12-24 15:48:42,779 [INFO] === Step 423 ===
2024-12-24 15:48:42,779 [INFO] Generating data with dbgen (sf=3000, children=500, step=423)...
2024-12-24 15:48:42,779 [ERROR] dbgen failed at step 423: Binder Error: Invalid named parameter "threads" for function dbgen
Candidates:
    step UINTEGER
    suffix VARCHAR
    schema VARCHAR
    catalog VARCHAR
    overwrite BOOLEAN
    children UINTEGER
    sf DOUBLE

2024-12-24 15:48:42,779 [INFO] === Step 424 ===
2024-12-24 15:48:42,780 [INFO] Generating data with dbgen (sf=3000, children=500, step=424)...
2024-12-24 15:48:42,780 [ERROR] dbgen failed at step 424: Binder Error: Invalid named parameter "threads" for function dbgen
Candidates:
    step UINTEGER
    suffix VARCHAR
    schema VARCHAR
    catalog VARCHAR
    overwrite BOOLEAN
    children UINTEGER
    sf DOUBLE

2024-12-24 15:48:42,780 [INFO] === Step 425 ===
2024-12-24 15:48:42,780 [INFO] Generating data with dbgen (sf=3000, children=500, step=425)...
2024-12-24 15:48:42,780 [ERROR] dbgen failed at step 425: Binder Error: Invalid named parameter "threads" for function dbgen
Candidates:
    step UINTEGER
    suffix VARCHAR
    schema VARCHAR
    catalog VARCHAR
    overwrite BOOLEAN
    children UINTEGER
    sf DOUBLE

2024-12-24 15:48:42,780 [INFO] === Step 426 ===
2024-12-24 15:48:42,780 [INFO] Generating data with dbgen (sf=3000, children=500, step=426)...
2024-12-24 15:48:42,780 [ERROR] dbgen failed at step 426: Binder Error: Invalid named parameter "threads" for function dbgen
Candidates:
    step UINTEGER
    suffix VARCHAR
    schema VARCHAR
    catalog VARCHAR
    overwrite BOOLEAN
    children UINTEGER
    sf DOUBLE

2024-12-24 15:48:42,781 [INFO] === Step 427 ===
2024-12-24 15:48:42,781 [INFO] Generating data with dbgen (sf=3000, children=500, step=427)...
2024-12-24 15:48:42,781 [ERROR] dbgen failed at step 427: Binder Error: Invalid named parameter "threads" for function dbgen
Candidates:
    step UINTEGER
    suffix VARCHAR
    schema VARCHAR
    catalog VARCHAR
    overwrite BOOLEAN
    children UINTEGER
    sf DOUBLE

2024-12-24 15:48:42,781 [INFO] === Step 428 ===
2024-12-24 15:48:42,781 [INFO] Generating data with dbgen (sf=3000, children=500, step=428)...
2024-12-24 15:48:42,781 [ERROR] dbgen failed at step 428: Binder Error: Invalid named parameter "threads" for function dbgen
Candidates:
    step UINTEGER
    suffix VARCHAR
    schema VARCHAR
    catalog VARCHAR
    overwrite BOOLEAN
    children UINTEGER
    sf DOUBLE

2024-12-24 15:48:42,781 [INFO] === Step 429 ===
2024-12-24 15:48:42,781 [INFO] Generating data with dbgen (sf=3000, children=500, step=429)...
2024-12-24 15:48:42,781 [ERROR] dbgen failed at step 429: Binder Error: Invalid named parameter "threads" for function dbgen
Candidates:
    step UINTEGER
    suffix VARCHAR
    schema VARCHAR
    catalog VARCHAR
    overwrite BOOLEAN
    children UINTEGER
    sf DOUBLE

2024-12-24 15:48:42,782 [INFO] === Step 430 ===
2024-12-24 15:48:42,782 [INFO] Generating data with dbgen (sf=3000, children=500, step=430)...
2024-12-24 15:48:42,782 [ERROR] dbgen failed at step 430: Binder Error: Invalid named parameter "threads" for function dbgen
Candidates:
    step UINTEGER
    suffix VARCHAR
    schema VARCHAR
    catalog VARCHAR
    overwrite BOOLEAN
    children UINTEGER
    sf DOUBLE

2024-12-24 15:48:42,782 [INFO] === Step 431 ===
2024-12-24 15:48:42,782 [INFO] Generating data with dbgen (sf=3000, children=500, step=431)...
2024-12-24 15:48:42,782 [ERROR] dbgen failed at step 431: Binder Error: Invalid named parameter "threads" for function dbgen
Candidates:
    step UINTEGER
    suffix VARCHAR
    schema VARCHAR
    catalog VARCHAR
    overwrite BOOLEAN
    children UINTEGER
    sf DOUBLE

2024-12-24 15:48:42,782 [INFO] === Step 432 ===
2024-12-24 15:48:42,782 [INFO] Generating data with dbgen (sf=3000, children=500, step=432)...
2024-12-24 15:48:42,783 [ERROR] dbgen failed at step 432: Binder Error: Invalid named parameter "threads" for function dbgen
Candidates:
    step UINTEGER
    suffix VARCHAR
    schema VARCHAR
    catalog VARCHAR
    overwrite BOOLEAN
    children UINTEGER
    sf DOUBLE

2024-12-24 15:48:42,783 [INFO] === Step 433 ===
2024-12-24 15:48:42,783 [INFO] Generating data with dbgen (sf=3000, children=500, step=433)...
2024-12-24 15:48:42,783 [ERROR] dbgen failed at step 433: Binder Error: Invalid named parameter "threads" for function dbgen
Candidates:
    step UINTEGER
    suffix VARCHAR
    schema VARCHAR
    catalog VARCHAR
    overwrite BOOLEAN
    children UINTEGER
    sf DOUBLE

2024-12-24 15:48:42,783 [INFO] === Step 434 ===
2024-12-24 15:48:42,783 [INFO] Generating data with dbgen (sf=3000, children=500, step=434)...
2024-12-24 15:48:42,783 [ERROR] dbgen failed at step 434: Binder Error: Invalid named parameter "threads" for function dbgen
Candidates:
    step UINTEGER
    suffix VARCHAR
    schema VARCHAR
    catalog VARCHAR
    overwrite BOOLEAN
    children UINTEGER
    sf DOUBLE

2024-12-24 15:48:42,783 [INFO] === Step 435 ===
2024-12-24 15:48:42,783 [INFO] Generating data with dbgen (sf=3000, children=500, step=435)...
2024-12-24 15:48:42,784 [ERROR] dbgen failed at step 435: Binder Error: Invalid named parameter "threads" for function dbgen
Candidates:
    step UINTEGER
    suffix VARCHAR
    schema VARCHAR
    catalog VARCHAR
    overwrite BOOLEAN
    children UINTEGER
    sf DOUBLE

2024-12-24 15:48:42,784 [INFO] === Step 436 ===
2024-12-24 15:48:42,784 [INFO] Generating data with dbgen (sf=3000, children=500, step=436)...
2024-12-24 15:48:42,784 [ERROR] dbgen failed at step 436: Binder Error: Invalid named parameter "threads" for function dbgen
Candidates:
    step UINTEGER
    suffix VARCHAR
    schema VARCHAR
    catalog VARCHAR
    overwrite BOOLEAN
    children UINTEGER
    sf DOUBLE

2024-12-24 15:48:42,784 [INFO] === Step 437 ===
2024-12-24 15:48:42,784 [INFO] Generating data with dbgen (sf=3000, children=500, step=437)...
2024-12-24 15:48:42,784 [ERROR] dbgen failed at step 437: Binder Error: Invalid named parameter "threads" for function dbgen
Candidates:
    step UINTEGER
    suffix VARCHAR
    schema VARCHAR
    catalog VARCHAR
    overwrite BOOLEAN
    children UINTEGER
    sf DOUBLE

2024-12-24 15:48:42,784 [INFO] === Step 438 ===
2024-12-24 15:48:42,784 [INFO] Generating data with dbgen (sf=3000, children=500, step=438)...
2024-12-24 15:48:42,785 [ERROR] dbgen failed at step 438: Binder Error: Invalid named parameter "threads" for function dbgen
Candidates:
    step UINTEGER
    suffix VARCHAR
    schema VARCHAR
    catalog VARCHAR
    overwrite BOOLEAN
    children UINTEGER
    sf DOUBLE

2024-12-24 15:48:42,785 [INFO] === Step 439 ===
2024-12-24 15:48:42,785 [INFO] Generating data with dbgen (sf=3000, children=500, step=439)...
2024-12-24 15:48:42,785 [ERROR] dbgen failed at step 439: Binder Error: Invalid named parameter "threads" for function dbgen
Candidates:
    step UINTEGER
    suffix VARCHAR
    schema VARCHAR
    catalog VARCHAR
    overwrite BOOLEAN
    children UINTEGER
    sf DOUBLE

2024-12-24 15:48:42,785 [INFO] === Step 440 ===
2024-12-24 15:48:42,785 [INFO] Generating data with dbgen (sf=3000, children=500, step=440)...
2024-12-24 15:48:42,785 [ERROR] dbgen failed at step 440: Binder Error: Invalid named parameter "threads" for function dbgen
Candidates:
    step UINTEGER
    suffix VARCHAR
    schema VARCHAR
    catalog VARCHAR
    overwrite BOOLEAN
    children UINTEGER
    sf DOUBLE

2024-12-24 15:48:42,785 [INFO] === Step 441 ===
2024-12-24 15:48:42,786 [INFO] Generating data with dbgen (sf=3000, children=500, step=441)...
2024-12-24 15:48:42,786 [ERROR] dbgen failed at step 441: Binder Error: Invalid named parameter "threads" for function dbgen
Candidates:
    step UINTEGER
    suffix VARCHAR
    schema VARCHAR
    catalog VARCHAR
    overwrite BOOLEAN
    children UINTEGER
    sf DOUBLE

2024-12-24 15:48:42,786 [INFO] === Step 442 ===
2024-12-24 15:48:42,786 [INFO] Generating data with dbgen (sf=3000, children=500, step=442)...
2024-12-24 15:48:42,786 [ERROR] dbgen failed at step 442: Binder Error: Invalid named parameter "threads" for function dbgen
Candidates:
    step UINTEGER
    suffix VARCHAR
    schema VARCHAR
    catalog VARCHAR
    overwrite BOOLEAN
    children UINTEGER
    sf DOUBLE

2024-12-24 15:48:42,786 [INFO] === Step 443 ===
2024-12-24 15:48:42,786 [INFO] Generating data with dbgen (sf=3000, children=500, step=443)...
2024-12-24 15:48:42,787 [ERROR] dbgen failed at step 443: Binder Error: Invalid named parameter "threads" for function dbgen
Candidates:
    step UINTEGER
    suffix VARCHAR
    schema VARCHAR
    catalog VARCHAR
    overwrite BOOLEAN
    children UINTEGER
    sf DOUBLE

2024-12-24 15:48:42,787 [INFO] === Step 444 ===
2024-12-24 15:48:42,787 [INFO] Generating data with dbgen (sf=3000, children=500, step=444)...
2024-12-24 15:48:42,787 [ERROR] dbgen failed at step 444: Binder Error: Invalid named parameter "threads" for function dbgen
Candidates:
    step UINTEGER
    suffix VARCHAR
    schema VARCHAR
    catalog VARCHAR
    overwrite BOOLEAN
    children UINTEGER
    sf DOUBLE

2024-12-24 15:48:42,787 [INFO] === Step 445 ===
2024-12-24 15:48:42,787 [INFO] Generating data with dbgen (sf=3000, children=500, step=445)...
2024-12-24 15:48:42,787 [ERROR] dbgen failed at step 445: Binder Error: Invalid named parameter "threads" for function dbgen
Candidates:
    step UINTEGER
    suffix VARCHAR
    schema VARCHAR
    catalog VARCHAR
    overwrite BOOLEAN
    children UINTEGER
    sf DOUBLE

2024-12-24 15:48:42,787 [INFO] === Step 446 ===
2024-12-24 15:48:42,787 [INFO] Generating data with dbgen (sf=3000, children=500, step=446)...
2024-12-24 15:48:42,788 [ERROR] dbgen failed at step 446: Binder Error: Invalid named parameter "threads" for function dbgen
Candidates:
    step UINTEGER
    suffix VARCHAR
    schema VARCHAR
    catalog VARCHAR
    overwrite BOOLEAN
    children UINTEGER
    sf DOUBLE

2024-12-24 15:48:42,788 [INFO] === Step 447 ===
2024-12-24 15:48:42,788 [INFO] Generating data with dbgen (sf=3000, children=500, step=447)...
2024-12-24 15:48:42,788 [ERROR] dbgen failed at step 447: Binder Error: Invalid named parameter "threads" for function dbgen
Candidates:
    step UINTEGER
    suffix VARCHAR
    schema VARCHAR
    catalog VARCHAR
    overwrite BOOLEAN
    children UINTEGER
    sf DOUBLE

2024-12-24 15:48:42,788 [INFO] === Step 448 ===
2024-12-24 15:48:42,788 [INFO] Generating data with dbgen (sf=3000, children=500, step=448)...
2024-12-24 15:48:42,789 [ERROR] dbgen failed at step 448: Binder Error: Invalid named parameter "threads" for function dbgen
Candidates:
    step UINTEGER
    suffix VARCHAR
    schema VARCHAR
    catalog VARCHAR
    overwrite BOOLEAN
    children UINTEGER
    sf DOUBLE

2024-12-24 15:48:42,789 [INFO] === Step 449 ===
2024-12-24 15:48:42,789 [INFO] Generating data with dbgen (sf=3000, children=500, step=449)...
2024-12-24 15:48:42,789 [ERROR] dbgen failed at step 449: Binder Error: Invalid named parameter "threads" for function dbgen
Candidates:
    step UINTEGER
    suffix VARCHAR
    schema VARCHAR
    catalog VARCHAR
    overwrite BOOLEAN
    children UINTEGER
    sf DOUBLE

2024-12-24 15:48:42,789 [INFO] === Step 450 ===
2024-12-24 15:48:42,789 [INFO] Generating data with dbgen (sf=3000, children=500, step=450)...
2024-12-24 15:48:42,790 [ERROR] dbgen failed at step 450: Binder Error: Invalid named parameter "threads" for function dbgen
Candidates:
    step UINTEGER
    suffix VARCHAR
    schema VARCHAR
    catalog VARCHAR
    overwrite BOOLEAN
    children UINTEGER
    sf DOUBLE

2024-12-24 15:48:42,790 [INFO] === Step 451 ===
2024-12-24 15:48:42,790 [INFO] Generating data with dbgen (sf=3000, children=500, step=451)...
2024-12-24 15:48:42,791 [ERROR] dbgen failed at step 451: Binder Error: Invalid named parameter "threads" for function dbgen
Candidates:
    step UINTEGER
    suffix VARCHAR
    schema VARCHAR
    catalog VARCHAR
    overwrite BOOLEAN
    children UINTEGER
    sf DOUBLE

2024-12-24 15:48:42,791 [INFO] === Step 452 ===
2024-12-24 15:48:42,791 [INFO] Generating data with dbgen (sf=3000, children=500, step=452)...
2024-12-24 15:48:42,791 [ERROR] dbgen failed at step 452: Binder Error: Invalid named parameter "threads" for function dbgen
Candidates:
    step UINTEGER
    suffix VARCHAR
    schema VARCHAR
    catalog VARCHAR
    overwrite BOOLEAN
    children UINTEGER
    sf DOUBLE

2024-12-24 15:48:42,791 [INFO] === Step 453 ===
2024-12-24 15:48:42,792 [INFO] Generating data with dbgen (sf=3000, children=500, step=453)...
2024-12-24 15:48:42,792 [ERROR] dbgen failed at step 453: Binder Error: Invalid named parameter "threads" for function dbgen
Candidates:
    step UINTEGER
    suffix VARCHAR
    schema VARCHAR
    catalog VARCHAR
    overwrite BOOLEAN
    children UINTEGER
    sf DOUBLE

2024-12-24 15:48:42,792 [INFO] === Step 454 ===
2024-12-24 15:48:42,792 [INFO] Generating data with dbgen (sf=3000, children=500, step=454)...
2024-12-24 15:48:42,793 [ERROR] dbgen failed at step 454: Binder Error: Invalid named parameter "threads" for function dbgen
Candidates:
    step UINTEGER
    suffix VARCHAR
    schema VARCHAR
    catalog VARCHAR
    overwrite BOOLEAN
    children UINTEGER
    sf DOUBLE

2024-12-24 15:48:42,793 [INFO] === Step 455 ===
2024-12-24 15:48:42,793 [INFO] Generating data with dbgen (sf=3000, children=500, step=455)...
2024-12-24 15:48:42,793 [ERROR] dbgen failed at step 455: Binder Error: Invalid named parameter "threads" for function dbgen
Candidates:
    step UINTEGER
    suffix VARCHAR
    schema VARCHAR
    catalog VARCHAR
    overwrite BOOLEAN
    children UINTEGER
    sf DOUBLE

2024-12-24 15:48:42,793 [INFO] === Step 456 ===
2024-12-24 15:48:42,794 [INFO] Generating data with dbgen (sf=3000, children=500, step=456)...
2024-12-24 15:48:42,794 [ERROR] dbgen failed at step 456: Binder Error: Invalid named parameter "threads" for function dbgen
Candidates:
    step UINTEGER
    suffix VARCHAR
    schema VARCHAR
    catalog VARCHAR
    overwrite BOOLEAN
    children UINTEGER
    sf DOUBLE

2024-12-24 15:48:42,794 [INFO] === Step 457 ===
2024-12-24 15:48:42,794 [INFO] Generating data with dbgen (sf=3000, children=500, step=457)...
2024-12-24 15:48:42,795 [ERROR] dbgen failed at step 457: Binder Error: Invalid named parameter "threads" for function dbgen
Candidates:
    step UINTEGER
    suffix VARCHAR
    schema VARCHAR
    catalog VARCHAR
    overwrite BOOLEAN
    children UINTEGER
    sf DOUBLE

2024-12-24 15:48:42,795 [INFO] === Step 458 ===
2024-12-24 15:48:42,795 [INFO] Generating data with dbgen (sf=3000, children=500, step=458)...
2024-12-24 15:48:42,795 [ERROR] dbgen failed at step 458: Binder Error: Invalid named parameter "threads" for function dbgen
Candidates:
    step UINTEGER
    suffix VARCHAR
    schema VARCHAR
    catalog VARCHAR
    overwrite BOOLEAN
    children UINTEGER
    sf DOUBLE

2024-12-24 15:48:42,795 [INFO] === Step 459 ===
2024-12-24 15:48:42,796 [INFO] Generating data with dbgen (sf=3000, children=500, step=459)...
2024-12-24 15:48:42,796 [ERROR] dbgen failed at step 459: Binder Error: Invalid named parameter "threads" for function dbgen
Candidates:
    step UINTEGER
    suffix VARCHAR
    schema VARCHAR
    catalog VARCHAR
    overwrite BOOLEAN
    children UINTEGER
    sf DOUBLE

2024-12-24 15:48:42,796 [INFO] === Step 460 ===
2024-12-24 15:48:42,796 [INFO] Generating data with dbgen (sf=3000, children=500, step=460)...
2024-12-24 15:48:42,797 [ERROR] dbgen failed at step 460: Binder Error: Invalid named parameter "threads" for function dbgen
Candidates:
    step UINTEGER
    suffix VARCHAR
    schema VARCHAR
    catalog VARCHAR
    overwrite BOOLEAN
    children UINTEGER
    sf DOUBLE

2024-12-24 15:48:42,797 [INFO] === Step 461 ===
2024-12-24 15:48:42,797 [INFO] Generating data with dbgen (sf=3000, children=500, step=461)...
2024-12-24 15:48:42,797 [ERROR] dbgen failed at step 461: Binder Error: Invalid named parameter "threads" for function dbgen
Candidates:
    step UINTEGER
    suffix VARCHAR
    schema VARCHAR
    catalog VARCHAR
    overwrite BOOLEAN
    children UINTEGER
    sf DOUBLE

2024-12-24 15:48:42,797 [INFO] === Step 462 ===
2024-12-24 15:48:42,798 [INFO] Generating data with dbgen (sf=3000, children=500, step=462)...
2024-12-24 15:48:42,798 [ERROR] dbgen failed at step 462: Binder Error: Invalid named parameter "threads" for function dbgen
Candidates:
    step UINTEGER
    suffix VARCHAR
    schema VARCHAR
    catalog VARCHAR
    overwrite BOOLEAN
    children UINTEGER
    sf DOUBLE

2024-12-24 15:48:42,798 [INFO] === Step 463 ===
2024-12-24 15:48:42,798 [INFO] Generating data with dbgen (sf=3000, children=500, step=463)...
2024-12-24 15:48:42,799 [ERROR] dbgen failed at step 463: Binder Error: Invalid named parameter "threads" for function dbgen
Candidates:
    step UINTEGER
    suffix VARCHAR
    schema VARCHAR
    catalog VARCHAR
    overwrite BOOLEAN
    children UINTEGER
    sf DOUBLE

2024-12-24 15:48:42,799 [INFO] === Step 464 ===
2024-12-24 15:48:42,799 [INFO] Generating data with dbgen (sf=3000, children=500, step=464)...
2024-12-24 15:48:42,799 [ERROR] dbgen failed at step 464: Binder Error: Invalid named parameter "threads" for function dbgen
Candidates:
    step UINTEGER
    suffix VARCHAR
    schema VARCHAR
    catalog VARCHAR
    overwrite BOOLEAN
    children UINTEGER
    sf DOUBLE

2024-12-24 15:48:42,799 [INFO] === Step 465 ===
2024-12-24 15:48:42,800 [INFO] Generating data with dbgen (sf=3000, children=500, step=465)...
2024-12-24 15:48:42,800 [ERROR] dbgen failed at step 465: Binder Error: Invalid named parameter "threads" for function dbgen
Candidates:
    step UINTEGER
    suffix VARCHAR
    schema VARCHAR
    catalog VARCHAR
    overwrite BOOLEAN
    children UINTEGER
    sf DOUBLE

2024-12-24 15:48:42,800 [INFO] === Step 466 ===
2024-12-24 15:48:42,800 [INFO] Generating data with dbgen (sf=3000, children=500, step=466)...
2024-12-24 15:48:42,801 [ERROR] dbgen failed at step 466: Binder Error: Invalid named parameter "threads" for function dbgen
Candidates:
    step UINTEGER
    suffix VARCHAR
    schema VARCHAR
    catalog VARCHAR
    overwrite BOOLEAN
    children UINTEGER
    sf DOUBLE

2024-12-24 15:48:42,801 [INFO] === Step 467 ===
2024-12-24 15:48:42,801 [INFO] Generating data with dbgen (sf=3000, children=500, step=467)...
2024-12-24 15:48:42,801 [ERROR] dbgen failed at step 467: Binder Error: Invalid named parameter "threads" for function dbgen
Candidates:
    step UINTEGER
    suffix VARCHAR
    schema VARCHAR
    catalog VARCHAR
    overwrite BOOLEAN
    children UINTEGER
    sf DOUBLE

2024-12-24 15:48:42,801 [INFO] === Step 468 ===
2024-12-24 15:48:42,802 [INFO] Generating data with dbgen (sf=3000, children=500, step=468)...
2024-12-24 15:48:42,802 [ERROR] dbgen failed at step 468: Binder Error: Invalid named parameter "threads" for function dbgen
Candidates:
    step UINTEGER
    suffix VARCHAR
    schema VARCHAR
    catalog VARCHAR
    overwrite BOOLEAN
    children UINTEGER
    sf DOUBLE

2024-12-24 15:48:42,802 [INFO] === Step 469 ===
2024-12-24 15:48:42,802 [INFO] Generating data with dbgen (sf=3000, children=500, step=469)...
2024-12-24 15:48:42,803 [ERROR] dbgen failed at step 469: Binder Error: Invalid named parameter "threads" for function dbgen
Candidates:
    step UINTEGER
    suffix VARCHAR
    schema VARCHAR
    catalog VARCHAR
    overwrite BOOLEAN
    children UINTEGER
    sf DOUBLE

2024-12-24 15:48:42,803 [INFO] === Step 470 ===
2024-12-24 15:48:42,803 [INFO] Generating data with dbgen (sf=3000, children=500, step=470)...
2024-12-24 15:48:42,803 [ERROR] dbgen failed at step 470: Binder Error: Invalid named parameter "threads" for function dbgen
Candidates:
    step UINTEGER
    suffix VARCHAR
    schema VARCHAR
    catalog VARCHAR
    overwrite BOOLEAN
    children UINTEGER
    sf DOUBLE

2024-12-24 15:48:42,803 [INFO] === Step 471 ===
2024-12-24 15:48:42,804 [INFO] Generating data with dbgen (sf=3000, children=500, step=471)...
2024-12-24 15:48:42,804 [ERROR] dbgen failed at step 471: Binder Error: Invalid named parameter "threads" for function dbgen
Candidates:
    step UINTEGER
    suffix VARCHAR
    schema VARCHAR
    catalog VARCHAR
    overwrite BOOLEAN
    children UINTEGER
    sf DOUBLE

2024-12-24 15:48:42,804 [INFO] === Step 472 ===
2024-12-24 15:48:42,804 [INFO] Generating data with dbgen (sf=3000, children=500, step=472)...
2024-12-24 15:48:42,805 [ERROR] dbgen failed at step 472: Binder Error: Invalid named parameter "threads" for function dbgen
Candidates:
    step UINTEGER
    suffix VARCHAR
    schema VARCHAR
    catalog VARCHAR
    overwrite BOOLEAN
    children UINTEGER
    sf DOUBLE

2024-12-24 15:48:42,805 [INFO] === Step 473 ===
2024-12-24 15:48:42,805 [INFO] Generating data with dbgen (sf=3000, children=500, step=473)...
2024-12-24 15:48:42,805 [ERROR] dbgen failed at step 473: Binder Error: Invalid named parameter "threads" for function dbgen
Candidates:
    step UINTEGER
    suffix VARCHAR
    schema VARCHAR
    catalog VARCHAR
    overwrite BOOLEAN
    children UINTEGER
    sf DOUBLE

2024-12-24 15:48:42,805 [INFO] === Step 474 ===
2024-12-24 15:48:42,806 [INFO] Generating data with dbgen (sf=3000, children=500, step=474)...
2024-12-24 15:48:42,806 [ERROR] dbgen failed at step 474: Binder Error: Invalid named parameter "threads" for function dbgen
Candidates:
    step UINTEGER
    suffix VARCHAR
    schema VARCHAR
    catalog VARCHAR
    overwrite BOOLEAN
    children UINTEGER
    sf DOUBLE

2024-12-24 15:48:42,806 [INFO] === Step 475 ===
2024-12-24 15:48:42,806 [INFO] Generating data with dbgen (sf=3000, children=500, step=475)...
2024-12-24 15:48:42,807 [ERROR] dbgen failed at step 475: Binder Error: Invalid named parameter "threads" for function dbgen
Candidates:
    step UINTEGER
    suffix VARCHAR
    schema VARCHAR
    catalog VARCHAR
    overwrite BOOLEAN
    children UINTEGER
    sf DOUBLE

2024-12-24 15:48:42,807 [INFO] === Step 476 ===
2024-12-24 15:48:42,807 [INFO] Generating data with dbgen (sf=3000, children=500, step=476)...
2024-12-24 15:48:42,807 [ERROR] dbgen failed at step 476: Binder Error: Invalid named parameter "threads" for function dbgen
Candidates:
    step UINTEGER
    suffix VARCHAR
    schema VARCHAR
    catalog VARCHAR
    overwrite BOOLEAN
    children UINTEGER
    sf DOUBLE

2024-12-24 15:48:42,807 [INFO] === Step 477 ===
2024-12-24 15:48:42,808 [INFO] Generating data with dbgen (sf=3000, children=500, step=477)...
2024-12-24 15:48:42,808 [ERROR] dbgen failed at step 477: Binder Error: Invalid named parameter "threads" for function dbgen
Candidates:
    step UINTEGER
    suffix VARCHAR
    schema VARCHAR
    catalog VARCHAR
    overwrite BOOLEAN
    children UINTEGER
    sf DOUBLE

2024-12-24 15:48:42,808 [INFO] === Step 478 ===
2024-12-24 15:48:42,808 [INFO] Generating data with dbgen (sf=3000, children=500, step=478)...
2024-12-24 15:48:42,809 [ERROR] dbgen failed at step 478: Binder Error: Invalid named parameter "threads" for function dbgen
Candidates:
    step UINTEGER
    suffix VARCHAR
    schema VARCHAR
    catalog VARCHAR
    overwrite BOOLEAN
    children UINTEGER
    sf DOUBLE

2024-12-24 15:48:42,809 [INFO] === Step 479 ===
2024-12-24 15:48:42,809 [INFO] Generating data with dbgen (sf=3000, children=500, step=479)...
2024-12-24 15:48:42,809 [ERROR] dbgen failed at step 479: Binder Error: Invalid named parameter "threads" for function dbgen
Candidates:
    step UINTEGER
    suffix VARCHAR
    schema VARCHAR
    catalog VARCHAR
    overwrite BOOLEAN
    children UINTEGER
    sf DOUBLE

2024-12-24 15:48:42,809 [INFO] === Step 480 ===
2024-12-24 15:48:42,809 [INFO] Generating data with dbgen (sf=3000, children=500, step=480)...
2024-12-24 15:48:42,810 [ERROR] dbgen failed at step 480: Binder Error: Invalid named parameter "threads" for function dbgen
Candidates:
    step UINTEGER
    suffix VARCHAR
    schema VARCHAR
    catalog VARCHAR
    overwrite BOOLEAN
    children UINTEGER
    sf DOUBLE

2024-12-24 15:48:42,810 [INFO] === Step 481 ===
2024-12-24 15:48:42,810 [INFO] Generating data with dbgen (sf=3000, children=500, step=481)...
2024-12-24 15:48:42,810 [ERROR] dbgen failed at step 481: Binder Error: Invalid named parameter "threads" for function dbgen
Candidates:
    step UINTEGER
    suffix VARCHAR
    schema VARCHAR
    catalog VARCHAR
    overwrite BOOLEAN
    children UINTEGER
    sf DOUBLE

2024-12-24 15:48:42,811 [INFO] === Step 482 ===
2024-12-24 15:48:42,811 [INFO] Generating data with dbgen (sf=3000, children=500, step=482)...
2024-12-24 15:48:42,811 [ERROR] dbgen failed at step 482: Binder Error: Invalid named parameter "threads" for function dbgen
Candidates:
    step UINTEGER
    suffix VARCHAR
    schema VARCHAR
    catalog VARCHAR
    overwrite BOOLEAN
    children UINTEGER
    sf DOUBLE

2024-12-24 15:48:42,811 [INFO] === Step 483 ===
2024-12-24 15:48:42,811 [INFO] Generating data with dbgen (sf=3000, children=500, step=483)...
2024-12-24 15:48:42,812 [ERROR] dbgen failed at step 483: Binder Error: Invalid named parameter "threads" for function dbgen
Candidates:
    step UINTEGER
    suffix VARCHAR
    schema VARCHAR
    catalog VARCHAR
    overwrite BOOLEAN
    children UINTEGER
    sf DOUBLE

2024-12-24 15:48:42,812 [INFO] === Step 484 ===
2024-12-24 15:48:42,812 [INFO] Generating data with dbgen (sf=3000, children=500, step=484)...
2024-12-24 15:48:42,813 [ERROR] dbgen failed at step 484: Binder Error: Invalid named parameter "threads" for function dbgen
Candidates:
    step UINTEGER
    suffix VARCHAR
    schema VARCHAR
    catalog VARCHAR
    overwrite BOOLEAN
    children UINTEGER
    sf DOUBLE

2024-12-24 15:48:42,813 [INFO] === Step 485 ===
2024-12-24 15:48:42,813 [INFO] Generating data with dbgen (sf=3000, children=500, step=485)...
2024-12-24 15:48:42,813 [ERROR] dbgen failed at step 485: Binder Error: Invalid named parameter "threads" for function dbgen
Candidates:
    step UINTEGER
    suffix VARCHAR
    schema VARCHAR
    catalog VARCHAR
    overwrite BOOLEAN
    children UINTEGER
    sf DOUBLE

2024-12-24 15:48:42,813 [INFO] === Step 486 ===
2024-12-24 15:48:42,813 [INFO] Generating data with dbgen (sf=3000, children=500, step=486)...
2024-12-24 15:48:42,814 [ERROR] dbgen failed at step 486: Binder Error: Invalid named parameter "threads" for function dbgen
Candidates:
    step UINTEGER
    suffix VARCHAR
    schema VARCHAR
    catalog VARCHAR
    overwrite BOOLEAN
    children UINTEGER
    sf DOUBLE

2024-12-24 15:48:42,814 [INFO] === Step 487 ===
2024-12-24 15:48:42,814 [INFO] Generating data with dbgen (sf=3000, children=500, step=487)...
2024-12-24 15:48:42,814 [ERROR] dbgen failed at step 487: Binder Error: Invalid named parameter "threads" for function dbgen
Candidates:
    step UINTEGER
    suffix VARCHAR
    schema VARCHAR
    catalog VARCHAR
    overwrite BOOLEAN
    children UINTEGER
    sf DOUBLE

2024-12-24 15:48:42,815 [INFO] === Step 488 ===
2024-12-24 15:48:42,815 [INFO] Generating data with dbgen (sf=3000, children=500, step=488)...
2024-12-24 15:48:42,815 [ERROR] dbgen failed at step 488: Binder Error: Invalid named parameter "threads" for function dbgen
Candidates:
    step UINTEGER
    suffix VARCHAR
    schema VARCHAR
    catalog VARCHAR
    overwrite BOOLEAN
    children UINTEGER
    sf DOUBLE

2024-12-24 15:48:42,815 [INFO] === Step 489 ===
2024-12-24 15:48:42,815 [INFO] Generating data with dbgen (sf=3000, children=500, step=489)...
2024-12-24 15:48:42,816 [ERROR] dbgen failed at step 489: Binder Error: Invalid named parameter "threads" for function dbgen
Candidates:
    step UINTEGER
    suffix VARCHAR
    schema VARCHAR
    catalog VARCHAR
    overwrite BOOLEAN
    children UINTEGER
    sf DOUBLE

2024-12-24 15:48:42,816 [INFO] === Step 490 ===
2024-12-24 15:48:42,816 [INFO] Generating data with dbgen (sf=3000, children=500, step=490)...
2024-12-24 15:48:42,817 [ERROR] dbgen failed at step 490: Binder Error: Invalid named parameter "threads" for function dbgen
Candidates:
    step UINTEGER
    suffix VARCHAR
    schema VARCHAR
    catalog VARCHAR
    overwrite BOOLEAN
    children UINTEGER
    sf DOUBLE

2024-12-24 15:48:42,817 [INFO] === Step 491 ===
2024-12-24 15:48:42,817 [INFO] Generating data with dbgen (sf=3000, children=500, step=491)...
2024-12-24 15:48:42,817 [ERROR] dbgen failed at step 491: Binder Error: Invalid named parameter "threads" for function dbgen
Candidates:
    step UINTEGER
    suffix VARCHAR
    schema VARCHAR
    catalog VARCHAR
    overwrite BOOLEAN
    children UINTEGER
    sf DOUBLE

2024-12-24 15:48:42,817 [INFO] === Step 492 ===
2024-12-24 15:48:42,817 [INFO] Generating data with dbgen (sf=3000, children=500, step=492)...
2024-12-24 15:48:42,818 [ERROR] dbgen failed at step 492: Binder Error: Invalid named parameter "threads" for function dbgen
Candidates:
    step UINTEGER
    suffix VARCHAR
    schema VARCHAR
    catalog VARCHAR
    overwrite BOOLEAN
    children UINTEGER
    sf DOUBLE

2024-12-24 15:48:42,818 [INFO] === Step 493 ===
2024-12-24 15:48:42,818 [INFO] Generating data with dbgen (sf=3000, children=500, step=493)...
2024-12-24 15:48:42,819 [ERROR] dbgen failed at step 493: Binder Error: Invalid named parameter "threads" for function dbgen
Candidates:
    step UINTEGER
    suffix VARCHAR
    schema VARCHAR
    catalog VARCHAR
    overwrite BOOLEAN
    children UINTEGER
    sf DOUBLE

2024-12-24 15:48:42,819 [INFO] === Step 494 ===
2024-12-24 15:48:42,819 [INFO] Generating data with dbgen (sf=3000, children=500, step=494)...
2024-12-24 15:48:42,819 [ERROR] dbgen failed at step 494: Binder Error: Invalid named parameter "threads" for function dbgen
Candidates:
    step UINTEGER
    suffix VARCHAR
    schema VARCHAR
    catalog VARCHAR
    overwrite BOOLEAN
    children UINTEGER
    sf DOUBLE

2024-12-24 15:48:42,819 [INFO] === Step 495 ===
2024-12-24 15:48:42,820 [INFO] Generating data with dbgen (sf=3000, children=500, step=495)...
2024-12-24 15:48:42,820 [ERROR] dbgen failed at step 495: Binder Error: Invalid named parameter "threads" for function dbgen
Candidates:
    step UINTEGER
    suffix VARCHAR
    schema VARCHAR
    catalog VARCHAR
    overwrite BOOLEAN
    children UINTEGER
    sf DOUBLE

2024-12-24 15:48:42,820 [INFO] === Step 496 ===
2024-12-24 15:48:42,820 [INFO] Generating data with dbgen (sf=3000, children=500, step=496)...
2024-12-24 15:48:42,821 [ERROR] dbgen failed at step 496: Binder Error: Invalid named parameter "threads" for function dbgen
Candidates:
    step UINTEGER
    suffix VARCHAR
    schema VARCHAR
    catalog VARCHAR
    overwrite BOOLEAN
    children UINTEGER
    sf DOUBLE

2024-12-24 15:48:42,821 [INFO] === Step 497 ===
2024-12-24 15:48:42,821 [INFO] Generating data with dbgen (sf=3000, children=500, step=497)...
2024-12-24 15:48:42,821 [ERROR] dbgen failed at step 497: Binder Error: Invalid named parameter "threads" for function dbgen
Candidates:
    step UINTEGER
    suffix VARCHAR
    schema VARCHAR
    catalog VARCHAR
    overwrite BOOLEAN
    children UINTEGER
    sf DOUBLE

2024-12-24 15:48:42,821 [INFO] === Step 498 ===
2024-12-24 15:48:42,821 [INFO] Generating data with dbgen (sf=3000, children=500, step=498)...
2024-12-24 15:48:42,822 [ERROR] dbgen failed at step 498: Binder Error: Invalid named parameter "threads" for function dbgen
Candidates:
    step UINTEGER
    suffix VARCHAR
    schema VARCHAR
    catalog VARCHAR
    overwrite BOOLEAN
    children UINTEGER
    sf DOUBLE

2024-12-24 15:48:42,822 [INFO] === Step 499 ===
2024-12-24 15:48:42,822 [INFO] Generating data with dbgen (sf=3000, children=500, step=499)...
2024-12-24 15:48:42,823 [ERROR] dbgen failed at step 499: Binder Error: Invalid named parameter "threads" for function dbgen
Candidates:
    step UINTEGER
    suffix VARCHAR
    schema VARCHAR
    catalog VARCHAR
    overwrite BOOLEAN
    children UINTEGER
    sf DOUBLE

2024-12-24 15:48:42,829 [INFO] Closed DuckDB connection.
2024-12-24 15:48:42,830 [INFO] Data generation and export process completed.
2024-12-24 15:49:12,389 [INFO] Parquet files will be saved to '/home/jeroen/data/gen/sf3000' (in table dir).
2024-12-24 15:49:12,440 [INFO] Connected to DuckDB database ':memory:'.
2024-12-24 15:49:12,495 [INFO] Initial tables in the database: set()
2024-12-24 15:49:12,495 [INFO] === Step 0 ===
2024-12-24 15:49:12,495 [INFO] Generating data with dbgen (sf=3000, children=2000, step=0)...
2024-12-24 15:49:30,485 [INFO] Data generation completed.
2024-12-24 15:49:30,498 [INFO] New tables generated at step 0: {'nation', 'region', 'part', 'orders', 'customer', 'lineitem', 'partsupp', 'supplier'}
2024-12-24 15:49:30,499 [INFO] Exporting table 'nation' to '/home/jeroen/data/gen/sf3000/nation/nation_0000000.parquet'...
2024-12-24 15:49:30,500 [INFO] Successfully exported 'nation' to '/home/jeroen/data/gen/sf3000/nation/nation_0000000.parquet'.
2024-12-24 15:49:30,500 [INFO] Exporting table 'region' to '/home/jeroen/data/gen/sf3000/region/region_0000000.parquet'...
2024-12-24 15:49:30,501 [INFO] Successfully exported 'region' to '/home/jeroen/data/gen/sf3000/region/region_0000000.parquet'.
2024-12-24 15:49:30,501 [INFO] Exporting table 'part' to '/home/jeroen/data/gen/sf3000/part/part_0000000.parquet'...
2024-12-24 15:49:30,805 [INFO] Successfully exported 'part' to '/home/jeroen/data/gen/sf3000/part/part_0000000.parquet'.
2024-12-24 15:49:30,805 [INFO] Exporting table 'orders' to '/home/jeroen/data/gen/sf3000/orders/orders_0000000.parquet'...
2024-12-24 15:49:31,307 [INFO] Successfully exported 'orders' to '/home/jeroen/data/gen/sf3000/orders/orders_0000000.parquet'.
2024-12-24 15:49:31,308 [INFO] Exporting table 'customer' to '/home/jeroen/data/gen/sf3000/customer/customer_0000000.parquet'...
2024-12-24 15:49:31,562 [INFO] Successfully exported 'customer' to '/home/jeroen/data/gen/sf3000/customer/customer_0000000.parquet'.
2024-12-24 15:49:31,562 [INFO] Exporting table 'lineitem' to '/home/jeroen/data/gen/sf3000/lineitem/lineitem_0000000.parquet'...
2024-12-24 15:49:32,856 [INFO] Successfully exported 'lineitem' to '/home/jeroen/data/gen/sf3000/lineitem/lineitem_0000000.parquet'.
2024-12-24 15:49:32,857 [INFO] Exporting table 'partsupp' to '/home/jeroen/data/gen/sf3000/partsupp/partsupp_0000000.parquet'...
2024-12-24 15:49:33,031 [INFO] Successfully exported 'partsupp' to '/home/jeroen/data/gen/sf3000/partsupp/partsupp_0000000.parquet'.
2024-12-24 15:49:33,032 [INFO] Exporting table 'supplier' to '/home/jeroen/data/gen/sf3000/supplier/supplier_0000000.parquet'...
2024-12-24 15:49:33,055 [INFO] Successfully exported 'supplier' to '/home/jeroen/data/gen/sf3000/supplier/supplier_0000000.parquet'.
2024-12-24 15:49:33,056 [INFO] Dropped table 'nation' after export.
2024-12-24 15:49:33,056 [INFO] Dropped table 'region' after export.
2024-12-24 15:49:33,057 [INFO] Dropped table 'part' after export.
2024-12-24 15:49:33,059 [INFO] Dropped table 'orders' after export.
2024-12-24 15:49:33,060 [INFO] Dropped table 'customer' after export.
2024-12-24 15:49:33,071 [INFO] Dropped table 'lineitem' after export.
2024-12-24 15:49:33,074 [INFO] Dropped table 'partsupp' after export.
2024-12-24 15:49:33,075 [INFO] Dropped table 'supplier' after export.
2024-12-24 15:49:33,075 [INFO] === Step 1 ===
2024-12-24 15:49:33,075 [INFO] Generating data with dbgen (sf=3000, children=2000, step=1)...
2024-12-24 15:49:50,988 [INFO] Data generation completed.
2024-12-24 15:49:50,999 [INFO] New tables generated at step 1: {'nation', 'region', 'part', 'orders', 'customer', 'lineitem', 'partsupp', 'supplier'}
2024-12-24 15:49:51,000 [INFO] Exporting table 'nation' to '/home/jeroen/data/gen/sf3000/nation/nation_0000001.parquet'...
2024-12-24 15:49:51,001 [INFO] Successfully exported 'nation' to '/home/jeroen/data/gen/sf3000/nation/nation_0000001.parquet'.
2024-12-24 15:49:51,001 [INFO] Exporting table 'region' to '/home/jeroen/data/gen/sf3000/region/region_0000001.parquet'...
2024-12-24 15:49:51,002 [INFO] Successfully exported 'region' to '/home/jeroen/data/gen/sf3000/region/region_0000001.parquet'.
2024-12-24 15:49:51,002 [INFO] Exporting table 'part' to '/home/jeroen/data/gen/sf3000/part/part_0000001.parquet'...
2024-12-24 15:49:51,260 [INFO] Successfully exported 'part' to '/home/jeroen/data/gen/sf3000/part/part_0000001.parquet'.
2024-12-24 15:49:51,260 [INFO] Exporting table 'orders' to '/home/jeroen/data/gen/sf3000/orders/orders_0000001.parquet'...
2024-12-24 15:49:51,617 [INFO] Successfully exported 'orders' to '/home/jeroen/data/gen/sf3000/orders/orders_0000001.parquet'.
2024-12-24 15:49:51,617 [INFO] Exporting table 'customer' to '/home/jeroen/data/gen/sf3000/customer/customer_0000001.parquet'...
2024-12-24 15:49:51,819 [INFO] Successfully exported 'customer' to '/home/jeroen/data/gen/sf3000/customer/customer_0000001.parquet'.
2024-12-24 15:49:51,819 [INFO] Exporting table 'lineitem' to '/home/jeroen/data/gen/sf3000/lineitem/lineitem_0000001.parquet'...
2024-12-24 15:49:52,873 [INFO] Successfully exported 'lineitem' to '/home/jeroen/data/gen/sf3000/lineitem/lineitem_0000001.parquet'.
2024-12-24 15:49:52,874 [INFO] Exporting table 'partsupp' to '/home/jeroen/data/gen/sf3000/partsupp/partsupp_0000001.parquet'...
2024-12-24 15:49:53,058 [INFO] Successfully exported 'partsupp' to '/home/jeroen/data/gen/sf3000/partsupp/partsupp_0000001.parquet'.
2024-12-24 15:49:53,059 [INFO] Exporting table 'supplier' to '/home/jeroen/data/gen/sf3000/supplier/supplier_0000001.parquet'...
2024-12-24 15:49:53,082 [INFO] Successfully exported 'supplier' to '/home/jeroen/data/gen/sf3000/supplier/supplier_0000001.parquet'.
2024-12-24 15:49:53,083 [INFO] Dropped table 'nation' after export.
2024-12-24 15:49:53,083 [INFO] Dropped table 'region' after export.
2024-12-24 15:49:53,084 [INFO] Dropped table 'part' after export.
2024-12-24 15:49:53,086 [INFO] Dropped table 'orders' after export.
2024-12-24 15:49:53,087 [INFO] Dropped table 'customer' after export.
2024-12-24 15:49:53,097 [INFO] Dropped table 'lineitem' after export.
2024-12-24 15:49:53,098 [INFO] Dropped table 'partsupp' after export.
2024-12-24 15:49:53,099 [INFO] Dropped table 'supplier' after export.
2024-12-24 15:49:53,099 [INFO] === Step 2 ===
2024-12-24 15:49:53,099 [INFO] Generating data with dbgen (sf=3000, children=2000, step=2)...
2024-12-24 15:50:11,048 [INFO] Data generation completed.
2024-12-24 15:50:11,059 [INFO] New tables generated at step 2: {'nation', 'region', 'part', 'orders', 'customer', 'lineitem', 'partsupp', 'supplier'}
2024-12-24 15:50:11,059 [INFO] Exporting table 'nation' to '/home/jeroen/data/gen/sf3000/nation/nation_0000002.parquet'...
2024-12-24 15:50:11,060 [INFO] Successfully exported 'nation' to '/home/jeroen/data/gen/sf3000/nation/nation_0000002.parquet'.
2024-12-24 15:50:11,060 [INFO] Exporting table 'region' to '/home/jeroen/data/gen/sf3000/region/region_0000002.parquet'...
2024-12-24 15:50:11,061 [INFO] Successfully exported 'region' to '/home/jeroen/data/gen/sf3000/region/region_0000002.parquet'.
2024-12-24 15:50:11,061 [INFO] Exporting table 'part' to '/home/jeroen/data/gen/sf3000/part/part_0000002.parquet'...
2024-12-24 15:50:11,316 [INFO] Successfully exported 'part' to '/home/jeroen/data/gen/sf3000/part/part_0000002.parquet'.
2024-12-24 15:50:11,316 [INFO] Exporting table 'orders' to '/home/jeroen/data/gen/sf3000/orders/orders_0000002.parquet'...
2024-12-24 15:50:11,720 [INFO] Successfully exported 'orders' to '/home/jeroen/data/gen/sf3000/orders/orders_0000002.parquet'.
2024-12-24 15:50:11,720 [INFO] Exporting table 'customer' to '/home/jeroen/data/gen/sf3000/customer/customer_0000002.parquet'...
2024-12-24 15:50:11,896 [INFO] Successfully exported 'customer' to '/home/jeroen/data/gen/sf3000/customer/customer_0000002.parquet'.
2024-12-24 15:50:11,897 [INFO] Exporting table 'lineitem' to '/home/jeroen/data/gen/sf3000/lineitem/lineitem_0000002.parquet'...
2024-12-24 15:50:13,002 [INFO] Successfully exported 'lineitem' to '/home/jeroen/data/gen/sf3000/lineitem/lineitem_0000002.parquet'.
2024-12-24 15:50:13,003 [INFO] Exporting table 'partsupp' to '/home/jeroen/data/gen/sf3000/partsupp/partsupp_0000002.parquet'...
2024-12-24 15:50:13,189 [INFO] Successfully exported 'partsupp' to '/home/jeroen/data/gen/sf3000/partsupp/partsupp_0000002.parquet'.
2024-12-24 15:50:13,189 [INFO] Exporting table 'supplier' to '/home/jeroen/data/gen/sf3000/supplier/supplier_0000002.parquet'...
2024-12-24 15:50:13,217 [INFO] Successfully exported 'supplier' to '/home/jeroen/data/gen/sf3000/supplier/supplier_0000002.parquet'.
2024-12-24 15:50:13,218 [INFO] Dropped table 'nation' after export.
2024-12-24 15:50:13,218 [INFO] Dropped table 'region' after export.
2024-12-24 15:50:13,219 [INFO] Dropped table 'part' after export.
2024-12-24 15:50:13,223 [INFO] Dropped table 'orders' after export.
2024-12-24 15:50:13,223 [INFO] Dropped table 'customer' after export.
2024-12-24 15:50:13,233 [INFO] Dropped table 'lineitem' after export.
2024-12-24 15:50:13,238 [INFO] Dropped table 'partsupp' after export.
2024-12-24 15:50:13,238 [INFO] Dropped table 'supplier' after export.
2024-12-24 15:50:13,238 [INFO] === Step 3 ===
2024-12-24 15:50:13,238 [INFO] Generating data with dbgen (sf=3000, children=2000, step=3)...
2024-12-24 15:50:31,504 [INFO] Data generation completed.
2024-12-24 15:50:31,515 [INFO] New tables generated at step 3: {'nation', 'region', 'part', 'orders', 'customer', 'lineitem', 'partsupp', 'supplier'}
2024-12-24 15:50:31,515 [INFO] Exporting table 'nation' to '/home/jeroen/data/gen/sf3000/nation/nation_0000003.parquet'...
2024-12-24 15:50:31,516 [INFO] Successfully exported 'nation' to '/home/jeroen/data/gen/sf3000/nation/nation_0000003.parquet'.
2024-12-24 15:50:31,517 [INFO] Exporting table 'region' to '/home/jeroen/data/gen/sf3000/region/region_0000003.parquet'...
2024-12-24 15:50:31,517 [INFO] Successfully exported 'region' to '/home/jeroen/data/gen/sf3000/region/region_0000003.parquet'.
2024-12-24 15:50:31,517 [INFO] Exporting table 'part' to '/home/jeroen/data/gen/sf3000/part/part_0000003.parquet'...
2024-12-24 15:50:31,812 [INFO] Successfully exported 'part' to '/home/jeroen/data/gen/sf3000/part/part_0000003.parquet'.
2024-12-24 15:50:31,813 [INFO] Exporting table 'orders' to '/home/jeroen/data/gen/sf3000/orders/orders_0000003.parquet'...
2024-12-24 15:50:32,211 [INFO] Successfully exported 'orders' to '/home/jeroen/data/gen/sf3000/orders/orders_0000003.parquet'.
2024-12-24 15:50:32,212 [INFO] Exporting table 'customer' to '/home/jeroen/data/gen/sf3000/customer/customer_0000003.parquet'...
2024-12-24 15:50:32,443 [INFO] Successfully exported 'customer' to '/home/jeroen/data/gen/sf3000/customer/customer_0000003.parquet'.
2024-12-24 15:50:32,443 [INFO] Exporting table 'lineitem' to '/home/jeroen/data/gen/sf3000/lineitem/lineitem_0000003.parquet'...
2024-12-24 15:50:33,480 [INFO] Successfully exported 'lineitem' to '/home/jeroen/data/gen/sf3000/lineitem/lineitem_0000003.parquet'.
2024-12-24 15:50:33,480 [INFO] Exporting table 'partsupp' to '/home/jeroen/data/gen/sf3000/partsupp/partsupp_0000003.parquet'...
2024-12-24 15:50:33,638 [INFO] Successfully exported 'partsupp' to '/home/jeroen/data/gen/sf3000/partsupp/partsupp_0000003.parquet'.
2024-12-24 15:50:33,638 [INFO] Exporting table 'supplier' to '/home/jeroen/data/gen/sf3000/supplier/supplier_0000003.parquet'...
2024-12-24 15:50:33,661 [INFO] Successfully exported 'supplier' to '/home/jeroen/data/gen/sf3000/supplier/supplier_0000003.parquet'.
2024-12-24 15:50:33,662 [INFO] Dropped table 'nation' after export.
2024-12-24 15:50:33,662 [INFO] Dropped table 'region' after export.
2024-12-24 15:50:33,663 [INFO] Dropped table 'part' after export.
2024-12-24 15:50:33,666 [INFO] Dropped table 'orders' after export.
2024-12-24 15:50:33,667 [INFO] Dropped table 'customer' after export.
2024-12-24 15:50:33,675 [INFO] Dropped table 'lineitem' after export.
2024-12-24 15:50:33,677 [INFO] Dropped table 'partsupp' after export.
2024-12-24 15:50:33,677 [INFO] Dropped table 'supplier' after export.
2024-12-24 15:50:33,677 [INFO] === Step 4 ===
2024-12-24 15:50:33,677 [INFO] Generating data with dbgen (sf=3000, children=2000, step=4)...
2024-12-24 15:50:51,667 [INFO] Data generation completed.
2024-12-24 15:50:51,677 [INFO] New tables generated at step 4: {'nation', 'region', 'part', 'orders', 'customer', 'lineitem', 'partsupp', 'supplier'}
2024-12-24 15:50:51,677 [INFO] Exporting table 'nation' to '/home/jeroen/data/gen/sf3000/nation/nation_0000004.parquet'...
2024-12-24 15:50:51,678 [INFO] Successfully exported 'nation' to '/home/jeroen/data/gen/sf3000/nation/nation_0000004.parquet'.
2024-12-24 15:50:51,678 [INFO] Exporting table 'region' to '/home/jeroen/data/gen/sf3000/region/region_0000004.parquet'...
2024-12-24 15:50:51,679 [INFO] Successfully exported 'region' to '/home/jeroen/data/gen/sf3000/region/region_0000004.parquet'.
2024-12-24 15:50:51,679 [INFO] Exporting table 'part' to '/home/jeroen/data/gen/sf3000/part/part_0000004.parquet'...
2024-12-24 15:50:51,942 [INFO] Successfully exported 'part' to '/home/jeroen/data/gen/sf3000/part/part_0000004.parquet'.
2024-12-24 15:50:51,943 [INFO] Exporting table 'orders' to '/home/jeroen/data/gen/sf3000/orders/orders_0000004.parquet'...
2024-12-24 15:50:52,338 [INFO] Successfully exported 'orders' to '/home/jeroen/data/gen/sf3000/orders/orders_0000004.parquet'.
2024-12-24 15:50:52,339 [INFO] Exporting table 'customer' to '/home/jeroen/data/gen/sf3000/customer/customer_0000004.parquet'...
2024-12-24 15:50:52,567 [INFO] Successfully exported 'customer' to '/home/jeroen/data/gen/sf3000/customer/customer_0000004.parquet'.
2024-12-24 15:50:52,567 [INFO] Exporting table 'lineitem' to '/home/jeroen/data/gen/sf3000/lineitem/lineitem_0000004.parquet'...
2024-12-24 15:50:53,666 [INFO] Successfully exported 'lineitem' to '/home/jeroen/data/gen/sf3000/lineitem/lineitem_0000004.parquet'.
2024-12-24 15:50:53,666 [INFO] Exporting table 'partsupp' to '/home/jeroen/data/gen/sf3000/partsupp/partsupp_0000004.parquet'...
2024-12-24 15:50:53,862 [INFO] Successfully exported 'partsupp' to '/home/jeroen/data/gen/sf3000/partsupp/partsupp_0000004.parquet'.
2024-12-24 15:50:53,862 [INFO] Exporting table 'supplier' to '/home/jeroen/data/gen/sf3000/supplier/supplier_0000004.parquet'...
2024-12-24 15:50:53,886 [INFO] Successfully exported 'supplier' to '/home/jeroen/data/gen/sf3000/supplier/supplier_0000004.parquet'.
2024-12-24 15:50:53,886 [INFO] Dropped table 'nation' after export.
2024-12-24 15:50:53,887 [INFO] Dropped table 'region' after export.
2024-12-24 15:50:53,887 [INFO] Dropped table 'part' after export.
2024-12-24 15:50:53,889 [INFO] Dropped table 'orders' after export.
2024-12-24 15:50:53,890 [INFO] Dropped table 'customer' after export.
2024-12-24 15:50:53,905 [INFO] Dropped table 'lineitem' after export.
2024-12-24 15:50:53,911 [INFO] Dropped table 'partsupp' after export.
2024-12-24 15:50:53,911 [INFO] Dropped table 'supplier' after export.
2024-12-24 15:50:53,911 [INFO] === Step 5 ===
2024-12-24 15:50:53,911 [INFO] Generating data with dbgen (sf=3000, children=2000, step=5)...
2024-12-24 15:51:12,285 [INFO] Data generation completed.
2024-12-24 15:51:12,295 [INFO] New tables generated at step 5: {'nation', 'region', 'part', 'orders', 'customer', 'lineitem', 'partsupp', 'supplier'}
2024-12-24 15:51:12,295 [INFO] Exporting table 'nation' to '/home/jeroen/data/gen/sf3000/nation/nation_0000005.parquet'...
2024-12-24 15:51:12,296 [INFO] Successfully exported 'nation' to '/home/jeroen/data/gen/sf3000/nation/nation_0000005.parquet'.
2024-12-24 15:51:12,296 [INFO] Exporting table 'region' to '/home/jeroen/data/gen/sf3000/region/region_0000005.parquet'...
2024-12-24 15:51:12,297 [INFO] Successfully exported 'region' to '/home/jeroen/data/gen/sf3000/region/region_0000005.parquet'.
2024-12-24 15:51:12,297 [INFO] Exporting table 'part' to '/home/jeroen/data/gen/sf3000/part/part_0000005.parquet'...
2024-12-24 15:51:12,559 [INFO] Successfully exported 'part' to '/home/jeroen/data/gen/sf3000/part/part_0000005.parquet'.
2024-12-24 15:51:12,559 [INFO] Exporting table 'orders' to '/home/jeroen/data/gen/sf3000/orders/orders_0000005.parquet'...
2024-12-24 15:51:12,955 [INFO] Successfully exported 'orders' to '/home/jeroen/data/gen/sf3000/orders/orders_0000005.parquet'.
2024-12-24 15:51:12,956 [INFO] Exporting table 'customer' to '/home/jeroen/data/gen/sf3000/customer/customer_0000005.parquet'...
2024-12-24 15:51:13,176 [INFO] Successfully exported 'customer' to '/home/jeroen/data/gen/sf3000/customer/customer_0000005.parquet'.
2024-12-24 15:51:13,176 [INFO] Exporting table 'lineitem' to '/home/jeroen/data/gen/sf3000/lineitem/lineitem_0000005.parquet'...
2024-12-24 15:51:14,224 [INFO] Successfully exported 'lineitem' to '/home/jeroen/data/gen/sf3000/lineitem/lineitem_0000005.parquet'.
2024-12-24 15:51:14,224 [INFO] Exporting table 'partsupp' to '/home/jeroen/data/gen/sf3000/partsupp/partsupp_0000005.parquet'...
2024-12-24 15:51:14,406 [INFO] Successfully exported 'partsupp' to '/home/jeroen/data/gen/sf3000/partsupp/partsupp_0000005.parquet'.
2024-12-24 15:51:14,406 [INFO] Exporting table 'supplier' to '/home/jeroen/data/gen/sf3000/supplier/supplier_0000005.parquet'...
2024-12-24 15:51:14,430 [INFO] Successfully exported 'supplier' to '/home/jeroen/data/gen/sf3000/supplier/supplier_0000005.parquet'.
2024-12-24 15:51:14,430 [INFO] Dropped table 'nation' after export.
2024-12-24 15:51:14,431 [INFO] Dropped table 'region' after export.
2024-12-24 15:51:14,431 [INFO] Dropped table 'part' after export.
2024-12-24 15:51:14,436 [INFO] Dropped table 'orders' after export.
2024-12-24 15:51:14,437 [INFO] Dropped table 'customer' after export.
2024-12-24 15:51:14,445 [INFO] Dropped table 'lineitem' after export.
2024-12-24 15:51:14,451 [INFO] Dropped table 'partsupp' after export.
2024-12-24 15:51:14,451 [INFO] Dropped table 'supplier' after export.
2024-12-24 15:51:14,451 [INFO] === Step 6 ===
2024-12-24 15:51:14,451 [INFO] Generating data with dbgen (sf=3000, children=2000, step=6)...
2024-12-24 15:51:33,194 [INFO] Data generation completed.
2024-12-24 15:51:33,205 [INFO] New tables generated at step 6: {'nation', 'region', 'part', 'orders', 'customer', 'lineitem', 'partsupp', 'supplier'}
2024-12-24 15:51:33,206 [INFO] Exporting table 'nation' to '/home/jeroen/data/gen/sf3000/nation/nation_0000006.parquet'...
2024-12-24 15:51:33,206 [INFO] Successfully exported 'nation' to '/home/jeroen/data/gen/sf3000/nation/nation_0000006.parquet'.
2024-12-24 15:51:33,207 [INFO] Exporting table 'region' to '/home/jeroen/data/gen/sf3000/region/region_0000006.parquet'...
2024-12-24 15:51:33,208 [INFO] Successfully exported 'region' to '/home/jeroen/data/gen/sf3000/region/region_0000006.parquet'.
2024-12-24 15:51:33,208 [INFO] Exporting table 'part' to '/home/jeroen/data/gen/sf3000/part/part_0000006.parquet'...
2024-12-24 15:51:33,484 [INFO] Successfully exported 'part' to '/home/jeroen/data/gen/sf3000/part/part_0000006.parquet'.
2024-12-24 15:51:33,484 [INFO] Exporting table 'orders' to '/home/jeroen/data/gen/sf3000/orders/orders_0000006.parquet'...
2024-12-24 15:51:33,868 [INFO] Successfully exported 'orders' to '/home/jeroen/data/gen/sf3000/orders/orders_0000006.parquet'.
2024-12-24 15:51:33,868 [INFO] Exporting table 'customer' to '/home/jeroen/data/gen/sf3000/customer/customer_0000006.parquet'...
2024-12-24 15:51:34,073 [INFO] Successfully exported 'customer' to '/home/jeroen/data/gen/sf3000/customer/customer_0000006.parquet'.
2024-12-24 15:51:34,073 [INFO] Exporting table 'lineitem' to '/home/jeroen/data/gen/sf3000/lineitem/lineitem_0000006.parquet'...
2024-12-24 15:51:35,193 [INFO] Successfully exported 'lineitem' to '/home/jeroen/data/gen/sf3000/lineitem/lineitem_0000006.parquet'.
2024-12-24 15:51:35,193 [INFO] Exporting table 'partsupp' to '/home/jeroen/data/gen/sf3000/partsupp/partsupp_0000006.parquet'...
2024-12-24 15:51:35,368 [INFO] Successfully exported 'partsupp' to '/home/jeroen/data/gen/sf3000/partsupp/partsupp_0000006.parquet'.
2024-12-24 15:51:35,369 [INFO] Exporting table 'supplier' to '/home/jeroen/data/gen/sf3000/supplier/supplier_0000006.parquet'...
2024-12-24 15:51:35,395 [INFO] Successfully exported 'supplier' to '/home/jeroen/data/gen/sf3000/supplier/supplier_0000006.parquet'.
2024-12-24 15:51:35,395 [INFO] Dropped table 'nation' after export.
2024-12-24 15:51:35,396 [INFO] Dropped table 'region' after export.
2024-12-24 15:51:35,397 [INFO] Dropped table 'part' after export.
2024-12-24 15:51:35,401 [INFO] Dropped table 'orders' after export.
2024-12-24 15:51:35,402 [INFO] Dropped table 'customer' after export.
2024-12-24 15:51:35,422 [INFO] Dropped table 'lineitem' after export.
2024-12-24 15:51:35,425 [INFO] Dropped table 'partsupp' after export.
2024-12-24 15:51:35,425 [INFO] Dropped table 'supplier' after export.
2024-12-24 15:51:35,425 [INFO] === Step 7 ===
2024-12-24 15:51:35,425 [INFO] Generating data with dbgen (sf=3000, children=2000, step=7)...
2024-12-24 15:51:54,710 [INFO] Data generation completed.
2024-12-24 15:51:54,723 [INFO] New tables generated at step 7: {'nation', 'region', 'part', 'orders', 'customer', 'lineitem', 'partsupp', 'supplier'}
2024-12-24 15:51:54,723 [INFO] Exporting table 'nation' to '/home/jeroen/data/gen/sf3000/nation/nation_0000007.parquet'...
2024-12-24 15:51:54,724 [INFO] Successfully exported 'nation' to '/home/jeroen/data/gen/sf3000/nation/nation_0000007.parquet'.
2024-12-24 15:51:54,724 [INFO] Exporting table 'region' to '/home/jeroen/data/gen/sf3000/region/region_0000007.parquet'...
2024-12-24 15:51:54,725 [INFO] Successfully exported 'region' to '/home/jeroen/data/gen/sf3000/region/region_0000007.parquet'.
2024-12-24 15:51:54,725 [INFO] Exporting table 'part' to '/home/jeroen/data/gen/sf3000/part/part_0000007.parquet'...
2024-12-24 15:51:55,005 [INFO] Successfully exported 'part' to '/home/jeroen/data/gen/sf3000/part/part_0000007.parquet'.
2024-12-24 15:51:55,005 [INFO] Exporting table 'orders' to '/home/jeroen/data/gen/sf3000/orders/orders_0000007.parquet'...
2024-12-24 15:51:55,398 [INFO] Successfully exported 'orders' to '/home/jeroen/data/gen/sf3000/orders/orders_0000007.parquet'.
2024-12-24 15:51:55,399 [INFO] Exporting table 'customer' to '/home/jeroen/data/gen/sf3000/customer/customer_0000007.parquet'...
2024-12-24 15:51:55,603 [INFO] Successfully exported 'customer' to '/home/jeroen/data/gen/sf3000/customer/customer_0000007.parquet'.
2024-12-24 15:51:55,604 [INFO] Exporting table 'lineitem' to '/home/jeroen/data/gen/sf3000/lineitem/lineitem_0000007.parquet'...
2024-12-24 15:51:56,725 [INFO] Successfully exported 'lineitem' to '/home/jeroen/data/gen/sf3000/lineitem/lineitem_0000007.parquet'.
2024-12-24 15:51:56,725 [INFO] Exporting table 'partsupp' to '/home/jeroen/data/gen/sf3000/partsupp/partsupp_0000007.parquet'...
2024-12-24 15:51:56,914 [INFO] Successfully exported 'partsupp' to '/home/jeroen/data/gen/sf3000/partsupp/partsupp_0000007.parquet'.
2024-12-24 15:51:56,914 [INFO] Exporting table 'supplier' to '/home/jeroen/data/gen/sf3000/supplier/supplier_0000007.parquet'...
2024-12-24 15:51:56,938 [INFO] Successfully exported 'supplier' to '/home/jeroen/data/gen/sf3000/supplier/supplier_0000007.parquet'.
2024-12-24 15:51:56,938 [INFO] Dropped table 'nation' after export.
2024-12-24 15:51:56,939 [INFO] Dropped table 'region' after export.
2024-12-24 15:51:56,939 [INFO] Dropped table 'part' after export.
2024-12-24 15:51:56,943 [INFO] Dropped table 'orders' after export.
2024-12-24 15:51:56,944 [INFO] Dropped table 'customer' after export.
2024-12-24 15:51:56,956 [INFO] Dropped table 'lineitem' after export.
2024-12-24 15:51:56,958 [INFO] Dropped table 'partsupp' after export.
2024-12-24 15:51:56,959 [INFO] Dropped table 'supplier' after export.
2024-12-24 15:51:56,959 [INFO] === Step 8 ===
2024-12-24 15:51:56,959 [INFO] Generating data with dbgen (sf=3000, children=2000, step=8)...
2024-12-24 15:52:15,392 [INFO] Data generation completed.
2024-12-24 15:52:15,402 [INFO] New tables generated at step 8: {'nation', 'region', 'part', 'orders', 'customer', 'lineitem', 'partsupp', 'supplier'}
2024-12-24 15:52:15,402 [INFO] Exporting table 'nation' to '/home/jeroen/data/gen/sf3000/nation/nation_0000008.parquet'...
2024-12-24 15:52:15,403 [INFO] Successfully exported 'nation' to '/home/jeroen/data/gen/sf3000/nation/nation_0000008.parquet'.
2024-12-24 15:52:15,403 [INFO] Exporting table 'region' to '/home/jeroen/data/gen/sf3000/region/region_0000008.parquet'...
2024-12-24 15:52:15,404 [INFO] Successfully exported 'region' to '/home/jeroen/data/gen/sf3000/region/region_0000008.parquet'.
2024-12-24 15:52:15,404 [INFO] Exporting table 'part' to '/home/jeroen/data/gen/sf3000/part/part_0000008.parquet'...
2024-12-24 15:52:15,692 [INFO] Successfully exported 'part' to '/home/jeroen/data/gen/sf3000/part/part_0000008.parquet'.
2024-12-24 15:52:15,692 [INFO] Exporting table 'orders' to '/home/jeroen/data/gen/sf3000/orders/orders_0000008.parquet'...
2024-12-24 15:52:16,110 [INFO] Successfully exported 'orders' to '/home/jeroen/data/gen/sf3000/orders/orders_0000008.parquet'.
2024-12-24 15:52:16,111 [INFO] Exporting table 'customer' to '/home/jeroen/data/gen/sf3000/customer/customer_0000008.parquet'...
2024-12-24 15:52:16,330 [INFO] Successfully exported 'customer' to '/home/jeroen/data/gen/sf3000/customer/customer_0000008.parquet'.
2024-12-24 15:52:16,330 [INFO] Exporting table 'lineitem' to '/home/jeroen/data/gen/sf3000/lineitem/lineitem_0000008.parquet'...
2024-12-24 15:52:17,344 [INFO] Successfully exported 'lineitem' to '/home/jeroen/data/gen/sf3000/lineitem/lineitem_0000008.parquet'.
2024-12-24 15:52:17,345 [INFO] Exporting table 'partsupp' to '/home/jeroen/data/gen/sf3000/partsupp/partsupp_0000008.parquet'...
2024-12-24 15:52:17,521 [INFO] Successfully exported 'partsupp' to '/home/jeroen/data/gen/sf3000/partsupp/partsupp_0000008.parquet'.
2024-12-24 15:52:17,522 [INFO] Exporting table 'supplier' to '/home/jeroen/data/gen/sf3000/supplier/supplier_0000008.parquet'...
2024-12-24 15:52:17,545 [INFO] Successfully exported 'supplier' to '/home/jeroen/data/gen/sf3000/supplier/supplier_0000008.parquet'.
2024-12-24 15:52:17,545 [INFO] Dropped table 'nation' after export.
2024-12-24 15:52:17,546 [INFO] Dropped table 'region' after export.
2024-12-24 15:52:17,546 [INFO] Dropped table 'part' after export.
2024-12-24 15:52:17,551 [INFO] Dropped table 'orders' after export.
2024-12-24 15:52:17,551 [INFO] Dropped table 'customer' after export.
2024-12-24 15:52:17,560 [INFO] Dropped table 'lineitem' after export.
2024-12-24 15:52:17,562 [INFO] Dropped table 'partsupp' after export.
2024-12-24 15:52:17,562 [INFO] Dropped table 'supplier' after export.
2024-12-24 15:52:17,562 [INFO] === Step 9 ===
2024-12-24 15:52:17,562 [INFO] Generating data with dbgen (sf=3000, children=2000, step=9)...
2024-12-24 15:52:36,940 [INFO] Data generation completed.
2024-12-24 15:52:36,948 [INFO] New tables generated at step 9: {'nation', 'region', 'part', 'orders', 'customer', 'lineitem', 'partsupp', 'supplier'}
2024-12-24 15:52:36,948 [INFO] Exporting table 'nation' to '/home/jeroen/data/gen/sf3000/nation/nation_0000009.parquet'...
2024-12-24 15:52:36,949 [INFO] Successfully exported 'nation' to '/home/jeroen/data/gen/sf3000/nation/nation_0000009.parquet'.
2024-12-24 15:52:36,949 [INFO] Exporting table 'region' to '/home/jeroen/data/gen/sf3000/region/region_0000009.parquet'...
2024-12-24 15:52:36,950 [INFO] Successfully exported 'region' to '/home/jeroen/data/gen/sf3000/region/region_0000009.parquet'.
2024-12-24 15:52:36,951 [INFO] Exporting table 'part' to '/home/jeroen/data/gen/sf3000/part/part_0000009.parquet'...
2024-12-24 15:52:37,234 [INFO] Successfully exported 'part' to '/home/jeroen/data/gen/sf3000/part/part_0000009.parquet'.
2024-12-24 15:52:37,234 [INFO] Exporting table 'orders' to '/home/jeroen/data/gen/sf3000/orders/orders_0000009.parquet'...
2024-12-24 15:52:37,631 [INFO] Successfully exported 'orders' to '/home/jeroen/data/gen/sf3000/orders/orders_0000009.parquet'.
2024-12-24 15:52:37,631 [INFO] Exporting table 'customer' to '/home/jeroen/data/gen/sf3000/customer/customer_0000009.parquet'...
2024-12-24 15:52:37,853 [INFO] Successfully exported 'customer' to '/home/jeroen/data/gen/sf3000/customer/customer_0000009.parquet'.
2024-12-24 15:52:37,853 [INFO] Exporting table 'lineitem' to '/home/jeroen/data/gen/sf3000/lineitem/lineitem_0000009.parquet'...
2024-12-24 15:52:38,865 [INFO] Successfully exported 'lineitem' to '/home/jeroen/data/gen/sf3000/lineitem/lineitem_0000009.parquet'.
2024-12-24 15:52:38,865 [INFO] Exporting table 'partsupp' to '/home/jeroen/data/gen/sf3000/partsupp/partsupp_0000009.parquet'...
2024-12-24 15:52:39,063 [INFO] Successfully exported 'partsupp' to '/home/jeroen/data/gen/sf3000/partsupp/partsupp_0000009.parquet'.
2024-12-24 15:52:39,064 [INFO] Exporting table 'supplier' to '/home/jeroen/data/gen/sf3000/supplier/supplier_0000009.parquet'...
2024-12-24 15:52:39,088 [INFO] Successfully exported 'supplier' to '/home/jeroen/data/gen/sf3000/supplier/supplier_0000009.parquet'.
2024-12-24 15:52:39,089 [INFO] Dropped table 'nation' after export.
2024-12-24 15:52:39,089 [INFO] Dropped table 'region' after export.
2024-12-24 15:52:39,098 [INFO] Dropped table 'part' after export.
2024-12-24 15:52:39,101 [INFO] Dropped table 'orders' after export.
2024-12-24 15:52:39,102 [INFO] Dropped table 'customer' after export.
2024-12-24 15:52:39,110 [INFO] Dropped table 'lineitem' after export.
2024-12-24 15:52:39,112 [INFO] Dropped table 'partsupp' after export.
2024-12-24 15:52:39,113 [INFO] Dropped table 'supplier' after export.
2024-12-24 15:52:39,113 [INFO] === Step 10 ===
2024-12-24 15:52:39,113 [INFO] Generating data with dbgen (sf=3000, children=2000, step=10)...
2024-12-24 15:53:00,415 [INFO] Data generation completed.
2024-12-24 15:53:00,427 [INFO] New tables generated at step 10: {'nation', 'region', 'part', 'orders', 'customer', 'lineitem', 'partsupp', 'supplier'}
2024-12-24 15:53:00,427 [INFO] Exporting table 'nation' to '/home/jeroen/data/gen/sf3000/nation/nation_0000010.parquet'...
2024-12-24 15:53:00,428 [INFO] Successfully exported 'nation' to '/home/jeroen/data/gen/sf3000/nation/nation_0000010.parquet'.
2024-12-24 15:53:00,429 [INFO] Exporting table 'region' to '/home/jeroen/data/gen/sf3000/region/region_0000010.parquet'...
2024-12-24 15:53:00,430 [INFO] Successfully exported 'region' to '/home/jeroen/data/gen/sf3000/region/region_0000010.parquet'.
2024-12-24 15:53:00,430 [INFO] Exporting table 'part' to '/home/jeroen/data/gen/sf3000/part/part_0000010.parquet'...
2024-12-24 15:53:00,716 [INFO] Successfully exported 'part' to '/home/jeroen/data/gen/sf3000/part/part_0000010.parquet'.
2024-12-24 15:53:00,716 [INFO] Exporting table 'orders' to '/home/jeroen/data/gen/sf3000/orders/orders_0000010.parquet'...
2024-12-24 15:53:01,126 [INFO] Successfully exported 'orders' to '/home/jeroen/data/gen/sf3000/orders/orders_0000010.parquet'.
2024-12-24 15:53:01,126 [INFO] Exporting table 'customer' to '/home/jeroen/data/gen/sf3000/customer/customer_0000010.parquet'...
2024-12-24 15:53:01,396 [INFO] Successfully exported 'customer' to '/home/jeroen/data/gen/sf3000/customer/customer_0000010.parquet'.
2024-12-24 15:53:01,397 [INFO] Exporting table 'lineitem' to '/home/jeroen/data/gen/sf3000/lineitem/lineitem_0000010.parquet'...
2024-12-24 15:53:03,451 [INFO] Successfully exported 'lineitem' to '/home/jeroen/data/gen/sf3000/lineitem/lineitem_0000010.parquet'.
2024-12-24 15:53:03,451 [INFO] Exporting table 'partsupp' to '/home/jeroen/data/gen/sf3000/partsupp/partsupp_0000010.parquet'...
2024-12-24 15:53:03,659 [INFO] Successfully exported 'partsupp' to '/home/jeroen/data/gen/sf3000/partsupp/partsupp_0000010.parquet'.
2024-12-24 15:53:03,659 [INFO] Exporting table 'supplier' to '/home/jeroen/data/gen/sf3000/supplier/supplier_0000010.parquet'...
2024-12-24 15:53:03,693 [INFO] Successfully exported 'supplier' to '/home/jeroen/data/gen/sf3000/supplier/supplier_0000010.parquet'.
2024-12-24 15:53:03,693 [INFO] Dropped table 'nation' after export.
2024-12-24 15:53:03,694 [INFO] Dropped table 'region' after export.
2024-12-24 15:53:03,695 [INFO] Dropped table 'part' after export.
2024-12-24 15:53:03,698 [INFO] Dropped table 'orders' after export.
2024-12-24 15:53:03,699 [INFO] Dropped table 'customer' after export.
2024-12-24 15:53:03,710 [INFO] Dropped table 'lineitem' after export.
2024-12-24 15:53:03,714 [INFO] Dropped table 'partsupp' after export.
2024-12-24 15:53:03,714 [INFO] Dropped table 'supplier' after export.
2024-12-24 15:53:03,715 [INFO] === Step 11 ===
2024-12-24 15:53:03,715 [INFO] Generating data with dbgen (sf=3000, children=2000, step=11)...
2024-12-24 15:53:25,573 [INFO] Data generation completed.
2024-12-24 15:53:25,583 [INFO] New tables generated at step 11: {'nation', 'region', 'part', 'orders', 'customer', 'lineitem', 'partsupp', 'supplier'}
2024-12-24 15:53:25,583 [INFO] Exporting table 'nation' to '/home/jeroen/data/gen/sf3000/nation/nation_0000011.parquet'...
2024-12-24 15:53:25,584 [INFO] Successfully exported 'nation' to '/home/jeroen/data/gen/sf3000/nation/nation_0000011.parquet'.
2024-12-24 15:53:25,584 [INFO] Exporting table 'region' to '/home/jeroen/data/gen/sf3000/region/region_0000011.parquet'...
2024-12-24 15:53:25,585 [INFO] Successfully exported 'region' to '/home/jeroen/data/gen/sf3000/region/region_0000011.parquet'.
2024-12-24 15:53:25,585 [INFO] Exporting table 'part' to '/home/jeroen/data/gen/sf3000/part/part_0000011.parquet'...
2024-12-24 15:53:25,822 [INFO] Successfully exported 'part' to '/home/jeroen/data/gen/sf3000/part/part_0000011.parquet'.
2024-12-24 15:53:25,822 [INFO] Exporting table 'orders' to '/home/jeroen/data/gen/sf3000/orders/orders_0000011.parquet'...
2024-12-24 15:53:26,239 [INFO] Successfully exported 'orders' to '/home/jeroen/data/gen/sf3000/orders/orders_0000011.parquet'.
2024-12-24 15:53:26,240 [INFO] Exporting table 'customer' to '/home/jeroen/data/gen/sf3000/customer/customer_0000011.parquet'...
2024-12-24 15:53:26,481 [INFO] Successfully exported 'customer' to '/home/jeroen/data/gen/sf3000/customer/customer_0000011.parquet'.
2024-12-24 15:53:26,481 [INFO] Exporting table 'lineitem' to '/home/jeroen/data/gen/sf3000/lineitem/lineitem_0000011.parquet'...
2024-12-24 15:53:27,789 [INFO] Successfully exported 'lineitem' to '/home/jeroen/data/gen/sf3000/lineitem/lineitem_0000011.parquet'.
2024-12-24 15:53:27,790 [INFO] Exporting table 'partsupp' to '/home/jeroen/data/gen/sf3000/partsupp/partsupp_0000011.parquet'...
2024-12-24 15:53:27,971 [INFO] Successfully exported 'partsupp' to '/home/jeroen/data/gen/sf3000/partsupp/partsupp_0000011.parquet'.
2024-12-24 15:53:27,971 [INFO] Exporting table 'supplier' to '/home/jeroen/data/gen/sf3000/supplier/supplier_0000011.parquet'...
2024-12-24 15:53:27,997 [INFO] Successfully exported 'supplier' to '/home/jeroen/data/gen/sf3000/supplier/supplier_0000011.parquet'.
2024-12-24 15:53:27,998 [INFO] Dropped table 'nation' after export.
2024-12-24 15:53:27,998 [INFO] Dropped table 'region' after export.
2024-12-24 15:53:27,999 [INFO] Dropped table 'part' after export.
2024-12-24 15:53:28,003 [INFO] Dropped table 'orders' after export.
2024-12-24 15:53:28,004 [INFO] Dropped table 'customer' after export.
2024-12-24 15:53:28,013 [INFO] Dropped table 'lineitem' after export.
2024-12-24 15:53:28,021 [INFO] Dropped table 'partsupp' after export.
2024-12-24 15:53:28,022 [INFO] Dropped table 'supplier' after export.
2024-12-24 15:53:28,022 [INFO] === Step 12 ===
2024-12-24 15:53:28,022 [INFO] Generating data with dbgen (sf=3000, children=2000, step=12)...
2024-12-24 15:53:55,669 [INFO] Data generation completed.
2024-12-24 15:53:55,680 [INFO] New tables generated at step 12: {'nation', 'region', 'part', 'orders', 'customer', 'lineitem', 'partsupp', 'supplier'}
2024-12-24 15:53:55,680 [INFO] Exporting table 'nation' to '/home/jeroen/data/gen/sf3000/nation/nation_0000012.parquet'...
2024-12-24 15:53:55,681 [INFO] Successfully exported 'nation' to '/home/jeroen/data/gen/sf3000/nation/nation_0000012.parquet'.
2024-12-24 15:53:55,681 [INFO] Exporting table 'region' to '/home/jeroen/data/gen/sf3000/region/region_0000012.parquet'...
2024-12-24 15:53:55,682 [INFO] Successfully exported 'region' to '/home/jeroen/data/gen/sf3000/region/region_0000012.parquet'.
2024-12-24 15:53:55,682 [INFO] Exporting table 'part' to '/home/jeroen/data/gen/sf3000/part/part_0000012.parquet'...
2024-12-24 15:53:55,960 [INFO] Successfully exported 'part' to '/home/jeroen/data/gen/sf3000/part/part_0000012.parquet'.
2024-12-24 15:53:55,960 [INFO] Exporting table 'orders' to '/home/jeroen/data/gen/sf3000/orders/orders_0000012.parquet'...
2024-12-24 15:53:56,394 [INFO] Successfully exported 'orders' to '/home/jeroen/data/gen/sf3000/orders/orders_0000012.parquet'.
2024-12-24 15:53:56,395 [INFO] Exporting table 'customer' to '/home/jeroen/data/gen/sf3000/customer/customer_0000012.parquet'...
2024-12-24 15:53:56,686 [INFO] Successfully exported 'customer' to '/home/jeroen/data/gen/sf3000/customer/customer_0000012.parquet'.
2024-12-24 15:53:56,687 [INFO] Exporting table 'lineitem' to '/home/jeroen/data/gen/sf3000/lineitem/lineitem_0000012.parquet'...
2024-12-24 15:53:58,081 [INFO] Successfully exported 'lineitem' to '/home/jeroen/data/gen/sf3000/lineitem/lineitem_0000012.parquet'.
2024-12-24 15:53:58,082 [INFO] Exporting table 'partsupp' to '/home/jeroen/data/gen/sf3000/partsupp/partsupp_0000012.parquet'...
2024-12-24 15:53:58,275 [INFO] Successfully exported 'partsupp' to '/home/jeroen/data/gen/sf3000/partsupp/partsupp_0000012.parquet'.
2024-12-24 15:53:58,275 [INFO] Exporting table 'supplier' to '/home/jeroen/data/gen/sf3000/supplier/supplier_0000012.parquet'...
2024-12-24 15:53:58,317 [INFO] Successfully exported 'supplier' to '/home/jeroen/data/gen/sf3000/supplier/supplier_0000012.parquet'.
2024-12-24 15:53:58,318 [INFO] Dropped table 'nation' after export.
2024-12-24 15:53:58,319 [INFO] Dropped table 'region' after export.
2024-12-24 15:53:58,319 [INFO] Dropped table 'part' after export.
2024-12-24 15:53:58,325 [INFO] Dropped table 'orders' after export.
2024-12-24 15:53:58,326 [INFO] Dropped table 'customer' after export.
2024-12-24 15:53:58,344 [INFO] Dropped table 'lineitem' after export.
2024-12-24 15:53:58,352 [INFO] Dropped table 'partsupp' after export.
2024-12-24 15:53:58,353 [INFO] Dropped table 'supplier' after export.
2024-12-24 15:53:58,353 [INFO] === Step 13 ===
2024-12-24 15:53:58,353 [INFO] Generating data with dbgen (sf=3000, children=2000, step=13)...
2024-12-24 15:54:21,132 [INFO] Data generation completed.
2024-12-24 15:54:21,142 [INFO] New tables generated at step 13: {'nation', 'region', 'part', 'orders', 'customer', 'lineitem', 'partsupp', 'supplier'}
2024-12-24 15:54:21,142 [INFO] Exporting table 'nation' to '/home/jeroen/data/gen/sf3000/nation/nation_0000013.parquet'...
2024-12-24 15:54:21,144 [INFO] Successfully exported 'nation' to '/home/jeroen/data/gen/sf3000/nation/nation_0000013.parquet'.
2024-12-24 15:54:21,144 [INFO] Exporting table 'region' to '/home/jeroen/data/gen/sf3000/region/region_0000013.parquet'...
2024-12-24 15:54:21,145 [INFO] Successfully exported 'region' to '/home/jeroen/data/gen/sf3000/region/region_0000013.parquet'.
2024-12-24 15:54:21,145 [INFO] Exporting table 'part' to '/home/jeroen/data/gen/sf3000/part/part_0000013.parquet'...
2024-12-24 15:54:21,404 [INFO] Successfully exported 'part' to '/home/jeroen/data/gen/sf3000/part/part_0000013.parquet'.
2024-12-24 15:54:21,405 [INFO] Exporting table 'orders' to '/home/jeroen/data/gen/sf3000/orders/orders_0000013.parquet'...
2024-12-24 15:54:21,804 [INFO] Successfully exported 'orders' to '/home/jeroen/data/gen/sf3000/orders/orders_0000013.parquet'.
2024-12-24 15:54:21,805 [INFO] Exporting table 'customer' to '/home/jeroen/data/gen/sf3000/customer/customer_0000013.parquet'...
2024-12-24 15:54:22,027 [INFO] Successfully exported 'customer' to '/home/jeroen/data/gen/sf3000/customer/customer_0000013.parquet'.
2024-12-24 15:54:22,027 [INFO] Exporting table 'lineitem' to '/home/jeroen/data/gen/sf3000/lineitem/lineitem_0000013.parquet'...
2024-12-24 15:54:23,172 [INFO] Successfully exported 'lineitem' to '/home/jeroen/data/gen/sf3000/lineitem/lineitem_0000013.parquet'.
2024-12-24 15:54:23,172 [INFO] Exporting table 'partsupp' to '/home/jeroen/data/gen/sf3000/partsupp/partsupp_0000013.parquet'...
2024-12-24 15:54:23,367 [INFO] Successfully exported 'partsupp' to '/home/jeroen/data/gen/sf3000/partsupp/partsupp_0000013.parquet'.
2024-12-24 15:54:23,367 [INFO] Exporting table 'supplier' to '/home/jeroen/data/gen/sf3000/supplier/supplier_0000013.parquet'...
2024-12-24 15:54:23,391 [INFO] Successfully exported 'supplier' to '/home/jeroen/data/gen/sf3000/supplier/supplier_0000013.parquet'.
2024-12-24 15:54:23,392 [INFO] Dropped table 'nation' after export.
2024-12-24 15:54:23,393 [INFO] Dropped table 'region' after export.
2024-12-24 15:54:23,393 [INFO] Dropped table 'part' after export.
2024-12-24 15:54:23,397 [INFO] Dropped table 'orders' after export.
2024-12-24 15:54:23,398 [INFO] Dropped table 'customer' after export.
2024-12-24 15:54:23,407 [INFO] Dropped table 'lineitem' after export.
2024-12-24 15:54:23,414 [INFO] Dropped table 'partsupp' after export.
2024-12-24 15:54:23,415 [INFO] Dropped table 'supplier' after export.
2024-12-24 15:54:23,415 [INFO] === Step 14 ===
2024-12-24 15:54:23,415 [INFO] Generating data with dbgen (sf=3000, children=2000, step=14)...
2024-12-24 15:54:42,394 [INFO] Data generation completed.
2024-12-24 15:54:42,405 [INFO] New tables generated at step 14: {'nation', 'region', 'part', 'orders', 'customer', 'lineitem', 'partsupp', 'supplier'}
2024-12-24 15:54:42,405 [INFO] Exporting table 'nation' to '/home/jeroen/data/gen/sf3000/nation/nation_0000014.parquet'...
2024-12-24 15:54:42,406 [INFO] Successfully exported 'nation' to '/home/jeroen/data/gen/sf3000/nation/nation_0000014.parquet'.
2024-12-24 15:54:42,406 [INFO] Exporting table 'region' to '/home/jeroen/data/gen/sf3000/region/region_0000014.parquet'...
2024-12-24 15:54:42,407 [INFO] Successfully exported 'region' to '/home/jeroen/data/gen/sf3000/region/region_0000014.parquet'.
2024-12-24 15:54:42,407 [INFO] Exporting table 'part' to '/home/jeroen/data/gen/sf3000/part/part_0000014.parquet'...
2024-12-24 15:54:42,668 [INFO] Successfully exported 'part' to '/home/jeroen/data/gen/sf3000/part/part_0000014.parquet'.
2024-12-24 15:54:42,669 [INFO] Exporting table 'orders' to '/home/jeroen/data/gen/sf3000/orders/orders_0000014.parquet'...
2024-12-24 15:54:43,072 [INFO] Successfully exported 'orders' to '/home/jeroen/data/gen/sf3000/orders/orders_0000014.parquet'.
2024-12-24 15:54:43,072 [INFO] Exporting table 'customer' to '/home/jeroen/data/gen/sf3000/customer/customer_0000014.parquet'...
2024-12-24 15:54:43,301 [INFO] Successfully exported 'customer' to '/home/jeroen/data/gen/sf3000/customer/customer_0000014.parquet'.
2024-12-24 15:54:43,302 [INFO] Exporting table 'lineitem' to '/home/jeroen/data/gen/sf3000/lineitem/lineitem_0000014.parquet'...
2024-12-24 15:54:44,529 [INFO] Successfully exported 'lineitem' to '/home/jeroen/data/gen/sf3000/lineitem/lineitem_0000014.parquet'.
2024-12-24 15:54:44,530 [INFO] Exporting table 'partsupp' to '/home/jeroen/data/gen/sf3000/partsupp/partsupp_0000014.parquet'...
2024-12-24 15:54:44,728 [INFO] Successfully exported 'partsupp' to '/home/jeroen/data/gen/sf3000/partsupp/partsupp_0000014.parquet'.
2024-12-24 15:54:44,729 [INFO] Exporting table 'supplier' to '/home/jeroen/data/gen/sf3000/supplier/supplier_0000014.parquet'...
2024-12-24 15:54:44,759 [INFO] Successfully exported 'supplier' to '/home/jeroen/data/gen/sf3000/supplier/supplier_0000014.parquet'.
2024-12-24 15:54:44,759 [INFO] Dropped table 'nation' after export.
2024-12-24 15:54:44,760 [INFO] Dropped table 'region' after export.
2024-12-24 15:54:44,761 [INFO] Dropped table 'part' after export.
2024-12-24 15:54:44,766 [INFO] Dropped table 'orders' after export.
2024-12-24 15:54:44,767 [INFO] Dropped table 'customer' after export.
2024-12-24 15:54:44,776 [INFO] Dropped table 'lineitem' after export.
2024-12-24 15:54:44,778 [INFO] Dropped table 'partsupp' after export.
2024-12-24 15:54:44,778 [INFO] Dropped table 'supplier' after export.
2024-12-24 15:54:44,778 [INFO] === Step 15 ===
2024-12-24 15:54:44,779 [INFO] Generating data with dbgen (sf=3000, children=2000, step=15)...
2024-12-24 15:55:04,651 [INFO] Data generation completed.
2024-12-24 15:55:04,660 [INFO] New tables generated at step 15: {'nation', 'region', 'part', 'orders', 'customer', 'lineitem', 'partsupp', 'supplier'}
2024-12-24 15:55:04,660 [INFO] Exporting table 'nation' to '/home/jeroen/data/gen/sf3000/nation/nation_0000015.parquet'...
2024-12-24 15:55:04,661 [INFO] Successfully exported 'nation' to '/home/jeroen/data/gen/sf3000/nation/nation_0000015.parquet'.
2024-12-24 15:55:04,661 [INFO] Exporting table 'region' to '/home/jeroen/data/gen/sf3000/region/region_0000015.parquet'...
2024-12-24 15:55:04,662 [INFO] Successfully exported 'region' to '/home/jeroen/data/gen/sf3000/region/region_0000015.parquet'.
2024-12-24 15:55:04,662 [INFO] Exporting table 'part' to '/home/jeroen/data/gen/sf3000/part/part_0000015.parquet'...
2024-12-24 15:55:04,931 [INFO] Successfully exported 'part' to '/home/jeroen/data/gen/sf3000/part/part_0000015.parquet'.
2024-12-24 15:55:04,931 [INFO] Exporting table 'orders' to '/home/jeroen/data/gen/sf3000/orders/orders_0000015.parquet'...
2024-12-24 15:55:05,329 [INFO] Successfully exported 'orders' to '/home/jeroen/data/gen/sf3000/orders/orders_0000015.parquet'.
2024-12-24 15:55:05,330 [INFO] Exporting table 'customer' to '/home/jeroen/data/gen/sf3000/customer/customer_0000015.parquet'...
2024-12-24 15:55:05,538 [INFO] Successfully exported 'customer' to '/home/jeroen/data/gen/sf3000/customer/customer_0000015.parquet'.
2024-12-24 15:55:05,538 [INFO] Exporting table 'lineitem' to '/home/jeroen/data/gen/sf3000/lineitem/lineitem_0000015.parquet'...
2024-12-24 15:55:06,503 [INFO] Successfully exported 'lineitem' to '/home/jeroen/data/gen/sf3000/lineitem/lineitem_0000015.parquet'.
2024-12-24 15:55:06,503 [INFO] Exporting table 'partsupp' to '/home/jeroen/data/gen/sf3000/partsupp/partsupp_0000015.parquet'...
2024-12-24 15:55:06,680 [INFO] Successfully exported 'partsupp' to '/home/jeroen/data/gen/sf3000/partsupp/partsupp_0000015.parquet'.
2024-12-24 15:55:06,680 [INFO] Exporting table 'supplier' to '/home/jeroen/data/gen/sf3000/supplier/supplier_0000015.parquet'...
2024-12-24 15:55:06,705 [INFO] Successfully exported 'supplier' to '/home/jeroen/data/gen/sf3000/supplier/supplier_0000015.parquet'.
2024-12-24 15:55:06,705 [INFO] Dropped table 'nation' after export.
2024-12-24 15:55:06,706 [INFO] Dropped table 'region' after export.
2024-12-24 15:55:06,709 [INFO] Dropped table 'part' after export.
2024-12-24 15:55:06,711 [INFO] Dropped table 'orders' after export.
2024-12-24 15:55:06,712 [INFO] Dropped table 'customer' after export.
2024-12-24 15:55:06,727 [INFO] Dropped table 'lineitem' after export.
2024-12-24 15:55:06,730 [INFO] Dropped table 'partsupp' after export.
2024-12-24 15:55:06,730 [INFO] Dropped table 'supplier' after export.
2024-12-24 15:55:06,730 [INFO] === Step 16 ===
2024-12-24 15:55:06,730 [INFO] Generating data with dbgen (sf=3000, children=2000, step=16)...
2024-12-24 15:55:24,932 [INFO] Data generation completed.
2024-12-24 15:55:24,943 [INFO] New tables generated at step 16: {'nation', 'region', 'part', 'orders', 'customer', 'lineitem', 'partsupp', 'supplier'}
2024-12-24 15:55:24,943 [INFO] Exporting table 'nation' to '/home/jeroen/data/gen/sf3000/nation/nation_0000016.parquet'...
2024-12-24 15:55:24,944 [INFO] Successfully exported 'nation' to '/home/jeroen/data/gen/sf3000/nation/nation_0000016.parquet'.
2024-12-24 15:55:24,944 [INFO] Exporting table 'region' to '/home/jeroen/data/gen/sf3000/region/region_0000016.parquet'...
2024-12-24 15:55:24,945 [INFO] Successfully exported 'region' to '/home/jeroen/data/gen/sf3000/region/region_0000016.parquet'.
2024-12-24 15:55:24,946 [INFO] Exporting table 'part' to '/home/jeroen/data/gen/sf3000/part/part_0000016.parquet'...
2024-12-24 15:55:25,200 [INFO] Successfully exported 'part' to '/home/jeroen/data/gen/sf3000/part/part_0000016.parquet'.
2024-12-24 15:55:25,201 [INFO] Exporting table 'orders' to '/home/jeroen/data/gen/sf3000/orders/orders_0000016.parquet'...
2024-12-24 15:55:25,608 [INFO] Successfully exported 'orders' to '/home/jeroen/data/gen/sf3000/orders/orders_0000016.parquet'.
2024-12-24 15:55:25,608 [INFO] Exporting table 'customer' to '/home/jeroen/data/gen/sf3000/customer/customer_0000016.parquet'...
2024-12-24 15:55:25,820 [INFO] Successfully exported 'customer' to '/home/jeroen/data/gen/sf3000/customer/customer_0000016.parquet'.
2024-12-24 15:55:25,820 [INFO] Exporting table 'lineitem' to '/home/jeroen/data/gen/sf3000/lineitem/lineitem_0000016.parquet'...
2024-12-24 15:55:26,944 [INFO] Successfully exported 'lineitem' to '/home/jeroen/data/gen/sf3000/lineitem/lineitem_0000016.parquet'.
2024-12-24 15:55:26,944 [INFO] Exporting table 'partsupp' to '/home/jeroen/data/gen/sf3000/partsupp/partsupp_0000016.parquet'...
2024-12-24 15:55:27,118 [INFO] Successfully exported 'partsupp' to '/home/jeroen/data/gen/sf3000/partsupp/partsupp_0000016.parquet'.
2024-12-24 15:55:27,118 [INFO] Exporting table 'supplier' to '/home/jeroen/data/gen/sf3000/supplier/supplier_0000016.parquet'...
2024-12-24 15:55:27,148 [INFO] Successfully exported 'supplier' to '/home/jeroen/data/gen/sf3000/supplier/supplier_0000016.parquet'.
2024-12-24 15:55:27,149 [INFO] Dropped table 'nation' after export.
2024-12-24 15:55:27,149 [INFO] Dropped table 'region' after export.
2024-12-24 15:55:27,151 [INFO] Dropped table 'part' after export.
2024-12-24 15:55:27,153 [INFO] Dropped table 'orders' after export.
2024-12-24 15:55:27,156 [INFO] Dropped table 'customer' after export.
2024-12-24 15:55:27,167 [INFO] Dropped table 'lineitem' after export.
2024-12-24 15:55:27,169 [INFO] Dropped table 'partsupp' after export.
2024-12-24 15:55:27,175 [INFO] Dropped table 'supplier' after export.
2024-12-24 15:55:27,176 [INFO] === Step 17 ===
2024-12-24 15:55:27,176 [INFO] Generating data with dbgen (sf=3000, children=2000, step=17)...
2024-12-24 15:55:46,059 [INFO] Data generation completed.
2024-12-24 15:55:46,072 [INFO] New tables generated at step 17: {'nation', 'region', 'part', 'orders', 'customer', 'lineitem', 'partsupp', 'supplier'}
2024-12-24 15:55:46,072 [INFO] Exporting table 'nation' to '/home/jeroen/data/gen/sf3000/nation/nation_0000017.parquet'...
2024-12-24 15:55:46,073 [INFO] Successfully exported 'nation' to '/home/jeroen/data/gen/sf3000/nation/nation_0000017.parquet'.
2024-12-24 15:55:46,073 [INFO] Exporting table 'region' to '/home/jeroen/data/gen/sf3000/region/region_0000017.parquet'...
2024-12-24 15:55:46,075 [INFO] Successfully exported 'region' to '/home/jeroen/data/gen/sf3000/region/region_0000017.parquet'.
2024-12-24 15:55:46,075 [INFO] Exporting table 'part' to '/home/jeroen/data/gen/sf3000/part/part_0000017.parquet'...
2024-12-24 15:55:46,349 [INFO] Successfully exported 'part' to '/home/jeroen/data/gen/sf3000/part/part_0000017.parquet'.
2024-12-24 15:55:46,349 [INFO] Exporting table 'orders' to '/home/jeroen/data/gen/sf3000/orders/orders_0000017.parquet'...
2024-12-24 15:55:46,768 [INFO] Successfully exported 'orders' to '/home/jeroen/data/gen/sf3000/orders/orders_0000017.parquet'.
2024-12-24 15:55:46,769 [INFO] Exporting table 'customer' to '/home/jeroen/data/gen/sf3000/customer/customer_0000017.parquet'...
2024-12-24 15:55:47,025 [INFO] Successfully exported 'customer' to '/home/jeroen/data/gen/sf3000/customer/customer_0000017.parquet'.
2024-12-24 15:55:47,025 [INFO] Exporting table 'lineitem' to '/home/jeroen/data/gen/sf3000/lineitem/lineitem_0000017.parquet'...
2024-12-24 15:55:48,116 [INFO] Successfully exported 'lineitem' to '/home/jeroen/data/gen/sf3000/lineitem/lineitem_0000017.parquet'.
2024-12-24 15:55:48,116 [INFO] Exporting table 'partsupp' to '/home/jeroen/data/gen/sf3000/partsupp/partsupp_0000017.parquet'...
2024-12-24 15:55:48,277 [INFO] Successfully exported 'partsupp' to '/home/jeroen/data/gen/sf3000/partsupp/partsupp_0000017.parquet'.
2024-12-24 15:55:48,277 [INFO] Exporting table 'supplier' to '/home/jeroen/data/gen/sf3000/supplier/supplier_0000017.parquet'...
2024-12-24 15:55:48,302 [INFO] Successfully exported 'supplier' to '/home/jeroen/data/gen/sf3000/supplier/supplier_0000017.parquet'.
2024-12-24 15:55:48,302 [INFO] Dropped table 'nation' after export.
2024-12-24 15:55:48,303 [INFO] Dropped table 'region' after export.
2024-12-24 15:55:48,303 [INFO] Dropped table 'part' after export.
2024-12-24 15:55:48,305 [INFO] Dropped table 'orders' after export.
2024-12-24 15:55:48,306 [INFO] Dropped table 'customer' after export.
2024-12-24 15:55:48,317 [INFO] Dropped table 'lineitem' after export.
2024-12-24 15:55:48,320 [INFO] Dropped table 'partsupp' after export.
2024-12-24 15:55:48,320 [INFO] Dropped table 'supplier' after export.
2024-12-24 15:55:48,320 [INFO] === Step 18 ===
2024-12-24 15:55:48,320 [INFO] Generating data with dbgen (sf=3000, children=2000, step=18)...
2024-12-24 15:56:06,619 [INFO] Data generation completed.
2024-12-24 15:56:06,630 [INFO] New tables generated at step 18: {'nation', 'region', 'part', 'orders', 'customer', 'lineitem', 'partsupp', 'supplier'}
2024-12-24 15:56:06,630 [INFO] Exporting table 'nation' to '/home/jeroen/data/gen/sf3000/nation/nation_0000018.parquet'...
2024-12-24 15:56:06,632 [INFO] Successfully exported 'nation' to '/home/jeroen/data/gen/sf3000/nation/nation_0000018.parquet'.
2024-12-24 15:56:06,632 [INFO] Exporting table 'region' to '/home/jeroen/data/gen/sf3000/region/region_0000018.parquet'...
2024-12-24 15:56:06,632 [INFO] Successfully exported 'region' to '/home/jeroen/data/gen/sf3000/region/region_0000018.parquet'.
2024-12-24 15:56:06,633 [INFO] Exporting table 'part' to '/home/jeroen/data/gen/sf3000/part/part_0000018.parquet'...
2024-12-24 15:56:06,909 [INFO] Successfully exported 'part' to '/home/jeroen/data/gen/sf3000/part/part_0000018.parquet'.
2024-12-24 15:56:06,909 [INFO] Exporting table 'orders' to '/home/jeroen/data/gen/sf3000/orders/orders_0000018.parquet'...
2024-12-24 15:56:07,292 [INFO] Successfully exported 'orders' to '/home/jeroen/data/gen/sf3000/orders/orders_0000018.parquet'.
2024-12-24 15:56:07,292 [INFO] Exporting table 'customer' to '/home/jeroen/data/gen/sf3000/customer/customer_0000018.parquet'...
2024-12-24 15:56:07,511 [INFO] Successfully exported 'customer' to '/home/jeroen/data/gen/sf3000/customer/customer_0000018.parquet'.
2024-12-24 15:56:07,512 [INFO] Exporting table 'lineitem' to '/home/jeroen/data/gen/sf3000/lineitem/lineitem_0000018.parquet'...
2024-12-24 15:56:08,534 [INFO] Successfully exported 'lineitem' to '/home/jeroen/data/gen/sf3000/lineitem/lineitem_0000018.parquet'.
2024-12-24 15:56:08,534 [INFO] Exporting table 'partsupp' to '/home/jeroen/data/gen/sf3000/partsupp/partsupp_0000018.parquet'...
2024-12-24 15:56:08,727 [INFO] Successfully exported 'partsupp' to '/home/jeroen/data/gen/sf3000/partsupp/partsupp_0000018.parquet'.
2024-12-24 15:56:08,728 [INFO] Exporting table 'supplier' to '/home/jeroen/data/gen/sf3000/supplier/supplier_0000018.parquet'...
2024-12-24 15:56:08,758 [INFO] Successfully exported 'supplier' to '/home/jeroen/data/gen/sf3000/supplier/supplier_0000018.parquet'.
2024-12-24 15:56:08,758 [INFO] Dropped table 'nation' after export.
2024-12-24 15:56:08,759 [INFO] Dropped table 'region' after export.
2024-12-24 15:56:08,760 [INFO] Dropped table 'part' after export.
2024-12-24 15:56:08,763 [INFO] Dropped table 'orders' after export.
2024-12-24 15:56:08,764 [INFO] Dropped table 'customer' after export.
2024-12-24 15:56:08,779 [INFO] Dropped table 'lineitem' after export.
2024-12-24 15:56:08,790 [INFO] Dropped table 'partsupp' after export.
2024-12-24 15:56:08,791 [INFO] Dropped table 'supplier' after export.
2024-12-24 15:56:08,791 [INFO] === Step 19 ===
2024-12-24 15:56:08,791 [INFO] Generating data with dbgen (sf=3000, children=2000, step=19)...
2024-12-24 15:56:27,358 [INFO] Data generation completed.
2024-12-24 15:56:27,369 [INFO] New tables generated at step 19: {'nation', 'region', 'part', 'orders', 'customer', 'lineitem', 'partsupp', 'supplier'}
2024-12-24 15:56:27,369 [INFO] Exporting table 'nation' to '/home/jeroen/data/gen/sf3000/nation/nation_0000019.parquet'...
2024-12-24 15:56:27,370 [INFO] Successfully exported 'nation' to '/home/jeroen/data/gen/sf3000/nation/nation_0000019.parquet'.
2024-12-24 15:56:27,370 [INFO] Exporting table 'region' to '/home/jeroen/data/gen/sf3000/region/region_0000019.parquet'...
2024-12-24 15:56:27,371 [INFO] Successfully exported 'region' to '/home/jeroen/data/gen/sf3000/region/region_0000019.parquet'.
2024-12-24 15:56:27,371 [INFO] Exporting table 'part' to '/home/jeroen/data/gen/sf3000/part/part_0000019.parquet'...
2024-12-24 15:56:27,661 [INFO] Successfully exported 'part' to '/home/jeroen/data/gen/sf3000/part/part_0000019.parquet'.
2024-12-24 15:56:27,661 [INFO] Exporting table 'orders' to '/home/jeroen/data/gen/sf3000/orders/orders_0000019.parquet'...
2024-12-24 15:56:28,082 [INFO] Successfully exported 'orders' to '/home/jeroen/data/gen/sf3000/orders/orders_0000019.parquet'.
2024-12-24 15:56:28,082 [INFO] Exporting table 'customer' to '/home/jeroen/data/gen/sf3000/customer/customer_0000019.parquet'...
2024-12-24 15:56:28,291 [INFO] Successfully exported 'customer' to '/home/jeroen/data/gen/sf3000/customer/customer_0000019.parquet'.
2024-12-24 15:56:28,291 [INFO] Exporting table 'lineitem' to '/home/jeroen/data/gen/sf3000/lineitem/lineitem_0000019.parquet'...
2024-12-24 15:56:29,332 [INFO] Successfully exported 'lineitem' to '/home/jeroen/data/gen/sf3000/lineitem/lineitem_0000019.parquet'.
2024-12-24 15:56:29,333 [INFO] Exporting table 'partsupp' to '/home/jeroen/data/gen/sf3000/partsupp/partsupp_0000019.parquet'...
2024-12-24 15:56:29,503 [INFO] Successfully exported 'partsupp' to '/home/jeroen/data/gen/sf3000/partsupp/partsupp_0000019.parquet'.
2024-12-24 15:56:29,503 [INFO] Exporting table 'supplier' to '/home/jeroen/data/gen/sf3000/supplier/supplier_0000019.parquet'...
2024-12-24 15:56:29,530 [INFO] Successfully exported 'supplier' to '/home/jeroen/data/gen/sf3000/supplier/supplier_0000019.parquet'.
2024-12-24 15:56:29,531 [INFO] Dropped table 'nation' after export.
2024-12-24 15:56:29,531 [INFO] Dropped table 'region' after export.
2024-12-24 15:56:29,532 [INFO] Dropped table 'part' after export.
2024-12-24 15:56:29,534 [INFO] Dropped table 'orders' after export.
2024-12-24 15:56:29,536 [INFO] Dropped table 'customer' after export.
2024-12-24 15:56:29,547 [INFO] Dropped table 'lineitem' after export.
2024-12-24 15:56:29,555 [INFO] Dropped table 'partsupp' after export.
2024-12-24 15:56:29,556 [INFO] Dropped table 'supplier' after export.
2024-12-24 15:56:29,556 [INFO] === Step 20 ===
2024-12-24 15:56:29,556 [INFO] Generating data with dbgen (sf=3000, children=2000, step=20)...
2024-12-24 15:56:48,060 [INFO] Data generation completed.
2024-12-24 15:56:48,071 [INFO] New tables generated at step 20: {'nation', 'region', 'part', 'orders', 'customer', 'lineitem', 'partsupp', 'supplier'}
2024-12-24 15:56:48,071 [INFO] Exporting table 'nation' to '/home/jeroen/data/gen/sf3000/nation/nation_0000020.parquet'...
2024-12-24 15:56:48,072 [INFO] Successfully exported 'nation' to '/home/jeroen/data/gen/sf3000/nation/nation_0000020.parquet'.
2024-12-24 15:56:48,072 [INFO] Exporting table 'region' to '/home/jeroen/data/gen/sf3000/region/region_0000020.parquet'...
2024-12-24 15:56:48,073 [INFO] Successfully exported 'region' to '/home/jeroen/data/gen/sf3000/region/region_0000020.parquet'.
2024-12-24 15:56:48,073 [INFO] Exporting table 'part' to '/home/jeroen/data/gen/sf3000/part/part_0000020.parquet'...
2024-12-24 15:56:48,359 [INFO] Successfully exported 'part' to '/home/jeroen/data/gen/sf3000/part/part_0000020.parquet'.
2024-12-24 15:56:48,359 [INFO] Exporting table 'orders' to '/home/jeroen/data/gen/sf3000/orders/orders_0000020.parquet'...
2024-12-24 15:56:48,780 [INFO] Successfully exported 'orders' to '/home/jeroen/data/gen/sf3000/orders/orders_0000020.parquet'.
2024-12-24 15:56:48,781 [INFO] Exporting table 'customer' to '/home/jeroen/data/gen/sf3000/customer/customer_0000020.parquet'...
2024-12-24 15:56:48,999 [INFO] Successfully exported 'customer' to '/home/jeroen/data/gen/sf3000/customer/customer_0000020.parquet'.
2024-12-24 15:56:49,000 [INFO] Exporting table 'lineitem' to '/home/jeroen/data/gen/sf3000/lineitem/lineitem_0000020.parquet'...
2024-12-24 15:56:50,101 [INFO] Successfully exported 'lineitem' to '/home/jeroen/data/gen/sf3000/lineitem/lineitem_0000020.parquet'.
2024-12-24 15:56:50,101 [INFO] Exporting table 'partsupp' to '/home/jeroen/data/gen/sf3000/partsupp/partsupp_0000020.parquet'...
2024-12-24 15:56:50,267 [INFO] Successfully exported 'partsupp' to '/home/jeroen/data/gen/sf3000/partsupp/partsupp_0000020.parquet'.
2024-12-24 15:56:50,267 [INFO] Exporting table 'supplier' to '/home/jeroen/data/gen/sf3000/supplier/supplier_0000020.parquet'...
2024-12-24 15:56:50,291 [INFO] Successfully exported 'supplier' to '/home/jeroen/data/gen/sf3000/supplier/supplier_0000020.parquet'.
2024-12-24 15:56:50,291 [INFO] Dropped table 'nation' after export.
2024-12-24 15:56:50,292 [INFO] Dropped table 'region' after export.
2024-12-24 15:56:50,292 [INFO] Dropped table 'part' after export.
2024-12-24 15:56:50,295 [INFO] Dropped table 'orders' after export.
2024-12-24 15:56:50,296 [INFO] Dropped table 'customer' after export.
2024-12-24 15:56:50,304 [INFO] Dropped table 'lineitem' after export.
2024-12-24 15:56:50,313 [INFO] Dropped table 'partsupp' after export.
2024-12-24 15:56:50,313 [INFO] Dropped table 'supplier' after export.
2024-12-24 15:56:50,313 [INFO] === Step 21 ===
2024-12-24 15:56:50,313 [INFO] Generating data with dbgen (sf=3000, children=2000, step=21)...
2024-12-24 15:57:08,455 [INFO] Data generation completed.
2024-12-24 15:57:08,468 [INFO] New tables generated at step 21: {'nation', 'region', 'part', 'orders', 'customer', 'lineitem', 'partsupp', 'supplier'}
2024-12-24 15:57:08,468 [INFO] Exporting table 'nation' to '/home/jeroen/data/gen/sf3000/nation/nation_0000021.parquet'...
2024-12-24 15:57:08,469 [INFO] Successfully exported 'nation' to '/home/jeroen/data/gen/sf3000/nation/nation_0000021.parquet'.
2024-12-24 15:57:08,470 [INFO] Exporting table 'region' to '/home/jeroen/data/gen/sf3000/region/region_0000021.parquet'...
2024-12-24 15:57:08,470 [INFO] Successfully exported 'region' to '/home/jeroen/data/gen/sf3000/region/region_0000021.parquet'.
2024-12-24 15:57:08,470 [INFO] Exporting table 'part' to '/home/jeroen/data/gen/sf3000/part/part_0000021.parquet'...
2024-12-24 15:57:08,774 [INFO] Successfully exported 'part' to '/home/jeroen/data/gen/sf3000/part/part_0000021.parquet'.
2024-12-24 15:57:08,774 [INFO] Exporting table 'orders' to '/home/jeroen/data/gen/sf3000/orders/orders_0000021.parquet'...
2024-12-24 15:57:09,173 [INFO] Successfully exported 'orders' to '/home/jeroen/data/gen/sf3000/orders/orders_0000021.parquet'.
2024-12-24 15:57:09,173 [INFO] Exporting table 'customer' to '/home/jeroen/data/gen/sf3000/customer/customer_0000021.parquet'...
2024-12-24 15:57:09,394 [INFO] Successfully exported 'customer' to '/home/jeroen/data/gen/sf3000/customer/customer_0000021.parquet'.
2024-12-24 15:57:09,394 [INFO] Exporting table 'lineitem' to '/home/jeroen/data/gen/sf3000/lineitem/lineitem_0000021.parquet'...
2024-12-24 15:57:10,647 [INFO] Successfully exported 'lineitem' to '/home/jeroen/data/gen/sf3000/lineitem/lineitem_0000021.parquet'.
2024-12-24 15:57:10,647 [INFO] Exporting table 'partsupp' to '/home/jeroen/data/gen/sf3000/partsupp/partsupp_0000021.parquet'...
2024-12-24 15:57:10,829 [INFO] Successfully exported 'partsupp' to '/home/jeroen/data/gen/sf3000/partsupp/partsupp_0000021.parquet'.
2024-12-24 15:57:10,829 [INFO] Exporting table 'supplier' to '/home/jeroen/data/gen/sf3000/supplier/supplier_0000021.parquet'...
2024-12-24 15:57:10,855 [INFO] Successfully exported 'supplier' to '/home/jeroen/data/gen/sf3000/supplier/supplier_0000021.parquet'.
2024-12-24 15:57:10,856 [INFO] Dropped table 'nation' after export.
2024-12-24 15:57:10,857 [INFO] Dropped table 'region' after export.
2024-12-24 15:57:10,857 [INFO] Dropped table 'part' after export.
2024-12-24 15:57:10,862 [INFO] Dropped table 'orders' after export.
2024-12-24 15:57:10,863 [INFO] Dropped table 'customer' after export.
2024-12-24 15:57:10,872 [INFO] Dropped table 'lineitem' after export.
2024-12-24 15:57:10,882 [INFO] Dropped table 'partsupp' after export.
2024-12-24 15:57:10,891 [INFO] Dropped table 'supplier' after export.
2024-12-24 15:57:10,891 [INFO] === Step 22 ===
2024-12-24 15:57:10,891 [INFO] Generating data with dbgen (sf=3000, children=2000, step=22)...
